SEDE,FACULTAD,NOMBRE_MUNI_VIVE,PROGRAMA,PROB_RIESGO,DECIL_RIESGO
MEDELLIN,FACULTAD DE INGENIERIA,MEDELLIN,INGENIERIA DE SISTEMAS - REGION,1.0,10
APARTADO,FACULTAD DE INGENIERIA,APARTADO,INGENIERIA CIVIL-APARTADO,0.9999,10
MEDELLIN,FACULTAD DE INGENIERIA,APARTADO,INGENIERIA INDUSTRIAL REGION,0.9999,10
MEDELLIN,FACULTAD DE INGENIERIA,TURBO,INGENIERIA DE SISTEMAS - REGION,0.9999,10
APARTADO,FACULTAD DE INGENIERIA,TURBO,INGENIERIA CIVIL-APARTADO,0.9999,10
CARMENVI,FACULTAD DE CIENCIAS EXACTAS Y NATURALES,LA CEJA,BIOLOGIA - CARMEN DE VIBORAL,0.9998,10
MEDELLIN,FACULTAD DE INGENIERIA,CHIGORODO,INGENIERIA AMBIENTAL REGION,0.9997,10
TURBO,FACULTAD DE CIENCIAS EXACTAS Y NATURALES,TURBO,ECOLOGIA DE ZONAS COSTERAS - TURBO,0.9997,10
MEDELLIN,FACULTAD DE INGENIERIA,TURBO,INGENIERIA DE SISTEMAS - REGION,0.9996,10
MEDELLIN,FACULTAD DE INGENIERIA,MARINILLA,INGENIERIA AMBIENTAL REGION,0.9993,10
MEDELLIN,FACULTAD DE INGENIERIA,CAREPA,INGENIERIA INDUSTRIAL REGION,0.9992,10
MEDELLIN,FACULTAD DE INGENIERIA,APARTADO,INGENIERIA DE TELECOMUNICACIONES REGION,0.9992,10
MEDELLIN,FACULTAD DE INGENIERIA,CHIGORODO,INGENIERIA INDUSTRIAL REGION,0.9991,10
MEDELLIN,FACULTAD DE INGENIERIA,SAN PEDRO DE URABA,INGENIERIA INDUSTRIAL REGION,0.999,10
CAUCASIA,FACULTAD DE CIENCIAS ECONOMICAS,BELLO,ADMINISTRACION DE EMPRESAS - CAUCASIA,0.9989,10
CAREPA,FACULTAD DE INGENIERIA,TURBO,INGENIERIA BIOQUIMICA-URABA,0.9989,10
MEDELLIN,FACULTAD DE INGENIERIA,TURBO,INGENIERIA AMBIENTAL REGION,0.9988,10
TURBO,FACULTAD DE CIENCIAS EXACTAS Y NATURALES,TURBO,ECOLOGIA DE ZONAS COSTERAS - TURBO,0.9985,10
CAREPA,FACULTAD DE INGENIERIA,APARTADO,INGENIERIA BIOQUIMICA-URABA,0.9983,10
CARMENVI,FACULTAD DE CIENCIAS ECONOMICAS,RIONEGRO,DESARROLLO TERRITORIAL- CARMEN DE VIBORAL,0.9983,10
TURBO,FACULTAD DE CIENCIAS ECONOMICAS,TURBO,ADMINISTRACION DE EMPRESAS - TURBO,0.9978,10
MEDELLIN,FACULTAD DE INGENIERIA,SAN JUAN DE URABA,INGENIERIA DE SISTEMAS - REGION,0.9977,10
TURBO,FACULTAD DE INGENIERIA,CHIGORODO,INGENIERIA OCEANOGRAFICA - TURBO,0.9973,10
APARTADO,FACULTAD DE INGENIERIA,TURBO,INGENIERIA SANITARIA-APARTADO,0.9971,10
CARMENVI,FACULTAD DE CIENCIAS ECONOMICAS,RETIRO,DESARROLLO TERRITORIAL- CARMEN DE VIBORAL,0.9969,10
CAREPA,FACULTAD DE INGENIERIA,APARTADO,INGENIERIA BIOQUIMICA-URABA,0.9968,10
CAREPA,FACULTAD DE INGENIERIA,TURBO,INGENIERIA BIOQUIMICA-URABA,0.9961,10
MEDELLIN,FACULTAD DE INGENIERIA,TURBO,INGENIERIA DE SISTEMAS - REGION,0.9961,10
MEDELLIN,FACULTAD DE INGENIERIA,APARTADO,INGENIERIA INDUSTRIAL REGION,0.9961,10
APARTADO,FACULTAD DE INGENIERIA,APARTADO,INGENIERIA SANITARIA-APARTADO,0.9956,10
CAUCASIA,FACULTAD DE CIENCIAS ECONOMICAS,CAUCASIA,ADMINISTRACION DE EMPRESAS - CAUCASIA,0.9945,10
CAREPA,FACULTAD DE CIENCIAS AGRARIAS,CHIGORODO,INGENIERIA AGROPECUARIA-CAREPA,0.9941,10
MEDELLIN,FACULTAD DE INGENIERIA,CAREPA,INGENIERIA INDUSTRIAL REGION,0.9941,10
MEDELLIN,FACULTAD DE INGENIERIA,APARTADO,INGENIERIA INDUSTRIAL REGION,0.994,10
CAUCASIA,FACULTAD DE CIENCIAS ECONOMICAS,CAUCASIA,GESTION EN ECOLOGIA Y TURISMO - CAUCASIA,0.9937,10
CAREPA,FACULTAD DE INGENIERIA,CAREPA,INGENIERIA BIOQUIMICA-URABA,0.9937,10
MEDELLIN,FACULTAD DE INGENIERIA,APARTADO,INGENIERIA DE TELECOMUNICACIONES REGION,0.9936,10
CARMENVI,FACULTAD DE CIENCIAS ECONOMICAS,EL SANTUARIO,DESARROLLO TERRITORIAL- CARMEN DE VIBORAL,0.9914,10
APARTADO,FACULTAD DE INGENIERIA,CHIGORODO,INGENIERIA SANITARIA-APARTADO,0.9911,10
MEDELLIN,FACULTAD DE CIENCIAS AGRARIAS,SEGOVIA,TECNOLOGIA EN GESTION DE INSUMOS AGROPECUARIOS,0.9901,10
MEDELLIN,FACULTAD DE INGENIERIA,DABEIBA,INGENIERIA AMBIENTAL REGION,0.9895,10
MEDELLIN,FACULTAD DE INGENIERIA,SAN PEDRO DE URABA,INGENIERIA DE SISTEMAS - REGION,0.989,10
TURBO,FACULTAD DE CIENCIAS EXACTAS Y NATURALES,TURBO,ECOLOGIA DE ZONAS COSTERAS - TURBO,0.988,10
MEDELLIN,FACULTAD DE INGENIERIA,APARTADO,INGENIERIA AMBIENTAL REGION,0.9876,10
TURBO,FACULTAD DE INGENIERIA,TURBO,INGENIERIA OCEANOGRAFICA - TURBO,0.9873,10
MEDELLIN,FACULTAD DE INGENIERIA,SAN JUAN DE URABA,INGENIERIA AMBIENTAL REGION,0.9872,10
CARMENVI,FACULTAD DE COMUNICACIONES Y FILOLOGIA,RIONEGRO,FILOLOGIA HISPANICA-CARMEN DE VIBORAL,0.9867,10
MEDELLIN,FACULTAD DE INGENIERIA,CAREPA,INGENIERIA DE TELECOMUNICACIONES REGION,0.9866,10
MEDELLIN,FACULTAD DE INGENIERIA,APARTADO,INGENIERIA DE SISTEMAS - REGION,0.9856,10
ANDES,FACULTAD DE EDUCACION,VENECIA,LICENCIATURA EN EDUCACION ESPECIAL - ANDES,0.9853,10
CAUCASIA,FACULTAD DE CIENCIAS AGRARIAS,LA APARTADA,INGENIERIA AGROPECUARIA - CAUCASIA,0.9852,10
CAREPA,FACULTAD DE INGENIERIA,TURBO,INGENIERIA BIOQUIMICA-URABA,0.9852,10
MEDELLIN,FACULTAD DE INGENIERIA,APARTADO,INGENIERIA INDUSTRIAL REGION,0.985,10
TURBO,FACULTAD DE INGENIERIA,NECOCLI,INGENIERIA OCEANOGRAFICA - TURBO,0.9849,10
CAREPA,FACULTAD DE CIENCIAS AGRARIAS,APARTADO,INGENIERIA AGROPECUARIA-CAREPA,0.9849,10
MEDELLIN,FACULTAD DE INGENIERIA,APARTADO,INGENIERIA DE SISTEMAS - REGION,0.9849,10
TURBO,FACULTAD DE CIENCIAS EXACTAS Y NATURALES,APARTADO,ECOLOGIA DE ZONAS COSTERAS - TURBO,0.9848,10
MEDELLIN,FACULTAD DE INGENIERIA,APARTADO,INGENIERIA INDUSTRIAL REGION,0.9847,10
CAREPA,FACULTAD DE INGENIERIA,APARTADO,INGENIERIA AGROINDUSTRIAL-URABA,0.9844,10
MEDELLIN,FACULTAD DE INGENIERIA,NECOCLI,INGENIERIA DE SISTEMAS - REGION,0.984,10
CAUCASIA,FACULTAD DE CIENCIAS EXACTAS Y NATURALES,CAUCASIA,MATEMATICAS - CAUCASIA,0.984,10
APARTADO,FACULTAD DE INGENIERIA,APARTADO,INGENIERIA SANITARIA-APARTADO,0.9827,10
CAREPA,FACULTAD DE CIENCIAS AGRARIAS,CAREPA,INGENIERIA AGROPECUARIA-CAREPA,0.9821,10
MEDELLIN,FACULTAD DE INGENIERIA,APARTADO,INGENIERIA DE SISTEMAS - REGION,0.9821,10
ANDES,FACULTAD DE CIENCIAS AGRARIAS,ANDES,INGENIERIA AGROPECUARIA - ANDES,0.9818,10
APARTADO,FACULTAD DE INGENIERIA,APARTADO,INGENIERIA SANITARIA-APARTADO,0.9814,10
CAUCASIA,FACULTAD DE CIENCIAS EXACTAS Y NATURALES,TARAZA,MATEMATICAS - CAUCASIA,0.9812,10
CAREPA,FACULTAD DE INGENIERIA,APARTADO,INGENIERIA BIOQUIMICA-URABA,0.9811,10
CAUCASIA,FACULTAD DE CIENCIAS EXACTAS Y NATURALES,CAUCASIA,MATEMATICAS - CAUCASIA,0.981,10
MEDELLIN,FACULTAD DE INGENIERIA,CHIGORODO,INGENIERIA DE TELECOMUNICACIONES REGION,0.9808,10
CARMENVI,FACULTAD DE CIENCIAS FARMACEUTICAS Y ALIMENTARIAS,LA CEJA,CIENCIAS CULINARIAS - CARMEN DE VIBORAL,0.9806,10
MEDELLIN,FACULTAD DE INGENIERIA,TURBO,INGENIERIA DE SISTEMAS - REGION,0.9805,10
CARMENVI,FACULTAD DE CIENCIAS AGRARIAS,EL CARMEN DE VIBORAL,INGENIERIA AGROPECUARIA - CARMEN DE VIBORAL,0.9805,10
MEDELLIN,FACULTAD DE INGENIERIA,ACANDI,INGENIERIA DE TELECOMUNICACIONES REGION,0.9804,10
APARTADO,FACULTAD DE INGENIERIA,APARTADO,INGENIERIA CIVIL-APARTADO,0.98,10
CARMENVI,FACULTAD DE CIENCIAS EXACTAS Y NATURALES,RIONEGRO,BIOLOGIA - CARMEN DE VIBORAL,0.9798,10
CAREPA,FACULTAD DE INGENIERIA,APARTADO,INGENIERIA AGROINDUSTRIAL-URABA,0.9792,10
MEDELLIN,FACULTAD DE INGENIERIA,APARTADO,INGENIERIA DE TELECOMUNICACIONES REGION,0.9791,10
SONSON,FACULTAD DE COMUNICACIONES Y FILOLOGIA,BELLO,COMUNICACION SOCIAL - PERIODISMO SONSON,0.9787,10
CAREPA,FACULTAD DE INGENIERIA,NECOCLI,INGENIERIA BIOQUIMICA-URABA,0.9787,10
MEDELLIN,FACULTAD DE INGENIERIA,MEDELLIN,INGENIERIA DE SISTEMAS - REGION,0.9786,10
MEDELLIN,FACULTAD DE INGENIERIA,TURBO,INGENIERIA INDUSTRIAL REGION,0.9785,10
MEDELLIN,FACULTAD DE INGENIERIA,TURBO,INGENIERIA DE SISTEMAS - REGION,0.9783,10
MEDELLIN,FACULTAD DE INGENIERIA,CHIGORODO,INGENIERIA DE SISTEMAS - REGION,0.9776,10
CAUCASIA,INSTITUTO UNIVERSITARIO DE EDUCACION FISICA Y DEPORTES,BUENAVISTA,LICENCIATURA EN EDUCACION FISICA - CAUCASIA,0.9776,10
MEDELLIN,FACULTAD DE INGENIERIA,APARTADO,INGENIERIA DE TELECOMUNICACIONES REGION,0.9775,10
CAUCASIA,FACULTAD DE CIENCIAS EXACTAS Y NATURALES,CAUCASIA,MATEMATICAS - CAUCASIA,0.9772,10
CARMENVI,FACULTAD DE CIENCIAS FARMACEUTICAS Y ALIMENTARIAS,RIONEGRO,INGENIERIA DE ALIMENTOS - CARMEN DE VIBORAL,0.977,10
CAREPA,FACULTAD DE INGENIERIA,APARTADO,INGENIERIA AGROINDUSTRIAL-URABA,0.9763,10
MEDELLIN,FACULTAD DE INGENIERIA,CAREPA,INGENIERIA DE SISTEMAS - REGION,0.9758,10
MEDELLIN,FACULTAD DE INGENIERIA,MONTERIA,INGENIERIA INDUSTRIAL REGION,0.9758,10
MEDELLIN,FACULTAD DE INGENIERIA,APARTADO,INGENIERIA INDUSTRIAL REGION,0.9752,10
MEDELLIN,FACULTAD DE INGENIERIA,APARTADO,INGENIERIA DE SISTEMAS - REGION,0.975,10
CAREPA,FACULTAD DE CIENCIAS AGRARIAS,APARTADO,INGENIERIA AGROPECUARIA-CAREPA,0.9749,10
MEDELLIN,FACULTAD DE CIENCIAS AGRARIAS,ANDES,TECNOLOGIA EN GESTION DE INSUMOS AGROPECUARIOS,0.9744,10
CAREPA,FACULTAD DE INGENIERIA,TURBO,INGENIERIA BIOQUIMICA-URABA,0.9743,10
CAREPA,FACULTAD DE INGENIERIA,EL CARMEN DE VIBORAL,INGENIERIA BIOQUIMICA-URABA,0.9742,10
CAUCASIA,FACULTAD DE CIENCIAS EXACTAS Y NATURALES,CAUCASIA,MATEMATICAS - CAUCASIA,0.9735,10
MEDELLIN,FACULTAD DE INGENIERIA,TURBO,INGENIERIA DE TELECOMUNICACIONES REGION,0.9734,10
MEDELLIN,FACULTAD DE INGENIERIA,APARTADO,INGENIERIA DE TELECOMUNICACIONES REGION,0.9726,10
CARMENVI,FACULTAD DE CIENCIAS ECONOMICAS,SAN FRANCISCO,DESARROLLO TERRITORIAL- CARMEN DE VIBORAL,0.972,10
TURBO,FACULTAD DE INGENIERIA,TURBO,INGENIERIA OCEANOGRAFICA - TURBO,0.9696,10
CAUCASIA,FACULTAD DE CIENCIAS EXACTAS Y NATURALES,LA APARTADA,MATEMATICAS - CAUCASIA,0.9691,10
CAREPA,FACULTAD DE CIENCIAS AGRARIAS,APARTADO,INGENIERIA AGROPECUARIA-CAREPA,0.9689,10
CAREPA,FACULTAD DE INGENIERIA,APARTADO,INGENIERIA BIOQUIMICA-URABA,0.9685,10
CAUCASIA,FACULTAD DE CIENCIAS ECONOMICAS,CAUCASIA,CONTADURIA PUBLICA- CAUCASIA,0.9683,10
CAUCASIA,FACULTAD DE CIENCIAS EXACTAS Y NATURALES,CAUCASIA,MATEMATICAS - CAUCASIA,0.9681,10
MEDELLIN,FACULTAD DE INGENIERIA,APARTADO,INGENIERIA DE TELECOMUNICACIONES REGION,0.9681,10
CAREPA,FACULTAD DE INGENIERIA,APARTADO,INGENIERIA BIOQUIMICA-URABA,0.9677,10
MEDELLIN,FACULTAD DE INGENIERIA,APARTADO,INGENIERIA AMBIENTAL REGION,0.9676,10
MEDELLIN,FACULTAD DE INGENIERIA,TURBO,INGENIERIA DE TELECOMUNICACIONES REGION,0.9668,10
APARTADO,FACULTAD DE INGENIERIA,APARTADO,INGENIERIA CIVIL-APARTADO,0.9666,10
CAREPA,FACULTAD DE INGENIERIA,APARTADO,INGENIERIA AGROINDUSTRIAL-URABA,0.9658,10
TURBO,FACULTAD DE CIENCIAS EXACTAS Y NATURALES,TURBO,OCEANOGRAFIA - TURBO,0.9654,10
APARTADO,FACULTAD DE INGENIERIA,APARTADO,INGENIERIA SANITARIA-APARTADO,0.9653,10
CAREPA,FACULTAD DE INGENIERIA,NECOCLI,INGENIERIA BIOQUIMICA-URABA,0.9649,10
APARTADO,FACULTAD DE INGENIERIA,CAREPA,INGENIERIA SANITARIA-APARTADO,0.9648,10
MEDELLIN,FACULTAD DE INGENIERIA,APARTADO,INGENIERIA INDUSTRIAL REGION,0.9644,10
MEDELLIN,FACULTAD DE INGENIERIA,CHIGORODO,INGENIERIA INDUSTRIAL REGION,0.9644,10
CAUCASIA,FACULTAD DE CIENCIAS EXACTAS Y NATURALES,CAUCASIA,MATEMATICAS - CAUCASIA,0.9638,10
ANDES,ESCUELA DE MICROBIOLOGIA,ANDES,MICROBIOLOGIA INDUSTRIAL Y AMBIENTAL-ANDES,0.9636,10
CAREPA,FACULTAD DE CIENCIAS AGRARIAS,NECOCLI,INGENIERIA AGROPECUARIA-CAREPA,0.9635,10
TURBO,FACULTAD DE INGENIERIA,TURBO,INGENIERIA OCEANOGRAFICA - TURBO,0.9634,10
CAUCASIA,FACULTAD DE CIENCIAS EXACTAS Y NATURALES,MONTELIBANO,MATEMATICAS - CAUCASIA,0.962,10
MEDELLIN,FACULTAD DE INGENIERIA,TURBO,INGENIERIA DE TELECOMUNICACIONES REGION,0.9617,10
MEDELLIN,FACULTAD DE INGENIERIA,CAREPA,INGENIERIA INDUSTRIAL REGION,0.9614,10
CAREPA,FACULTAD DE INGENIERIA,CHIGORODO,INGENIERIA BIOQUIMICA-URABA,0.9613,10
MEDELLIN,FACULTAD DE INGENIERIA,TURBO,INGENIERIA INDUSTRIAL REGION,0.9611,10
CARMENVI,FACULTAD DE CIENCIAS EXACTAS Y NATURALES,EL CARMEN DE VIBORAL,MATEMATICAS - CARMEN DE VIBORAL,0.9601,10
CAREPA,FACULTAD DE CIENCIAS AGRARIAS,ARBOLETES,INGENIERIA AGROPECUARIA-CAREPA,0.96,10
MEDELLIN,FACULTAD DE INGENIERIA,NECOCLI,INGENIERIA DE SISTEMAS - REGION,0.9595,10
MEDELLIN,FACULTAD DE INGENIERIA,SAN PEDRO DE URABA,INGENIERIA INDUSTRIAL REGION,0.9593,10
TURBO,FACULTAD DE INGENIERIA,TURBO,INGENIERIA OCEANOGRAFICA - TURBO,0.9587,10
MEDELLIN,FACULTAD DE INGENIERIA,APARTADO,INGENIERIA DE TELECOMUNICACIONES REGION,0.9586,10
MEDELLIN,FACULTAD DE INGENIERIA,APARTADO,INGENIERIA DE SISTEMAS - REGION,0.9579,10
CARMENVI,FACULTAD DE CIENCIAS ECONOMICAS,EL PENOL,DESARROLLO TERRITORIAL- CARMEN DE VIBORAL,0.9573,10
MEDELLIN,FACULTAD DE INGENIERIA,CHIGORODO,INGENIERIA DE SISTEMAS - REGION,0.9572,10
CAREPA,FACULTAD DE INGENIERIA,APARTADO,INGENIERIA AGROINDUSTRIAL-URABA,0.9556,10
CAREPA,FACULTAD DE INGENIERIA,CAREPA,INGENIERIA BIOQUIMICA-URABA,0.9551,10
APARTADO,FACULTAD DE INGENIERIA,NECOCLI,INGENIERIA SANITARIA-APARTADO,0.9551,10
MEDELLIN,FACULTAD DE INGENIERIA,TURBO,INGENIERIA AMBIENTAL REGION,0.9543,10
MEDELLIN,FACULTAD DE INGENIERIA,TURBO,INGENIERIA AMBIENTAL REGION,0.9542,10
MEDELLIN,FACULTAD DE INGENIERIA,APARTADO,INGENIERIA INDUSTRIAL REGION,0.9541,10
MEDELLIN,FACULTAD DE INGENIERIA,APARTADO,INGENIERIA AMBIENTAL REGION,0.9538,10
MEDELLIN,FACULTAD DE INGENIERIA,TURBO,INGENIERIA DE SISTEMAS - REGION,0.9538,10
MEDELLIN,FACULTAD DE INGENIERIA,NECOCLI,INGENIERIA AMBIENTAL REGION,0.9537,10
APARTADO,FACULTAD DE INGENIERIA,APARTADO,INGENIERIA SANITARIA-APARTADO,0.9531,10
MEDELLIN,FACULTAD DE INGENIERIA,CAREPA,INGENIERIA INDUSTRIAL REGION,0.9526,10
CAREPA,FACULTAD DE INGENIERIA,CAREPA,INGENIERIA BIOQUIMICA-URABA,0.9526,10
CAREPA,FACULTAD DE INGENIERIA,CAREPA,INGENIERIA AGROINDUSTRIAL-URABA,0.9515,10
CAREPA,FACULTAD DE INGENIERIA,CHIGORODO,INGENIERIA BIOQUIMICA-URABA,0.951,10
TURBO,FACULTAD DE CIENCIAS EXACTAS Y NATURALES,TURBO,ECOLOGIA DE ZONAS COSTERAS - TURBO,0.951,10
CAUCASIA,FACULTAD DE DERECHO Y CIENCIAS POLITICAS,EL BAGRE,DERECHO - CAUCASIA,0.951,10
CAREPA,FACULTAD DE INGENIERIA,APARTADO,INGENIERIA BIOQUIMICA-URABA,0.9507,10
APARTADO,FACULTAD DE INGENIERIA,APARTADO,INGENIERIA SANITARIA-APARTADO,0.9507,10
MEDELLIN,FACULTAD DE INGENIERIA,TURBO,INGENIERIA INDUSTRIAL REGION,0.9504,10
CAREPA,FACULTAD DE INGENIERIA,CAREPA,INGENIERIA BIOQUIMICA-URABA,0.9502,10
MEDELLIN,FACULTAD DE INGENIERIA,APARTADO,INGENIERIA DE TELECOMUNICACIONES REGION,0.9501,10
TURBO,FACULTAD DE CIENCIAS FARMACEUTICAS Y ALIMENTARIAS,TURBO,TECNOLOGIA EN REGENCIA DE FARMACIA - TURBO,0.9489,10
CAREPA,FACULTAD DE INGENIERIA,CAREPA,INGENIERIA AGROINDUSTRIAL-URABA,0.9481,10
MEDELLIN,FACULTAD DE INGENIERIA,CHIGORODO,INGENIERIA DE SISTEMAS - REGION,0.948,10
MEDELLIN,FACULTAD DE INGENIERIA,TURBO,INGENIERIA AMBIENTAL REGION,0.9476,10
MEDELLIN,FACULTAD DE INGENIERIA,SAN PEDRO DE URABA,INGENIERIA DE SISTEMAS - REGION,0.9475,10
MEDELLIN,FACULTAD DE INGENIERIA,TURBO,INGENIERIA DE SISTEMAS - REGION,0.9467,10
APARTADO,FACULTAD DE INGENIERIA,APARTADO,INGENIERIA SANITARIA-APARTADO,0.9466,10
MEDELLIN,FACULTAD DE INGENIERIA,CAREPA,INGENIERIA DE SISTEMAS - REGION,0.9462,10
CAREPA,FACULTAD DE INGENIERIA,APARTADO,INGENIERIA BIOQUIMICA-URABA,0.946,10
MEDELLIN,FACULTAD DE INGENIERIA,CAREPA,INGENIERIA DE SISTEMAS - REGION,0.9455,10
CARMENVI,FACULTAD DE CIENCIAS ECONOMICAS,MARINILLA,GESTION EN ECOLOGIA Y TURISMO - CARMEN DE VIBORAL,0.9452,10
MEDELLIN,FACULTAD DE INGENIERIA,APARTADO,INGENIERIA INDUSTRIAL REGION,0.9444,10
CAREPA,FACULTAD DE INGENIERIA,TURBO,INGENIERIA AGROINDUSTRIAL-URABA,0.9442,10
TURBO,FACULTAD DE CIENCIAS EXACTAS Y NATURALES,TURBO,OCEANOGRAFIA - TURBO,0.9437,10
MEDELLIN,FACULTAD DE INGENIERIA,TURBO,INGENIERIA INDUSTRIAL REGION,0.9432,10
CARMENVI,FACULTAD DE CIENCIAS ECONOMICAS,EL CARMEN DE VIBORAL,GESTION EN ECOLOGIA Y TURISMO - CARMEN DE VIBORAL,0.9426,10
CAREPA,FACULTAD DE INGENIERIA,CHIGORODO,INGENIERIA AGROINDUSTRIAL-URABA,0.9424,10
MEDELLIN,FACULTAD DE INGENIERIA,APARTADO,INGENIERIA AMBIENTAL REGION,0.9423,10
MEDELLIN,FACULTAD DE CIENCIAS AGRARIAS,CAUCASIA,TECNOLOGIA EN GESTION DE INSUMOS AGROPECUARIOS,0.9418,10
CARMENVI,FACULTAD DE CIENCIAS AGRARIAS,GUARNE,INGENIERIA AGROPECUARIA - CARMEN DE VIBORAL,0.9416,10
TURBO,FACULTAD DE INGENIERIA,TURBO,INGENIERIA OCEANOGRAFICA - TURBO,0.9416,10
MEDELLIN,FACULTAD DE INGENIERIA,APARTADO,INGENIERIA AMBIENTAL REGION,0.9414,10
CAREPA,FACULTAD DE INGENIERIA,APARTADO,INGENIERIA BIOQUIMICA-URABA,0.9399,10
MEDELLIN,FACULTAD DE INGENIERIA,TURBO,INGENIERIA AMBIENTAL REGION,0.9391,10
CAREPA,FACULTAD DE INGENIERIA,CHIGORODO,INGENIERIA BIOQUIMICA-URABA,0.939,10
MEDELLIN,FACULTAD DE CIENCIAS AGRARIAS,PUERTO BERRIO,TECNOLOGIA EN GESTION DE INSUMOS AGROPECUARIOS,0.9384,10
SEGOVIA,FACULTAD NACIONAL DE SALUD PUBLICA,SEGOVIA,ADMINISTRACION AMBIENTAL Y SANITARIA- SEGOVIA,0.9383,10
MEDELLIN,FACULTAD DE INGENIERIA,SAN PEDRO DE URABA,INGENIERIA DE SISTEMAS - REGION,0.9382,10
CAREPA,FACULTAD DE INGENIERIA,CHIGORODO,INGENIERIA AGROINDUSTRIAL-URABA,0.9376,10
CARMENVI,FACULTAD DE CIENCIAS ECONOMICAS,MEDELLIN,GESTION EN ECOLOGIA Y TURISMO - CARMEN DE VIBORAL,0.9376,10
APARTADO,FACULTAD DE INGENIERIA,TURBO,INGENIERIA CIVIL-APARTADO,0.9374,10
TURBO,FACULTAD DE CIENCIAS EXACTAS Y NATURALES,TURBO,ECOLOGIA DE ZONAS COSTERAS - TURBO,0.9373,10
MEDELLIN,FACULTAD DE INGENIERIA,TURBO,INGENIERIA AMBIENTAL REGION,0.9357,10
CAREPA,FACULTAD DE INGENIERIA,APARTADO,INGENIERIA BIOQUIMICA-URABA,0.9355,10
CAREPA,FACULTAD DE INGENIERIA,CHIGORODO,INGENIERIA BIOQUIMICA-URABA,0.9355,10
MEDELLIN,FACULTAD DE INGENIERIA,APARTADO,INGENIERIA AMBIENTAL REGION,0.9354,10
MEDELLIN,FACULTAD DE INGENIERIA,CHIGORODO,INGENIERIA DE TELECOMUNICACIONES REGION,0.9354,10
SONSON,FACULTAD DE CIENCIAS AGRARIAS,SONSON,INGENIERIA AGROPECUARIA - SONSON,0.9334,10
TURBO,FACULTAD DE CIENCIAS EXACTAS Y NATURALES,TURBO,OCEANOGRAFIA - TURBO,0.9331,10
MEDELLIN,FACULTAD DE INGENIERIA,SAN PEDRO DE URABA,INGENIERIA AMBIENTAL REGION,0.9321,10
CAUCASIA,FACULTAD DE CIENCIAS ECONOMICAS,CACERES,CONTADURIA PUBLICA- CAUCASIA,0.9318,10
CAUCASIA,FACULTAD DE CIENCIAS AGRARIAS,BUENAVISTA,INGENIERIA AGROPECUARIA - CAUCASIA,0.9318,10
CARMENVI,FACULTAD DE CIENCIAS ECONOMICAS,MEDELLIN,ADMINISTRACION DE EMPRESAS - CARMEN DE VIBORAL,0.9311,10
CARMENVI,FACULTAD DE CIENCIAS ECONOMICAS,EL CARMEN DE VIBORAL,DESARROLLO TERRITORIAL- CARMEN DE VIBORAL,0.931,10
APARTADO,FACULTAD DE INGENIERIA,TURBO,INGENIERIA CIVIL-APARTADO,0.9308,10
CAREPA,FACULTAD DE INGENIERIA,APARTADO,INGENIERIA BIOQUIMICA-URABA,0.9308,10
CAREPA,FACULTAD DE INGENIERIA,TURBO,INGENIERIA BIOQUIMICA-URABA,0.9306,10
MEDELLIN,FACULTAD DE INGENIERIA,MEDELLIN,INGENIERIA AMBIENTAL REGION,0.9305,10
MEDELLIN,FACULTAD DE INGENIERIA,APARTADO,INGENIERIA DE SISTEMAS - REGION,0.9305,10
CAREPA,FACULTAD DE CIENCIAS AGRARIAS,TURBO,INGENIERIA AGROPECUARIA-CAREPA,0.9302,10
MEDELLIN,FACULTAD DE INGENIERIA,CAREPA,INGENIERIA INDUSTRIAL REGION,0.93,10
MEDELLIN,FACULTAD DE INGENIERIA,TURBO,INGENIERIA DE SISTEMAS - REGION,0.9297,10
APARTADO,FACULTAD DE INGENIERIA,APARTADO,INGENIERIA SANITARIA-APARTADO,0.9296,10
CAREPA,FACULTAD DE INGENIERIA,CHIGORODO,INGENIERIA AGROINDUSTRIAL-URABA,0.929,10
CARMENVI,FACULTAD DE CIENCIAS AGRARIAS,RIONEGRO,INGENIERIA AGROPECUARIA - CARMEN DE VIBORAL,0.929,10
MEDELLIN,FACULTAD DE INGENIERIA,NECOCLI,INGENIERIA DE TELECOMUNICACIONES REGION,0.9289,10
MEDELLIN,FACULTAD DE INGENIERIA,TURBO,INGENIERIA DE TELECOMUNICACIONES REGION,0.9288,10
MEDELLIN,FACULTAD DE INGENIERIA,CAREPA,INGENIERIA AMBIENTAL REGION,0.9287,10
MEDELLIN,FACULTAD DE INGENIERIA,SAN PEDRO DE URABA,INGENIERIA AMBIENTAL REGION,0.9286,10
MEDELLIN,FACULTAD DE INGENIERIA,APARTADO,INGENIERIA DE SISTEMAS - REGION,0.9278,10
MEDELLIN,FACULTAD DE INGENIERIA,CAREPA,INGENIERIA INDUSTRIAL REGION,0.9272,10
APARTADO,FACULTAD DE ARTES,CHIGORODO,LICENCIATURA EN MUSICA - APARTADO,0.9266,10
CAREPA,FACULTAD DE INGENIERIA,APARTADO,INGENIERIA BIOQUIMICA-URABA,0.9263,10
MEDELLIN,FACULTAD DE INGENIERIA,CHIGORODO,INGENIERIA DE SISTEMAS - REGION,0.9255,10
APARTADO,FACULTAD DE INGENIERIA,CAREPA,INGENIERIA SANITARIA-APARTADO,0.9248,10
APARTADO,FACULTAD DE INGENIERIA,TURBO,INGENIERIA SANITARIA-APARTADO,0.9247,10
MEDELLIN,FACULTAD DE CIENCIAS AGRARIAS,YARUMAL,TECNOLOGIA EN GESTION DE INSUMOS AGROPECUARIOS,0.9244,10
APARTADO,FACULTAD DE INGENIERIA,APARTADO,INGENIERIA CIVIL-APARTADO,0.9242,10
CAREPA,FACULTAD DE INGENIERIA,CAREPA,INGENIERIA AGROINDUSTRIAL-URABA,0.9233,10
CARMENVI,FACULTAD DE CIENCIAS FARMACEUTICAS Y ALIMENTARIAS,EL CARMEN DE VIBORAL,TECNOLOGIA EN REGENCIA DE FARMACIA - CARMEN DE VIBORAL,0.9228,10
TURBO,FACULTAD DE CIENCIAS EXACTAS Y NATURALES,ARBOLETES,OCEANOGRAFIA - TURBO,0.9222,10
MEDELLIN,FACULTAD DE INGENIERIA,SAN JUAN DE URABA,INGENIERIA AMBIENTAL REGION,0.9221,10
TURBO,FACULTAD DE CIENCIAS EXACTAS Y NATURALES,TURBO,ECOLOGIA DE ZONAS COSTERAS - TURBO,0.922,10
MEDELLIN,FACULTAD DE INGENIERIA,APARTADO,INGENIERIA INDUSTRIAL REGION,0.9216,10
CARMENVI,FACULTAD DE CIENCIAS AGRARIAS,LA CEJA,INGENIERIA AGROPECUARIA - CARMEN DE VIBORAL,0.9213,10
APARTADO,FACULTAD DE INGENIERIA,CAREPA,INGENIERIA CIVIL-APARTADO,0.9212,10
MEDELLIN,FACULTAD DE INGENIERIA,APARTADO,INGENIERIA INDUSTRIAL VIRTUAL SEDE MEDELLIN,0.9208,10
APARTADO,FACULTAD DE INGENIERIA,APARTADO,INGENIERIA CIVIL-APARTADO,0.9206,10
MEDELLIN,FACULTAD DE INGENIERIA,APARTADO,INGENIERIA DE SISTEMAS - REGION,0.9201,10
MEDELLIN,FACULTAD DE INGENIERIA,CHIGORODO,INGENIERIA AMBIENTAL REGION,0.9194,10
APARTADO,FACULTAD DE INGENIERIA,CAREPA,INGENIERIA CIVIL-APARTADO,0.9194,10
MEDELLIN,FACULTAD DE CIENCIAS AGRARIAS,CAUCASIA,TECNOLOGIA EN GESTION DE INSUMOS AGROPECUARIOS,0.9192,10
APARTADO,FACULTAD DE INGENIERIA,APARTADO,INGENIERIA CIVIL-APARTADO,0.9189,10
CAREPA,FACULTAD DE INGENIERIA,CAREPA,INGENIERIA AGROINDUSTRIAL-URABA,0.9186,10
MEDELLIN,FACULTAD DE INGENIERIA,APARTADO,INGENIERIA DE SISTEMAS - REGION,0.9184,10
APARTADO,FACULTAD DE CIENCIAS EXACTAS Y NATURALES,CHIGORODO,MATEMATICAS - APARTADO,0.9184,10
APARTADO,FACULTAD DE INGENIERIA,APARTADO,INGENIERIA SANITARIA-APARTADO,0.918,10
MEDELLIN,FACULTAD DE INGENIERIA,TURBO,INGENIERIA DE SISTEMAS - REGION,0.9179,10
CARMENVI,FACULTAD DE CIENCIAS FARMACEUTICAS Y ALIMENTARIAS,MEDELLIN,CIENCIAS CULINARIAS - CARMEN DE VIBORAL,0.9177,10
MEDELLIN,FACULTAD DE INGENIERIA,TURBO,INGENIERIA DE TELECOMUNICACIONES REGION,0.9173,10
MEDELLIN,FACULTAD DE INGENIERIA,APARTADO,INGENIERIA DE SISTEMAS - REGION,0.9172,10
APARTADO,FACULTAD DE INGENIERIA,APARTADO,INGENIERIA SANITARIA-APARTADO,0.916,10
MEDELLIN,FACULTAD DE INGENIERIA,NECOCLI,INGENIERIA AMBIENTAL REGION,0.9155,10
CAREPA,FACULTAD DE INGENIERIA,TURBO,INGENIERIA AGROINDUSTRIAL-URABA,0.9151,10
CAREPA,FACULTAD DE CIENCIAS AGRARIAS,APARTADO,INGENIERIA AGROPECUARIA-CAREPA,0.9149,10
SEGOVIA,INSTITUTO UNIVERSITARIO DE EDUCACION FISICA Y DEPORTES,ZARAGOZA,LICENCIATURA EN EDUCACION FISICA - SEGOVIA,0.9149,10
APARTADO,FACULTAD DE INGENIERIA,APARTADO,INGENIERIA SANITARIA-APARTADO,0.9145,10
MEDELLIN,FACULTAD DE INGENIERIA,NECOCLI,INGENIERIA AMBIENTAL REGION,0.914,10
APARTADO,FACULTAD DE INGENIERIA,APARTADO,INGENIERIA SANITARIA-APARTADO,0.914,10
APARTADO,FACULTAD DE INGENIERIA,TURBO,INGENIERIA CIVIL-APARTADO,0.9131,10
CAREPA,FACULTAD DE INGENIERIA,TURBO,INGENIERIA BIOQUIMICA-URABA,0.913,10
MEDELLIN,FACULTAD DE INGENIERIA,TURBO,INGENIERIA INDUSTRIAL REGION,0.913,10
APARTADO,FACULTAD DE INGENIERIA,TURBO,INGENIERIA CIVIL-APARTADO,0.9126,10
TURBO,FACULTAD DE INGENIERIA,TURBO,INGENIERIA OCEANOGRAFICA - TURBO,0.9125,10
CAREPA,FACULTAD DE INGENIERIA,CHIGORODO,INGENIERIA AGROINDUSTRIAL-URABA,0.9123,10
CAREPA,FACULTAD DE CIENCIAS AGRARIAS,APARTADO,INGENIERIA AGROPECUARIA-CAREPA,0.9117,10
CARMENVI,FACULTAD DE CIENCIAS AGRARIAS,LA CEJA,INGENIERIA AGROPECUARIA - CARMEN DE VIBORAL,0.9115,10
APARTADO,FACULTAD DE INGENIERIA,SAN PEDRO DE URABA,INGENIERIA CIVIL-APARTADO,0.9113,10
TURBO,FACULTAD DE INGENIERIA,TURBO,INGENIERIA OCEANOGRAFICA - TURBO,0.9112,10
MEDELLIN,FACULTAD DE INGENIERIA,TURBO,INGENIERIA AMBIENTAL REGION,0.9111,10
MEDELLIN,FACULTAD DE INGENIERIA,TURBO,INGENIERIA DE TELECOMUNICACIONES REGION,0.911,10
CARMENVI,FACULTAD DE CIENCIAS ECONOMICAS,LA CEJA,DESARROLLO TERRITORIAL- CARMEN DE VIBORAL,0.9102,10
TURBO,FACULTAD DE CIENCIAS EXACTAS Y NATURALES,APARTADO,OCEANOGRAFIA - TURBO,0.91,10
MEDELLIN,FACULTAD DE CIENCIAS AGRARIAS,PUERTO BERRIO,TECNOLOGIA EN GESTION DE INSUMOS AGROPECUARIOS,0.9097,10
MEDELLIN,FACULTAD DE INGENIERIA,NECOCLI,INGENIERIA DE SISTEMAS - REGION,0.9096,10
CAREPA,FACULTAD DE INGENIERIA,TURBO,INGENIERIA BIOQUIMICA-URABA,0.9093,10
APARTADO,FACULTAD DE INGENIERIA,APARTADO,INGENIERIA SANITARIA-APARTADO,0.9092,10
CARMENVI,FACULTAD DE CIENCIAS ECONOMICAS,RIONEGRO,GESTION EN ECOLOGIA Y TURISMO - CARMEN DE VIBORAL,0.9081,10
APARTADO,FACULTAD DE INGENIERIA,APARTADO,INGENIERIA CIVIL-APARTADO,0.9067,10
MEDELLIN,FACULTAD DE INGENIERIA,CAREPA,INGENIERIA INDUSTRIAL REGION,0.9051,10
MEDELLIN,FACULTAD DE INGENIERIA,APARTADO,INGENIERIA INDUSTRIAL REGION,0.9045,10
MEDELLIN,FACULTAD DE INGENIERIA,TURBO,INGENIERIA DE SISTEMAS - REGION,0.9043,10
MEDELLIN,FACULTAD DE INGENIERIA,SAN PEDRO DE URABA,INGENIERIA DE TELECOMUNICACIONES REGION,0.904,10
APARTADO,FACULTAD DE INGENIERIA,CHIGORODO,INGENIERIA SANITARIA-APARTADO,0.9037,10
CARMENVI,FACULTAD DE CIENCIAS EXACTAS Y NATURALES,RIONEGRO,BIOLOGIA - CARMEN DE VIBORAL,0.9029,10
MEDELLIN,FACULTAD DE CIENCIAS AGRARIAS,APARTADO,TECNOLOGIA EN GESTION DE INSUMOS AGROPECUARIOS,0.9028,10
CAREPA,FACULTAD DE INGENIERIA,CAREPA,INGENIERIA AGROINDUSTRIAL-URABA,0.9011,10
CARMENVI,FACULTAD DE CIENCIAS AGRARIAS,LA UNION,INGENIERIA AGROPECUARIA - CARMEN DE VIBORAL,0.9009,10
MEDELLIN,FACULTAD DE INGENIERIA,VALLEDUPAR,INGENIERIA DE SISTEMAS - REGION,0.9007,10
CARMENVI,FACULTAD DE CIENCIAS AGRARIAS,LA CEJA,INGENIERIA AGROPECUARIA - CARMEN DE VIBORAL,0.9001,10
CAREPA,FACULTAD DE INGENIERIA,MUTATA,INGENIERIA AGROINDUSTRIAL-URABA,0.8998,10
CAREPA,FACULTAD DE CIENCIAS AGRARIAS,CAREPA,INGENIERIA AGROPECUARIA-CAREPA,0.8992,10
MEDELLIN,FACULTAD DE INGENIERIA,APARTADO,INGENIERIA AMBIENTAL REGION,0.899,10
MEDELLIN,FACULTAD DE INGENIERIA,APARTADO,INGENIERIA DE SISTEMAS - REGION,0.8988,10
CAREPA,FACULTAD DE CIENCIAS AGRARIAS,NECOCLI,INGENIERIA AGROPECUARIA-CAREPA,0.8985,10
CAREPA,FACULTAD DE INGENIERIA,CAREPA,INGENIERIA BIOQUIMICA-URABA,0.8983,10
CARMENVI,FACULTAD DE ARTES,EL PENOL,LICENCIATURA EN DANZA -CARMEN DE VIBORAL,0.8968,10
SEGOVIA,INSTITUTO UNIVERSITARIO DE EDUCACION FISICA Y DEPORTES,CIUDAD BOLIVAR,LICENCIATURA EN EDUCACION FISICA - SEGOVIA,0.8967,10
CAREPA,FACULTAD DE INGENIERIA,TURBO,INGENIERIA AGROINDUSTRIAL-URABA,0.8964,10
CAREPA,FACULTAD DE INGENIERIA,TURBO,INGENIERIA AGROINDUSTRIAL-URABA,0.8962,10
MEDELLIN,FACULTAD DE INGENIERIA,APARTADO,INGENIERIA INDUSTRIAL REGION,0.8962,10
TURBO,FACULTAD DE INGENIERIA,SINCELEJO,INGENIERIA OCEANOGRAFICA - TURBO,0.8962,10
MEDELLIN,FACULTAD DE CIENCIAS AGRARIAS,MEDELLIN,TECNOLOGIA EN GESTION DE INSUMOS AGROPECUARIOS,0.8959,10
CAREPA,FACULTAD DE CIENCIAS AGRARIAS,CAREPA,INGENIERIA AGROPECUARIA-CAREPA,0.8951,10
MEDELLIN,FACULTAD DE INGENIERIA,MURINDO,INGENIERIA INDUSTRIAL REGION,0.8947,10
MEDELLIN,FACULTAD DE INGENIERIA,NECOCLI,INGENIERIA AMBIENTAL REGION,0.8946,10
APARTADO,FACULTAD DE INGENIERIA,PLANETA RICA,INGENIERIA CIVIL-APARTADO,0.8931,10
CAREPA,FACULTAD DE INGENIERIA,SAN JUAN DE URABA,INGENIERIA AGROINDUSTRIAL-URABA,0.8925,10
MEDELLIN,FACULTAD DE INGENIERIA,APARTADO,INGENIERIA DE SISTEMAS - REGION,0.892,10
TURBO,FACULTAD DE CIENCIAS EXACTAS Y NATURALES,NECOCLI,ECOLOGIA DE ZONAS COSTERAS - TURBO,0.8919,10
APARTADO,FACULTAD DE INGENIERIA,CHIGORODO,INGENIERIA SANITARIA-APARTADO,0.8919,10
APARTADO,FACULTAD DE CIENCIAS EXACTAS Y NATURALES,APARTADO,MATEMATICAS - APARTADO,0.8919,10
APARTADO,FACULTAD DE INGENIERIA,CAREPA,INGENIERIA SANITARIA-APARTADO,0.8912,10
TURBO,FACULTAD DE CIENCIAS EXACTAS Y NATURALES,APARTADO,OCEANOGRAFIA - TURBO,0.8908,10
MEDELLIN,FACULTAD DE INGENIERIA,SAN PEDRO DE URABA,INGENIERIA AMBIENTAL REGION,0.8902,10
CAREPA,FACULTAD DE CIENCIAS EXACTAS Y NATURALES,TURBO,BIOLOGIA- CAREPA,0.8899,10
APARTADO,FACULTAD DE INGENIERIA,TURBO,INGENIERIA CIVIL-APARTADO,0.8899,10
MEDELLIN,FACULTAD DE INGENIERIA,TURBO,INGENIERIA DE SISTEMAS - REGION,0.8898,10
MEDELLIN,FACULTAD DE INGENIERIA,APARTADO,INGENIERIA DE TELECOMUNICACIONES REGION,0.8895,10
APARTADO,FACULTAD DE INGENIERIA,APARTADO,INGENIERIA SANITARIA-APARTADO,0.8893,10
CAREPA,FACULTAD DE CIENCIAS AGRARIAS,APARTADO,INGENIERIA AGROPECUARIA-CAREPA,0.8893,10
MEDELLIN,FACULTAD DE INGENIERIA,CHIGORODO,INGENIERIA DE TELECOMUNICACIONES REGION,0.8882,10
SEGOVIA,INSTITUTO UNIVERSITARIO DE EDUCACION FISICA Y DEPORTES,SEGOVIA,LICENCIATURA EN EDUCACION FISICA - SEGOVIA,0.8881,10
CARMENVI,FACULTAD DE CIENCIAS AGRARIAS,LA CEJA,INGENIERIA AGROPECUARIA - CARMEN DE VIBORAL,0.888,10
MEDELLIN,FACULTAD DE INGENIERIA,APARTADO,INGENIERIA AMBIENTAL REGION,0.8879,10
CAREPA,FACULTAD DE INGENIERIA,CAREPA,INGENIERIA AGROINDUSTRIAL-URABA,0.8872,10
MEDELLIN,FACULTAD DE INGENIERIA,CAREPA,INGENIERIA AMBIENTAL REGION,0.8872,10
CARMENVI,FACULTAD DE CIENCIAS FARMACEUTICAS Y ALIMENTARIAS,MEDELLIN,CIENCIAS CULINARIAS - CARMEN DE VIBORAL,0.8869,10
CAREPA,FACULTAD DE INGENIERIA,APARTADO,INGENIERIA AGROINDUSTRIAL-URABA,0.886,10
MEDELLIN,FACULTAD DE INGENIERIA,CHIGORODO,INGENIERIA DE SISTEMAS - REGION,0.8853,10
CAREPA,FACULTAD DE INGENIERIA,CAREPA,INGENIERIA AGROINDUSTRIAL-URABA,0.8852,10
TURBO,FACULTAD DE CIENCIAS EXACTAS Y NATURALES,BELLO,ECOLOGIA DE ZONAS COSTERAS - TURBO,0.8852,10
TURBO,FACULTAD DE CIENCIAS EXACTAS Y NATURALES,TURBO,ECOLOGIA DE ZONAS COSTERAS - TURBO,0.8848,10
MEDELLIN,FACULTAD DE CIENCIAS AGRARIAS,CAREPA,TECNOLOGIA EN GESTION DE INSUMOS AGROPECUARIOS,0.8834,10
TURBO,FACULTAD DE CIENCIAS EXACTAS Y NATURALES,TURBO,OCEANOGRAFIA - TURBO,0.8833,10
MEDELLIN,FACULTAD DE CIENCIAS AGRARIAS,SALGAR,TECNOLOGIA EN GESTION DE INSUMOS AGROPECUARIOS,0.8831,10
MEDELLIN,FACULTAD DE INGENIERIA,TURBO,INGENIERIA INDUSTRIAL REGION,0.8821,10
TURBO,FACULTAD DE CIENCIAS EXACTAS Y NATURALES,TURBO,ECOLOGIA DE ZONAS COSTERAS - TURBO,0.8818,10
MEDELLIN,FACULTAD DE INGENIERIA,TURBO,INGENIERIA INDUSTRIAL REGION,0.8815,10
CAREPA,FACULTAD DE CIENCIAS AGRARIAS,APARTADO,INGENIERIA AGROPECUARIA-CAREPA,0.8814,10
TURBO,FACULTAD DE INGENIERIA,TURBO,INGENIERIA OCEANOGRAFICA - TURBO,0.88,10
CARMENVI,FACULTAD DE CIENCIAS ECONOMICAS,EL CARMEN DE VIBORAL,DESARROLLO TERRITORIAL- CARMEN DE VIBORAL,0.8795,10
MEDELLIN,FACULTAD DE CIENCIAS AGRARIAS,ITAGUI,TECNOLOGIA EN GESTION DE INSUMOS AGROPECUARIOS,0.879,10
MEDELLIN,FACULTAD DE INGENIERIA,CHIGORODO,INGENIERIA DE SISTEMAS - REGION,0.8783,10
MEDELLIN,FACULTAD DE INGENIERIA,APARTADO,INGENIERIA AMBIENTAL REGION,0.8782,10
CAUCASIA,FACULTAD DE CIENCIAS EXACTAS Y NATURALES,CAUCASIA,BIOLOGIA - CAUCASIA,0.8779,10
MEDELLIN,FACULTAD DE INGENIERIA,APARTADO,INGENIERIA INDUSTRIAL REGION,0.8768,10
APARTADO,FACULTAD DE INGENIERIA,TURBO,INGENIERIA CIVIL-APARTADO,0.8767,10
P-BERRIO,FACULTAD DE CIENCIAS ECONOMICAS,EL CARMEN DE VIBORAL,GESTION EN ECOLOGIA Y TURISMO - PUERTO BERRIO,0.876,10
TURBO,FACULTAD DE CIENCIAS ECONOMICAS,APARTADO,DESARROLLO TERRITORIAL- TURBO,0.8757,10
MEDELLIN,FACULTAD DE INGENIERIA,TURBO,INGENIERIA DE SISTEMAS - REGION,0.8756,10
MEDELLIN,FACULTAD DE INGENIERIA,CHIGORODO,INGENIERIA INDUSTRIAL REGION,0.8755,10
TURBO,FACULTAD DE EDUCACION,TURBO,LICENCIATURA EN EDUCACION INFANTIL-TURBO,0.8749,10
MEDELLIN,FACULTAD DE CIENCIAS AGRARIAS,PUEBLO NUEVO,TECNOLOGIA EN GESTION DE INSUMOS AGROPECUARIOS,0.8735,10
TURBO,FACULTAD DE CIENCIAS ECONOMICAS,DABEIBA,DESARROLLO TERRITORIAL- TURBO,0.8734,10
CARMENVI,FACULTAD DE CIENCIAS EXACTAS Y NATURALES,MARINILLA,BIOLOGIA - CARMEN DE VIBORAL,0.8732,10
MEDELLIN,FACULTAD DE INGENIERIA,TURBO,INGENIERIA INDUSTRIAL REGION,0.873,10
CAREPA,FACULTAD DE INGENIERIA,TURBO,INGENIERIA BIOQUIMICA-URABA,0.8726,10
CAREPA,FACULTAD DE CIENCIAS AGRARIAS,APARTADO,INGENIERIA AGROPECUARIA-CAREPA,0.872,10
MEDELLIN,FACULTAD DE INGENIERIA,SAN PEDRO DE URABA,INGENIERIA AMBIENTAL REGION,0.8719,10
MEDELLIN,FACULTAD DE INGENIERIA,APARTADO,INGENIERIA DE SISTEMAS - REGION,0.8715,10
MEDELLIN,FACULTAD DE INGENIERIA,TURBO,INGENIERIA DE SISTEMAS - REGION,0.871,10
MEDELLIN,FACULTAD DE INGENIERIA,NECOCLI,INGENIERIA DE SISTEMAS - REGION,0.8708,10
CARMENVI,FACULTAD DE CIENCIAS EXACTAS Y NATURALES,RIONEGRO,MATEMATICAS - CARMEN DE VIBORAL,0.8702,10
MEDELLIN,FACULTAD DE INGENIERIA,CHIGORODO,INGENIERIA DE TELECOMUNICACIONES REGION,0.87,10
MEDELLIN,FACULTAD DE CIENCIAS AGRARIAS,BETANIA,TECNOLOGIA EN GESTION DE INSUMOS AGROPECUARIOS,0.8698,10
CAREPA,FACULTAD DE INGENIERIA,CAREPA,INGENIERIA AGROINDUSTRIAL-URABA,0.8694,10
MEDELLIN,FACULTAD DE CIENCIAS AGRARIAS,PUERTO BERRIO,TECNOLOGIA EN GESTION DE INSUMOS AGROPECUARIOS,0.8686,10
CAREPA,FACULTAD DE INGENIERIA,CHIGORODO,INGENIERIA BIOQUIMICA-URABA,0.8684,10
CAREPA,FACULTAD DE INGENIERIA,CHIGORODO,INGENIERIA AGROINDUSTRIAL-URABA,0.8684,10
MEDELLIN,FACULTAD DE CIENCIAS AGRARIAS,YARUMAL,TECNOLOGIA EN GESTION DE INSUMOS AGROPECUARIOS,0.8683,10
CARMENVI,FACULTAD DE EDUCACION,MEDELLIN,LICENCIATURA EN CIENCIAS SOCIALES-CARMEN DE VIBORAL,0.8679,10
MEDELLIN,FACULTAD DE INGENIERIA,MUTATA,INGENIERIA DE SISTEMAS - REGION,0.8674,10
CARMENVI,FACULTAD DE EDUCACION,RIONEGRO,LICENCIATURA EN MATEMATICAS-CARMEN DE VIBORAL,0.8673,10
CAUCASIA,FACULTAD DE CIENCIAS ECONOMICAS,CAUCASIA,ADMINISTRACION DE EMPRESAS - CAUCASIA,0.867,10
CAREPA,FACULTAD DE INGENIERIA,APARTADO,INGENIERIA AGROINDUSTRIAL-URABA,0.8669,10
APARTADO,FACULTAD DE INGENIERIA,CHIGORODO,INGENIERIA CIVIL-APARTADO,0.8668,10
MEDELLIN,FACULTAD DE CIENCIAS AGRARIAS,TARAZA,TECNOLOGIA EN GESTION DE INSUMOS AGROPECUARIOS,0.864,10
MEDELLIN,FACULTAD DE CIENCIAS AGRARIAS,CAUCASIA,TECNOLOGIA EN GESTION DE INSUMOS AGROPECUARIOS,0.8639,10
APARTADO,FACULTAD DE INGENIERIA,DABEIBA,INGENIERIA CIVIL-APARTADO,0.8637,10
MEDELLIN,FACULTAD DE INGENIERIA,APARTADO,INGENIERIA DE SISTEMAS - REGION,0.8633,10
CAREPA,FACULTAD DE INGENIERIA,CHIGORODO,INGENIERIA AGROINDUSTRIAL-URABA,0.8623,10
APARTADO,FACULTAD DE INGENIERIA,APARTADO,INGENIERIA SANITARIA-APARTADO,0.8623,10
MEDELLIN,FACULTAD DE CIENCIAS AGRARIAS,PEQUE,TECNOLOGIA EN GESTION DE INSUMOS AGROPECUARIOS,0.8618,10
MEDELLIN,FACULTAD DE CIENCIAS AGRARIAS,NECHI,TECNOLOGIA EN GESTION DE INSUMOS AGROPECUARIOS,0.8615,10
CAREPA,FACULTAD DE INGENIERIA,CHIGORODO,INGENIERIA BIOQUIMICA-URABA,0.8613,10
CAREPA,FACULTAD DE INGENIERIA,CHIGORODO,INGENIERIA AGROINDUSTRIAL-URABA,0.8608,10
CAREPA,FACULTAD DE INGENIERIA,CAREPA,INGENIERIA AGROINDUSTRIAL-URABA,0.8607,10
CAREPA,FACULTAD DE INGENIERIA,APARTADO,INGENIERIA AGROINDUSTRIAL-URABA,0.8601,10
MEDELLIN,FACULTAD DE INGENIERIA,TURBO,INGENIERIA DE TELECOMUNICACIONES REGION,0.86,10
MEDELLIN,FACULTAD DE INGENIERIA,TURBO,INGENIERIA INDUSTRIAL REGION,0.86,10
CAREPA,FACULTAD DE INGENIERIA,APARTADO,INGENIERIA BIOQUIMICA-URABA,0.8591,10
MEDELLIN,FACULTAD DE INGENIERIA,TURBO,INGENIERIA INDUSTRIAL REGION,0.8586,10
MEDELLIN,FACULTAD DE INGENIERIA,TURBO,INGENIERIA DE SISTEMAS - REGION,0.8585,10
CAREPA,FACULTAD DE INGENIERIA,CHIGORODO,INGENIERIA AGROINDUSTRIAL-URABA,0.8577,10
CAREPA,FACULTAD DE INGENIERIA,APARTADO,INGENIERIA BIOQUIMICA-URABA,0.8576,10
CAREPA,FACULTAD DE INGENIERIA,CAREPA,INGENIERIA AGROINDUSTRIAL-URABA,0.8574,10
TURBO,FACULTAD DE CIENCIAS EXACTAS Y NATURALES,SAN PEDRO DE URABA,ECOLOGIA DE ZONAS COSTERAS - TURBO,0.8574,10
MEDELLIN,FACULTAD DE INGENIERIA,APARTADO,INGENIERIA INDUSTRIAL REGION,0.8571,10
CAREPA,FACULTAD DE INGENIERIA,CAREPA,INGENIERIA AGROINDUSTRIAL-URABA,0.8571,10
MEDELLIN,FACULTAD DE INGENIERIA,CHIGORODO,INGENIERIA AMBIENTAL REGION,0.8564,10
APARTADO,FACULTAD DE INGENIERIA,APARTADO,INGENIERIA SANITARIA-APARTADO,0.856,10
MEDELLIN,FACULTAD DE CIENCIAS AGRARIAS,TARAZA,TECNOLOGIA EN GESTION DE INSUMOS AGROPECUARIOS,0.856,10
APARTADO,FACULTAD DE INGENIERIA,TURBO,INGENIERIA SANITARIA-APARTADO,0.8558,10
CAUCASIA,FACULTAD DE CIENCIAS ECONOMICAS,CAUCASIA,ADMINISTRACION DE EMPRESAS - CAUCASIA,0.8556,10
CARMENVI,FACULTAD DE CIENCIAS AGRARIAS,EL SANTUARIO,INGENIERIA AGROPECUARIA - CARMEN DE VIBORAL,0.8545,10
CAREPA,FACULTAD DE INGENIERIA,CHIGORODO,INGENIERIA BIOQUIMICA-URABA,0.8536,10
CAREPA,FACULTAD DE INGENIERIA,TURBO,INGENIERIA AGROINDUSTRIAL-URABA,0.8534,10
MEDELLIN,FACULTAD DE INGENIERIA,APARTADO,INGENIERIA DE SISTEMAS - REGION,0.8534,10
MEDELLIN,FACULTAD DE INGENIERIA,CHIGORODO,INGENIERIA DE SISTEMAS - REGION,0.8534,10
MEDELLIN,FACULTAD DE INGENIERIA,TURBO,INGENIERIA INDUSTRIAL REGION,0.853,10
APARTADO,FACULTAD DE INGENIERIA,APARTADO,INGENIERIA CIVIL-APARTADO,0.853,10
CAUCASIA,FACULTAD DE CIENCIAS AGRARIAS,CAUCASIA,INGENIERIA AGROPECUARIA - CAUCASIA,0.8521,10
CAREPA,FACULTAD DE INGENIERIA,APARTADO,INGENIERIA BIOQUIMICA-URABA,0.8511,10
CAREPA,FACULTAD DE INGENIERIA,APARTADO,INGENIERIA AGROINDUSTRIAL-URABA,0.8507,10
CAREPA,FACULTAD DE INGENIERIA,APARTADO,INGENIERIA BIOQUIMICA-URABA,0.8505,10
CAREPA,FACULTAD DE INGENIERIA,CHIGORODO,INGENIERIA BIOQUIMICA-URABA,0.8503,10
MEDELLIN,FACULTAD DE INGENIERIA,APARTADO,INGENIERIA INDUSTRIAL REGION,0.8501,10
CARMENVI,FACULTAD DE COMUNICACIONES Y FILOLOGIA,RIONEGRO,FILOLOGIA HISPANICA-CARMEN DE VIBORAL,0.8493,10
CARMENVI,FACULTAD DE CIENCIAS FARMACEUTICAS Y ALIMENTARIAS,RIONEGRO,CIENCIAS CULINARIAS - CARMEN DE VIBORAL,0.849,10
CAREPA,FACULTAD DE INGENIERIA,CAREPA,INGENIERIA BIOQUIMICA-URABA,0.849,10
TURBO,FACULTAD DE INGENIERIA,TURBO,INGENIERIA OCEANOGRAFICA - TURBO,0.849,10
MEDELLIN,FACULTAD DE INGENIERIA,CAREPA,INGENIERIA INDUSTRIAL REGION,0.8489,10
CARMENVI,FACULTAD DE CIENCIAS ECONOMICAS,RIONEGRO,CONTADURIA PUBLICA - CARMEN DE VIBORAL,0.8489,10
MEDELLIN,FACULTAD DE INGENIERIA,NECOCLI,INGENIERIA AMBIENTAL REGION,0.8486,10
CAREPA,FACULTAD DE INGENIERIA,APARTADO,INGENIERIA BIOQUIMICA-URABA,0.8481,10
CAREPA,FACULTAD DE INGENIERIA,APARTADO,INGENIERIA BIOQUIMICA-URABA,0.8479,10
CAREPA,FACULTAD DE INGENIERIA,APARTADO,INGENIERIA BIOQUIMICA-URABA,0.8473,10
MEDELLIN,FACULTAD DE INGENIERIA,APARTADO,INGENIERIA INDUSTRIAL REGION,0.8469,10
MEDELLIN,FACULTAD DE INGENIERIA,CHIGORODO,INGENIERIA INDUSTRIAL REGION,0.8469,10
TURBO,FACULTAD DE CIENCIAS EXACTAS Y NATURALES,TURBO,ECOLOGIA DE ZONAS COSTERAS - TURBO,0.8468,10
MEDELLIN,FACULTAD DE INGENIERIA,APARTADO,INGENIERIA DE SISTEMAS - REGION,0.8467,10
APARTADO,FACULTAD DE INGENIERIA,APARTADO,INGENIERIA CIVIL-APARTADO,0.8463,10
CARMENVI,FACULTAD DE CIENCIAS AGRARIAS,RIONEGRO,INGENIERIA AGROPECUARIA - CARMEN DE VIBORAL,0.8446,10
MEDELLIN,FACULTAD DE CIENCIAS AGRARIAS,ANDES,TECNOLOGIA EN GESTION DE INSUMOS AGROPECUARIOS,0.8443,10
CAREPA,FACULTAD DE INGENIERIA,APARTADO,INGENIERIA AGROINDUSTRIAL-URABA,0.8429,10
CARMENVI,FACULTAD DE CIENCIAS EXACTAS Y NATURALES,RIONEGRO,BIOLOGIA - CARMEN DE VIBORAL,0.8426,10
TURBO,FACULTAD DE CIENCIAS EXACTAS Y NATURALES,APARTADO,ECOLOGIA DE ZONAS COSTERAS - TURBO,0.8425,10
CARMENVI,FACULTAD DE CIENCIAS AGRARIAS,EL CARMEN DE VIBORAL,INGENIERIA AGROPECUARIA - CARMEN DE VIBORAL,0.8424,10
CAUCASIA,FACULTAD DE EDUCACION,MEDELLIN,LICENCIATURA EN EDUCACION INFANTIL - CAUCASIA,0.8421,10
CAREPA,FACULTAD DE INGENIERIA,MONTELIBANO,INGENIERIA AGROINDUSTRIAL-URABA,0.8417,10
MEDELLIN,FACULTAD DE INGENIERIA,DABEIBA,INGENIERIA AMBIENTAL REGION,0.841,10
MEDELLIN,FACULTAD DE CIENCIAS AGRARIAS,TURBO,TECNOLOGIA EN GESTION DE INSUMOS AGROPECUARIOS,0.8408,10
CAREPA,FACULTAD DE CIENCIAS AGRARIAS,APARTADO,INGENIERIA AGROPECUARIA-CAREPA,0.8404,10
CAREPA,FACULTAD DE CIENCIAS AGRARIAS,APARTADO,INGENIERIA AGROPECUARIA-CAREPA,0.8404,10
CAUCASIA,FACULTAD DE CIENCIAS ECONOMICAS,MONTELIBANO,ADMINISTRACION DE EMPRESAS - CAUCASIA,0.8402,10
MEDELLIN,FACULTAD DE INGENIERIA,APARTADO,INGENIERIA AMBIENTAL REGION,0.8397,10
CAUCASIA,FACULTAD DE CIENCIAS EXACTAS Y NATURALES,MEDELLIN,BIOLOGIA - CAUCASIA,0.8395,10
CAUCASIA,INSTITUTO UNIVERSITARIO DE EDUCACION FISICA Y DEPORTES,CAUCASIA,LICENCIATURA EN EDUCACION FISICA - CAUCASIA,0.8394,10
TURBO,FACULTAD DE INGENIERIA,TURBO,INGENIERIA OCEANOGRAFICA - TURBO,0.8392,10
APARTADO,FACULTAD DE INGENIERIA,APARTADO,INGENIERIA SANITARIA-APARTADO,0.8392,10
CARMENVI,FACULTAD DE EDUCACION,RETIRO,LICENCIATURA EN CIENCIAS SOCIALES-CARMEN DE VIBORAL,0.8391,10
MEDELLIN,FACULTAD DE INGENIERIA,APARTADO,INGENIERIA DE SISTEMAS - REGION,0.8388,10
MEDELLIN,FACULTAD DE INGENIERIA,APARTADO,INGENIERIA INDUSTRIAL REGION,0.8383,10
APARTADO,FACULTAD DE INGENIERIA,CAREPA,INGENIERIA CIVIL-APARTADO,0.8377,10
CAUCASIA,FACULTAD DE CIENCIAS ECONOMICAS,CAUCASIA,CONTADURIA PUBLICA- CAUCASIA,0.8367,10
MEDELLIN,FACULTAD DE CIENCIAS AGRARIAS,RIONEGRO,TECNOLOGIA EN GESTION DE INSUMOS AGROPECUARIOS,0.8366,10
CAREPA,FACULTAD DE INGENIERIA,CHIGORODO,INGENIERIA BIOQUIMICA-URABA,0.8365,10
MEDELLIN,FACULTAD DE CIENCIAS AGRARIAS,ITUANGO,TECNOLOGIA EN GESTION DE INSUMOS AGROPECUARIOS,0.8364,10
TURBO,FACULTAD DE CIENCIAS EXACTAS Y NATURALES,NECOCLI,ECOLOGIA DE ZONAS COSTERAS - TURBO,0.8354,10
CAREPA,FACULTAD DE INGENIERIA,CAREPA,INGENIERIA BIOQUIMICA-URABA,0.8345,10
MEDELLIN,FACULTAD DE INGENIERIA,MONTERIA,INGENIERIA AMBIENTAL REGION,0.8344,10
CAREPA,FACULTAD DE INGENIERIA,CHIGORODO,INGENIERIA BIOQUIMICA-URABA,0.8333,10
MEDELLIN,FACULTAD DE INGENIERIA,CHIGORODO,INGENIERIA INDUSTRIAL REGION,0.8326,10
TURBO,FACULTAD DE CIENCIAS EXACTAS Y NATURALES,TURBO,ECOLOGIA DE ZONAS COSTERAS - TURBO,0.8324,10
MEDELLIN,FACULTAD DE CIENCIAS AGRARIAS,SAN JUAN DE URABA,TECNOLOGIA EN GESTION DE INSUMOS AGROPECUARIOS,0.832,10
MEDELLIN,FACULTAD DE INGENIERIA,RIOSUCIO,INGENIERIA DE SISTEMAS - REGION,0.831,10
CAREPA,FACULTAD DE INGENIERIA,CHIGORODO,INGENIERIA AGROINDUSTRIAL-URABA,0.8302,10
CARMENVI,FACULTAD DE CIENCIAS AGRARIAS,BARRANQUILLA,INGENIERIA AGROPECUARIA - CARMEN DE VIBORAL,0.8299,10
APARTADO,FACULTAD DE INGENIERIA,TURBO,INGENIERIA CIVIL-APARTADO,0.8299,10
TURBO,FACULTAD DE CIENCIAS EXACTAS Y NATURALES,APARTADO,ECOLOGIA DE ZONAS COSTERAS - TURBO,0.8297,10
CAUCASIA,FACULTAD DE EDUCACION,CAUCASIA,LICENCIATURA EN EDUCACION INFANTIL - CAUCASIA,0.8296,10
MEDELLIN,FACULTAD DE INGENIERIA,CHIGORODO,INGENIERIA DE SISTEMAS - REGION,0.8287,10
CAREPA,FACULTAD DE CIENCIAS AGRARIAS,TURBO,INGENIERIA AGROPECUARIA-CAREPA,0.8286,10
ANDES,FACULTAD DE CIENCIAS AGRARIAS,CIUDAD BOLIVAR,INGENIERIA AGROPECUARIA - ANDES,0.828,10
MEDELLIN,FACULTAD DE INGENIERIA,TURBO,INGENIERIA INDUSTRIAL REGION,0.8273,10
MEDELLIN,FACULTAD DE INGENIERIA,TURBO,INGENIERIA AMBIENTAL REGION,0.8266,10
MEDELLIN,FACULTAD DE INGENIERIA,APARTADO,INGENIERIA DE SISTEMAS - REGION,0.8264,10
MEDELLIN,FACULTAD DE INGENIERIA,SAN PEDRO DE URABA,INGENIERIA DE SISTEMAS - REGION,0.8259,10
MEDELLIN,FACULTAD DE INGENIERIA,TURBO,INGENIERIA INDUSTRIAL REGION,0.8254,10
APARTADO,FACULTAD DE INGENIERIA,CAREPA,INGENIERIA CIVIL-APARTADO,0.825,10
MEDELLIN,FACULTAD DE INGENIERIA,TURBO,INGENIERIA INDUSTRIAL REGION,0.8248,10
APARTADO,FACULTAD DE INGENIERIA,CAREPA,INGENIERIA CIVIL-APARTADO,0.8244,10
MEDELLIN,FACULTAD DE CIENCIAS AGRARIAS,MEDELLIN,TECNOLOGIA EN GESTION DE INSUMOS AGROPECUARIOS,0.824,10
CARMENVI,FACULTAD DE CIENCIAS AGRARIAS,LA CEJA,INGENIERIA AGROPECUARIA - CARMEN DE VIBORAL,0.8231,10
APARTADO,FACULTAD DE INGENIERIA,APARTADO,INGENIERIA SANITARIA-APARTADO,0.8229,10
MEDELLIN,FACULTAD DE INGENIERIA,APARTADO,INGENIERIA INDUSTRIAL REGION,0.8227,10
MEDELLIN,FACULTAD DE INGENIERIA,CHIGORODO,INGENIERIA DE TELECOMUNICACIONES REGION,0.8226,10
CAREPA,FACULTAD DE INGENIERIA,CAREPA,INGENIERIA BIOQUIMICA-URABA,0.8223,10
CARMENVI,FACULTAD DE EDUCACION,SAN VICENTE,LICENCIATURA EN LITERATURA Y LENGUA CASTELLANA-CV,0.8221,10
MEDELLIN,FACULTAD DE INGENIERIA,TURBO,INGENIERIA AMBIENTAL REGION,0.8216,10
MEDELLIN,FACULTAD DE CIENCIAS AGRARIAS,PUERTO BERRIO,TECNOLOGIA EN GESTION DE INSUMOS AGROPECUARIOS,0.8193,10
MEDELLIN,FACULTAD DE CIENCIAS AGRARIAS,SONSON,TECNOLOGIA EN GESTION DE INSUMOS AGROPECUARIOS,0.8173,10
CARMENVI,FACULTAD DE EDUCACION,RIONEGRO,LICENCIATURA EN CIENCIAS SOCIALES-CARMEN DE VIBORAL,0.8171,10
CARMENVI,FACULTAD DE CIENCIAS FARMACEUTICAS Y ALIMENTARIAS,GUARNE,INGENIERIA DE ALIMENTOS - CARMEN DE VIBORAL,0.8164,10
MEDELLIN,FACULTAD DE INGENIERIA,CAREPA,INGENIERIA DE SISTEMAS - REGION,0.8164,10
TURBO,FACULTAD DE CIENCIAS EXACTAS Y NATURALES,NECOCLI,ECOLOGIA DE ZONAS COSTERAS - TURBO,0.8162,10
APARTADO,FACULTAD DE INGENIERIA,APARTADO,INGENIERIA SANITARIA-APARTADO,0.8161,10
TURBO,FACULTAD DE CIENCIAS EXACTAS Y NATURALES,SAN PEDRO DE URABA,ECOLOGIA DE ZONAS COSTERAS - TURBO,0.816,10
MEDELLIN,FACULTAD DE CIENCIAS AGRARIAS,YARUMAL,TECNOLOGIA EN GESTION DE INSUMOS AGROPECUARIOS,0.8158,10
MEDELLIN,FACULTAD DE INGENIERIA,APARTADO,INGENIERIA DE SISTEMAS - REGION,0.815,10
CARMENVI,FACULTAD DE EDUCACION,RIONEGRO,LICENCIATURA EN EDUCACION INFANTIL-CARMEN DE VIBORAL,0.814,10
MEDELLIN,FACULTAD DE INGENIERIA,APARTADO,INGENIERIA INDUSTRIAL REGION,0.813,10
CARMENVI,FACULTAD DE CIENCIAS AGRARIAS,LA UNION,INGENIERIA AGROPECUARIA - CARMEN DE VIBORAL,0.813,10
CAREPA,FACULTAD DE INGENIERIA,APARTADO,INGENIERIA BIOQUIMICA-URABA,0.8119,10
APARTADO,FACULTAD DE COMUNICACIONES Y FILOLOGIA,CHIGORODO,COMUNICACION SOCIAL - PERIODISMO APARTADO,0.8117,10
MEDELLIN,FACULTAD DE CIENCIAS AGRARIAS,TURBO,TECNOLOGIA EN GESTION DE INSUMOS AGROPECUARIOS,0.8112,10
CAREPA,FACULTAD DE CIENCIAS AGRARIAS,APARTADO,INGENIERIA AGROPECUARIA-CAREPA,0.8105,10
CAUCASIA,INSTITUTO UNIVERSITARIO DE EDUCACION FISICA Y DEPORTES,CAUCASIA,LICENCIATURA EN EDUCACION FISICA - CAUCASIA,0.8103,10
TURBO,FACULTAD DE CIENCIAS EXACTAS Y NATURALES,CHIGORODO,ECOLOGIA DE ZONAS COSTERAS - TURBO,0.81,10
CAREPA,FACULTAD DE INGENIERIA,APARTADO,INGENIERIA BIOQUIMICA-URABA,0.8092,10
CAREPA,FACULTAD DE INGENIERIA,APARTADO,INGENIERIA BIOQUIMICA-URABA,0.8057,10
CAREPA,FACULTAD DE CIENCIAS AGRARIAS,CHIGORODO,INGENIERIA AGROPECUARIA-CAREPA,0.8057,10
CARMENVI,FACULTAD DE CIENCIAS AGRARIAS,DABEIBA,INGENIERIA AGROPECUARIA - CARMEN DE VIBORAL,0.8056,10
CARMENVI,FACULTAD DE CIENCIAS EXACTAS Y NATURALES,RIONEGRO,BIOLOGIA - CARMEN DE VIBORAL,0.8051,10
MEDELLIN,FACULTAD DE INGENIERIA,CHIGORODO,INGENIERIA AMBIENTAL REGION,0.8048,10
CAREPA,FACULTAD DE CIENCIAS AGRARIAS,APARTADO,INGENIERIA AGROPECUARIA-CAREPA,0.8045,10
MEDELLIN,FACULTAD DE CIENCIAS AGRARIAS,LA CEJA,TECNOLOGIA EN GESTION DE INSUMOS AGROPECUARIOS,0.8044,10
CARMENVI,FACULTAD DE EDUCACION,MOCOA,LICENCIATURA EN CIENCIAS SOCIALES-CARMEN DE VIBORAL,0.8041,10
APARTADO,FACULTAD DE INGENIERIA,APARTADO,INGENIERIA CIVIL-APARTADO,0.8032,10
CAUCASIA,FACULTAD DE CIENCIAS ECONOMICAS,CALDAS,ADMINISTRACION DE EMPRESAS - CAUCASIA,0.8025,10
MEDELLIN,FACULTAD DE INGENIERIA,SAN PEDRO DE URABA,INGENIERIA INDUSTRIAL REGION,0.8016,10
CARMENVI,FACULTAD DE EDUCACION,RIONEGRO,LICENCIATURA EN CIENCIAS SOCIALES-CARMEN DE VIBORAL,0.8016,10
MEDELLIN,FACULTAD DE INGENIERIA,APARTADO,INGENIERIA INDUSTRIAL REGION,0.8015,10
CAREPA,FACULTAD DE CIENCIAS AGRARIAS,CHIGORODO,INGENIERIA AGROPECUARIA-CAREPA,0.8007,10
MEDELLIN,FACULTAD DE CIENCIAS AGRARIAS,MACEO,TECNOLOGIA EN GESTION DE INSUMOS AGROPECUARIOS,0.8007,10
CARMENVI,FACULTAD DE CIENCIAS EXACTAS Y NATURALES,RIONEGRO,BIOLOGIA - CARMEN DE VIBORAL,0.8006,10
CAREPA,FACULTAD DE INGENIERIA,CAREPA,INGENIERIA BIOQUIMICA-URABA,0.7994,10
MEDELLIN,FACULTAD DE INGENIERIA,ITAGUI,INGENIERIA AMBIENTAL REGION,0.7994,10
APARTADO,FACULTAD DE INGENIERIA,APARTADO,INGENIERIA SANITARIA-APARTADO,0.7991,10
MEDELLIN,FACULTAD DE INGENIERIA,APARTADO,INGENIERIA AMBIENTAL REGION,0.799,10
MEDELLIN,FACULTAD DE INGENIERIA,TURBO,INGENIERIA DE TELECOMUNICACIONES REGION,0.7986,10
CAREPA,FACULTAD DE INGENIERIA,APARTADO,INGENIERIA BIOQUIMICA-URABA,0.7985,10
TURBO,FACULTAD DE CIENCIAS EXACTAS Y NATURALES,APARTADO,ECOLOGIA DE ZONAS COSTERAS - TURBO,0.7985,10
MEDELLIN,FACULTAD DE CIENCIAS AGRARIAS,CAREPA,TECNOLOGIA EN GESTION DE INSUMOS AGROPECUARIOS,0.7983,10
MEDELLIN,FACULTAD DE INGENIERIA,APARTADO,INGENIERIA INDUSTRIAL REGION,0.7978,10
CAREPA,FACULTAD DE CIENCIAS AGRARIAS,CAREPA,INGENIERIA AGROPECUARIA-CAREPA,0.7975,10
MEDELLIN,FACULTAD DE INGENIERIA,CANALETE,INGENIERIA AMBIENTAL REGION,0.7969,10
CAREPA,FACULTAD DE INGENIERIA,PLANETA RICA,INGENIERIA AGROINDUSTRIAL-URABA,0.7964,10
MEDELLIN,FACULTAD DE INGENIERIA,APARTADO,INGENIERIA DE TELECOMUNICACIONES REGION,0.7963,10
CARMENVI,FACULTAD DE EDUCACION,EL CARMEN DE VIBORAL,PEDAGOGIA EN RURALIDAD Y PAZ -CARMEN DE VIBORAL,0.7961,10
CAREPA,FACULTAD DE INGENIERIA,CAREPA,INGENIERIA BIOQUIMICA-URABA,0.7956,10
CAREPA,FACULTAD DE INGENIERIA,CAREPA,INGENIERIA BIOQUIMICA-URABA,0.7956,10
CAREPA,FACULTAD DE CIENCIAS AGRARIAS,CAREPA,INGENIERIA AGROPECUARIA-CAREPA,0.7951,10
MEDELLIN,FACULTAD DE INGENIERIA,TURBO,INGENIERIA DE SISTEMAS - REGION,0.7944,10
APARTADO,FACULTAD DE INGENIERIA,MUTATA,INGENIERIA SANITARIA-APARTADO,0.7939,10
YARUMAL,FACULTAD DE EDUCACION,YARUMAL,LICENCIATURA EN MATEMATICAS-YARUMAL,0.7935,10
APARTADO,ESCUELA DE MICROBIOLOGIA,APARTADO,MICROBIOLOGIA INDUSTRIAL Y AMBIENTAL-URABA (APARTADO),0.7919,10
TURBO,FACULTAD DE CIENCIAS EXACTAS Y NATURALES,SAN ANDRES,OCEANOGRAFIA - TURBO,0.7911,10
CAREPA,FACULTAD DE CIENCIAS EXACTAS Y NATURALES,APARTADO,BIOLOGIA- CAREPA,0.7909,10
MEDELLIN,FACULTAD DE INGENIERIA,APARTADO,INGENIERIA DE TELECOMUNICACIONES REGION,0.7908,10
MEDELLIN,FACULTAD DE INGENIERIA,APARTADO,INGENIERIA AMBIENTAL REGION,0.7907,10
MEDELLIN,FACULTAD DE CIENCIAS AGRARIAS,SANTAFE DE ANTIOQUIA,TECNOLOGIA EN GESTION DE INSUMOS AGROPECUARIOS,0.7905,10
APARTADO,FACULTAD DE INGENIERIA,NECOCLI,INGENIERIA SANITARIA-APARTADO,0.7899,10
CAUCASIA,FACULTAD NACIONAL DE SALUD PUBLICA,CAUCASIA,ADMINISTRACION EN SALUD-CAUCASIA,0.7895,10
MEDELLIN,FACULTAD DE INGENIERIA,SAN JUAN DE URABA,INGENIERIA INDUSTRIAL REGION,0.7885,10
TURBO,FACULTAD DE INGENIERIA,OCANA,INGENIERIA OCEANOGRAFICA - TURBO,0.788,10
MEDELLIN,FACULTAD DE INGENIERIA,APARTADO,INGENIERIA AMBIENTAL REGION,0.7877,10
MEDELLIN,FACULTAD DE INGENIERIA,SAN JUAN DE URABA,INGENIERIA AMBIENTAL REGION,0.7874,10
MEDELLIN,FACULTAD DE INGENIERIA,NECOCLI,INGENIERIA INDUSTRIAL REGION,0.7871,10
APARTADO,FACULTAD DE CIENCIAS EXACTAS Y NATURALES,CHIGORODO,MATEMATICAS - APARTADO,0.7868,10
MEDELLIN,FACULTAD DE INGENIERIA,TIERRALTA,INGENIERIA DE TELECOMUNICACIONES REGION,0.7867,10
APARTADO,FACULTAD DE INGENIERIA,APARTADO,INGENIERIA SANITARIA-APARTADO,0.7857,10
MEDELLIN,FACULTAD DE INGENIERIA,SAN JUAN DE URABA,INGENIERIA INDUSTRIAL REGION,0.7854,10
CARMENVI,FACULTAD DE CIENCIAS FARMACEUTICAS Y ALIMENTARIAS,RIONEGRO,CIENCIAS CULINARIAS - CARMEN DE VIBORAL,0.7848,10
CAREPA,FACULTAD DE INGENIERIA,APARTADO,INGENIERIA AGROINDUSTRIAL-URABA,0.7847,10
APARTADO,FACULTAD DE INGENIERIA,APARTADO,INGENIERIA SANITARIA-APARTADO,0.7847,10
CARMENVI,FACULTAD DE EDUCACION,RIONEGRO,LICENCIATURA EN CIENCIAS SOCIALES-CARMEN DE VIBORAL,0.7845,10
MEDELLIN,FACULTAD DE INGENIERIA,CHIGORODO,INGENIERIA INDUSTRIAL REGION,0.7844,10
CARMENVI,FACULTAD DE EDUCACION,RIONEGRO,LICENCIATURA EN CIENCIAS SOCIALES-CARMEN DE VIBORAL,0.7843,10
TURBO,FACULTAD DE CIENCIAS ECONOMICAS,TURBO,ADMINISTRACION DE EMPRESAS - TURBO,0.784,10
MEDELLIN,FACULTAD DE INGENIERIA,APARTADO,INGENIERIA INDUSTRIAL REGION,0.784,10
APARTADO,FACULTAD DE INGENIERIA,CAREPA,INGENIERIA SANITARIA-APARTADO,0.7839,10
CARMENVI,FACULTAD DE CIENCIAS EXACTAS Y NATURALES,EL CARMEN DE VIBORAL,BIOLOGIA - CARMEN DE VIBORAL,0.7835,10
CARMENVI,FACULTAD DE EDUCACION,LA CEJA,LICENCIATURA EN MATEMATICAS-CARMEN DE VIBORAL,0.7832,10
CAREPA,FACULTAD DE CIENCIAS AGRARIAS,CAREPA,INGENIERIA AGROPECUARIA-CAREPA,0.7832,10
CARMENVI,FACULTAD DE EDUCACION,SAN LUIS,LICENCIATURA EN CIENCIAS SOCIALES-CARMEN DE VIBORAL,0.7826,10
MEDELLIN,FACULTAD DE INGENIERIA,CAREPA,INGENIERIA AMBIENTAL REGION,0.7821,10
CARMENVI,FACULTAD DE CIENCIAS FARMACEUTICAS Y ALIMENTARIAS,RIONEGRO,INGENIERIA DE ALIMENTOS - CARMEN DE VIBORAL,0.7817,10
APARTADO,FACULTAD DE INGENIERIA,APARTADO,INGENIERIA SANITARIA-APARTADO,0.7809,10
APARTADO,FACULTAD DE INGENIERIA,APARTADO,INGENIERIA SANITARIA-APARTADO,0.7809,10
CARMENVI,FACULTAD DE CIENCIAS ECONOMICAS,SONSON,GESTION EN ECOLOGIA Y TURISMO - CARMEN DE VIBORAL,0.7804,10
MEDELLIN,FACULTAD DE INGENIERIA,CHIGORODO,INGENIERIA DE SISTEMAS - REGION,0.7801,10
SEGOVIA,FACULTAD DE CIENCIAS ECONOMICAS,REMEDIOS,ADMINISTRACION DE EMPRESAS - SEGOVIA,0.7795,10
APARTADO,FACULTAD DE INGENIERIA,APARTADO,INGENIERIA SANITARIA-APARTADO,0.7783,10
TURBO,FACULTAD DE CIENCIAS EXACTAS Y NATURALES,TURBO,ECOLOGIA DE ZONAS COSTERAS - TURBO,0.7779,10
MEDELLIN,FACULTAD DE INGENIERIA,CHIGORODO,INGENIERIA DE TELECOMUNICACIONES REGION,0.7778,10
TURBO,FACULTAD DE EDUCACION,TURBO,LICENCIATURA EN EDUCACION INFANTIL-TURBO,0.7773,10
CARMENVI,FACULTAD DE ARTES,RIONEGRO,LICENCIATURA EN TEATRO- CARMEN DE VIBORAL,0.777,10
TURBO,FACULTAD DE EDUCACION,TURBO,LICENCIATURA EN EDUCACION INFANTIL-TURBO,0.776,10
CARMENVI,FACULTAD DE CIENCIAS FARMACEUTICAS Y ALIMENTARIAS,LA CEJA,INGENIERIA DE ALIMENTOS - CARMEN DE VIBORAL,0.7759,10
APARTADO,FACULTAD DE INGENIERIA,APARTADO,INGENIERIA SANITARIA-APARTADO,0.7754,10
MEDELLIN,FACULTAD DE INGENIERIA,APARTADO,INGENIERIA INDUSTRIAL REGION,0.7749,10
CARMENVI,FACULTAD DE EDUCACION,LA CEJA,LICENCIATURA EN EDUCACION INFANTIL-CARMEN DE VIBORAL,0.7742,10
CAREPA,FACULTAD DE INGENIERIA,APARTADO,INGENIERIA BIOQUIMICA-URABA,0.7736,10
MEDELLIN,FACULTAD DE CIENCIAS AGRARIAS,CAUCASIA,TECNOLOGIA EN GESTION DE INSUMOS AGROPECUARIOS,0.7734,10
MEDELLIN,FACULTAD DE CIENCIAS AGRARIAS,YARUMAL,TECNOLOGIA EN GESTION DE INSUMOS AGROPECUARIOS,0.7731,10
ANDES,FACULTAD DE CIENCIAS AGRARIAS,ANDES,INGENIERIA AGROPECUARIA - ANDES,0.773,10
MEDELLIN,FACULTAD DE CIENCIAS AGRARIAS,BRICENO,TECNOLOGIA EN GESTION DE INSUMOS AGROPECUARIOS,0.7728,10
MEDELLIN,FACULTAD DE CIENCIAS AGRARIAS,SAN JUAN DE URABA,TECNOLOGIA EN GESTION DE INSUMOS AGROPECUARIOS,0.7723,10
APARTADO,FACULTAD DE INGENIERIA,TURBO,INGENIERIA CIVIL-APARTADO,0.772,10
CAREPA,FACULTAD DE CIENCIAS AGRARIAS,CHIGORODO,INGENIERIA AGROPECUARIA-CAREPA,0.7712,10
CAREPA,FACULTAD DE CIENCIAS AGRARIAS,APARTADO,INGENIERIA AGROPECUARIA-CAREPA,0.7711,10
CAREPA,FACULTAD DE INGENIERIA,APARTADO,INGENIERIA AGROINDUSTRIAL-URABA,0.7677,10
APARTADO,FACULTAD DE INGENIERIA,CHIGORODO,INGENIERIA CIVIL-APARTADO,0.7676,10
MEDELLIN,FACULTAD DE CIENCIAS AGRARIAS,CAUCASIA,TECNOLOGIA EN GESTION DE INSUMOS AGROPECUARIOS,0.7676,10
APARTADO,FACULTAD DE INGENIERIA,APARTADO,INGENIERIA CIVIL-APARTADO,0.7671,10
CAREPA,FACULTAD DE INGENIERIA,CHIGORODO,INGENIERIA BIOQUIMICA-URABA,0.767,10
CARMENVI,FACULTAD DE EDUCACION,MARINILLA,LICENCIATURA EN CIENCIAS SOCIALES-CARMEN DE VIBORAL,0.7666,10
CAREPA,FACULTAD DE INGENIERIA,APARTADO,INGENIERIA BIOQUIMICA-URABA,0.7662,10
CAREPA,FACULTAD DE INGENIERIA,APARTADO,INGENIERIA AGROINDUSTRIAL-URABA,0.7661,10
APARTADO,FACULTAD DE INGENIERIA,APARTADO,INGENIERIA SANITARIA-APARTADO,0.7658,10
CAREPA,FACULTAD DE CIENCIAS AGRARIAS,CAREPA,INGENIERIA AGROPECUARIA-CAREPA,0.7655,10
CAUCASIA,FACULTAD DE CIENCIAS ECONOMICAS,EL BAGRE,ADMINISTRACION DE EMPRESAS - CAUCASIA,0.7653,10
MEDELLIN,FACULTAD DE CIENCIAS AGRARIAS,CHIGORODO,TECNOLOGIA EN GESTION DE INSUMOS AGROPECUARIOS,0.7641,10
CAUCASIA,FACULTAD DE CIENCIAS EXACTAS Y NATURALES,CAUCASIA,MATEMATICAS - CAUCASIA,0.7639,10
CAREPA,FACULTAD DE CIENCIAS AGRARIAS,APARTADO,INGENIERIA AGROPECUARIA-CAREPA,0.7637,10
MEDELLIN,FACULTAD DE CIENCIAS AGRARIAS,ABEJORRAL,TECNOLOGIA EN GESTION DE INSUMOS AGROPECUARIOS,0.7634,10
CAREPA,FACULTAD DE INGENIERIA,APARTADO,INGENIERIA AGROINDUSTRIAL-URABA,0.7628,10
MEDELLIN,FACULTAD DE CIENCIAS AGRARIAS,ANDES,TECNOLOGIA EN GESTION DE INSUMOS AGROPECUARIOS,0.7626,10
CAREPA,FACULTAD DE CIENCIAS AGRARIAS,CIENAGA DE ORO,INGENIERIA AGROPECUARIA-CAREPA,0.762,10
CARMENVI,FACULTAD DE CIENCIAS FARMACEUTICAS Y ALIMENTARIAS,SAN VICENTE,TECNOLOGIA EN REGENCIA DE FARMACIA - CARMEN DE VIBORAL,0.7619,10
CAUCASIA,FACULTAD DE ARTES,TARAZA,GESTION CULTURAL - CAUCASIA,0.7613,10
CARMENVI,FACULTAD DE CIENCIAS AGRARIAS,YARUMAL,INGENIERIA AGROPECUARIA - CARMEN DE VIBORAL,0.7613,10
ANDES,FACULTAD DE CIENCIAS EXACTAS Y NATURALES,ANDES,BIOLOGIA - ANDES,0.7611,10
ANDES,FACULTAD DE EDUCACION,ANDES,LICENCIATURA EN CIENCIAS NATURALES - ANDES,0.7611,10
CAREPA,FACULTAD DE INGENIERIA,MUTATA,INGENIERIA AGROINDUSTRIAL-URABA,0.7609,10
CARMENVI,FACULTAD DE CIENCIAS FARMACEUTICAS Y ALIMENTARIAS,LA CEJA,INGENIERIA DE ALIMENTOS - CARMEN DE VIBORAL,0.7605,10
CARMENVI,FACULTAD DE CIENCIAS AGRARIAS,LA UNION,INGENIERIA AGROPECUARIA - CARMEN DE VIBORAL,0.7603,10
YARUMAL,FACULTAD DE COMUNICACIONES Y FILOLOGIA,YARUMAL,COMUNICACION SOCIAL - PERIODISMO YARUMAL,0.76,10
MEDELLIN,FACULTAD DE CIENCIAS AGRARIAS,MARIQUITA,TECNOLOGIA EN GESTION DE INSUMOS AGROPECUARIOS,0.7597,10
CARMENVI,FACULTAD DE CIENCIAS EXACTAS Y NATURALES,LA CEJA,BIOLOGIA - CARMEN DE VIBORAL,0.7593,10
CARMENVI,FACULTAD DE CIENCIAS AGRARIAS,RIONEGRO,INGENIERIA AGROPECUARIA - CARMEN DE VIBORAL,0.7586,10
MEDELLIN,FACULTAD DE CIENCIAS AGRARIAS,AMALFI,TECNOLOGIA EN GESTION DE INSUMOS AGROPECUARIOS,0.758,10
APARTADO,FACULTAD DE INGENIERIA,APARTADO,INGENIERIA SANITARIA-APARTADO,0.7578,10
CARMENVI,FACULTAD DE EDUCACION,MARINILLA,LICENCIATURA EN CIENCIAS SOCIALES-CARMEN DE VIBORAL,0.757,10
SEGOVIA,FACULTAD NACIONAL DE SALUD PUBLICA,REMEDIOS,ADMINISTRACION AMBIENTAL Y SANITARIA- SEGOVIA,0.7564,10
MEDELLIN,FACULTAD DE CIENCIAS AGRARIAS,RIONEGRO,TECNOLOGIA EN GESTION DE INSUMOS AGROPECUARIOS,0.7563,10
TURBO,FACULTAD DE CIENCIAS EXACTAS Y NATURALES,TURBO,OCEANOGRAFIA - TURBO,0.7556,10
CARMENVI,FACULTAD DE EDUCACION,MARINILLA,LICENCIATURA EN MATEMATICAS-CARMEN DE VIBORAL,0.7554,10
TURBO,FACULTAD DE INGENIERIA,APARTADO,INGENIERIA OCEANOGRAFICA - TURBO,0.7551,10
MEDELLIN,FACULTAD DE CIENCIAS AGRARIAS,MEDELLIN,TECNOLOGIA EN GESTION DE INSUMOS AGROPECUARIOS,0.7539,10
MEDELLIN,FACULTAD DE INGENIERIA,SAN PEDRO DE URABA,INGENIERIA INDUSTRIAL REGION,0.7538,10
CAREPA,FACULTAD DE INGENIERIA,APARTADO,INGENIERIA BIOQUIMICA-URABA,0.7531,10
APARTADO,FACULTAD DE INGENIERIA,APARTADO,INGENIERIA CIVIL-APARTADO,0.7528,10
CAREPA,FACULTAD DE INGENIERIA,APARTADO,INGENIERIA AGROINDUSTRIAL-URABA,0.7523,10
CAREPA,FACULTAD DE INGENIERIA,APARTADO,INGENIERIA AGROINDUSTRIAL-URABA,0.7521,10
MEDELLIN,FACULTAD DE INGENIERIA,TURBO,INGENIERIA AMBIENTAL REGION,0.7516,9
MEDELLIN,FACULTAD DE CIENCIAS AGRARIAS,PUEBLORRICO,TECNOLOGIA EN GESTION DE INSUMOS AGROPECUARIOS,0.7516,9
MEDELLIN,FACULTAD DE CIENCIAS AGRARIAS,YARUMAL,TECNOLOGIA EN GESTION DE INSUMOS AGROPECUARIOS,0.7503,9
CAREPA,FACULTAD DE INGENIERIA,TURBO,INGENIERIA BIOQUIMICA-URABA,0.7496,9
MEDELLIN,FACULTAD DE INGENIERIA,TURBO,INGENIERIA DE SISTEMAS - REGION,0.7488,9
MEDELLIN,FACULTAD DE INGENIERIA,TURBO,INGENIERIA INDUSTRIAL REGION,0.7477,9
CARMENVI,FACULTAD DE EDUCACION,MARINILLA,LICENCIATURA EN LITERATURA Y LENGUA CASTELLANA-CV,0.7472,9
TURBO,FACULTAD DE EDUCACION,TURBO,LICENCIATURA EN CIENCIAS NATURALES-TURBO,0.7469,9
CAREPA,FACULTAD DE INGENIERIA,APARTADO,INGENIERIA AGROINDUSTRIAL-URABA,0.7467,9
APARTADO,FACULTAD DE INGENIERIA,CAREPA,INGENIERIA CIVIL-APARTADO,0.746,9
CARMENVI,FACULTAD DE CIENCIAS EXACTAS Y NATURALES,EL CARMEN DE VIBORAL,BIOLOGIA - CARMEN DE VIBORAL,0.7458,9
CARMENVI,FACULTAD DE CIENCIAS FARMACEUTICAS Y ALIMENTARIAS,RIONEGRO,TECNOLOGIA EN REGENCIA DE FARMACIA - CARMEN DE VIBORAL,0.7455,9
CARMENVI,FACULTAD DE CIENCIAS FARMACEUTICAS Y ALIMENTARIAS,EL CARMEN DE VIBORAL,TECNOLOGIA EN REGENCIA DE FARMACIA - CARMEN DE VIBORAL,0.7451,9
CAREPA,FACULTAD DE INGENIERIA,CHIGORODO,INGENIERIA AGROINDUSTRIAL-URABA,0.7449,9
CAREPA,FACULTAD DE INGENIERIA,APARTADO,INGENIERIA AGROINDUSTRIAL-URABA,0.7444,9
APARTADO,FACULTAD DE INGENIERIA,APARTADO,INGENIERIA SANITARIA-APARTADO,0.7437,9
CARMENVI,FACULTAD DE CIENCIAS AGRARIAS,EL CARMEN DE VIBORAL,INGENIERIA AGROPECUARIA - CARMEN DE VIBORAL,0.7432,9
CARMENVI,FACULTAD DE CIENCIAS AGRARIAS,RIONEGRO,INGENIERIA AGROPECUARIA - CARMEN DE VIBORAL,0.7421,9
AMALFI,FACULTAD DE EDUCACION,AMALFI,PEDAGOGIA EN RURALIDAD Y PAZ- AMALFI,0.7417,9
CAREPA,FACULTAD DE INGENIERIA,APARTADO,INGENIERIA AGROINDUSTRIAL-URABA,0.7414,9
CARMENVI,FACULTAD DE CIENCIAS AGRARIAS,EL CARMEN DE VIBORAL,INGENIERIA AGROPECUARIA - CARMEN DE VIBORAL,0.7409,9
CAREPA,FACULTAD DE INGENIERIA,CAREPA,INGENIERIA BIOQUIMICA-URABA,0.7401,9
MEDELLIN,FACULTAD DE INGENIERIA,APARTADO,INGENIERIA DE SISTEMAS - REGION,0.7392,9
MEDELLIN,FACULTAD DE CIENCIAS AGRARIAS,MEDELLIN,TECNOLOGIA EN GESTION DE INSUMOS AGROPECUARIOS,0.7386,9
CAREPA,FACULTAD DE INGENIERIA,CAREPA,INGENIERIA BIOQUIMICA-URABA,0.738,9
APARTADO,FACULTAD DE INGENIERIA,APARTADO,INGENIERIA CIVIL-APARTADO,0.738,9
MEDELLIN,FACULTAD DE CIENCIAS AGRARIAS,GUADALUPE,TECNOLOGIA EN GESTION DE INSUMOS AGROPECUARIOS,0.7379,9
CAREPA,FACULTAD DE INGENIERIA,APARTADO,INGENIERIA BIOQUIMICA-URABA,0.737,9
CAREPA,FACULTAD DE CIENCIAS AGRARIAS,CAREPA,INGENIERIA AGROPECUARIA-CAREPA,0.736,9
MEDELLIN,FACULTAD DE INGENIERIA,APARTADO,INGENIERIA INDUSTRIAL REGION,0.7356,9
MEDELLIN,FACULTAD DE INGENIERIA,APARTADO,INGENIERIA AMBIENTAL REGION,0.7352,9
CAREPA,FACULTAD DE CIENCIAS AGRARIAS,APARTADO,INGENIERIA AGROPECUARIA-CAREPA,0.735,9
TURBO,FACULTAD DE EDUCACION,TURBO,LICENCIATURA EN EDUCACION INFANTIL-TURBO,0.7347,9
ANDES,FACULTAD DE CIENCIAS EXACTAS Y NATURALES,JARDIN,BIOLOGIA - ANDES,0.7339,9
APARTADO,FACULTAD DE CIENCIAS ECONOMICAS,APARTADO,GESTION EN ECOLOGIA Y TURISMO - APARTADO,0.7333,9
MEDELLIN,FACULTAD DE INGENIERIA,APARTADO,INGENIERIA DE SISTEMAS - REGION,0.7331,9
MEDELLIN,FACULTAD DE INGENIERIA,APARTADO,INGENIERIA INDUSTRIAL REGION,0.7325,9
MEDELLIN,FACULTAD DE CIENCIAS AGRARIAS,MEDELLIN,TECNOLOGIA EN GESTION DE INSUMOS AGROPECUARIOS,0.7313,9
MEDELLIN,FACULTAD DE INGENIERIA,TURBO,INGENIERIA AMBIENTAL REGION,0.7305,9
CARMENVI,FACULTAD DE CIENCIAS AGRARIAS,RIONEGRO,INGENIERIA AGROPECUARIA - CARMEN DE VIBORAL,0.7305,9
TURBO,FACULTAD DE CIENCIAS EXACTAS Y NATURALES,TURBO,ECOLOGIA DE ZONAS COSTERAS - TURBO,0.7304,9
APARTADO,FACULTAD DE INGENIERIA,CAREPA,INGENIERIA CIVIL-APARTADO,0.7303,9
MEDELLIN,FACULTAD DE CIENCIAS AGRARIAS,CHIGORODO,TECNOLOGIA EN GESTION DE INSUMOS AGROPECUARIOS,0.7298,9
CAREPA,FACULTAD DE CIENCIAS AGRARIAS,CHIGORODO,INGENIERIA AGROPECUARIA-CAREPA,0.7296,9
CARMENVI,FACULTAD DE EDUCACION,RIONEGRO,LICENCIATURA EN MATEMATICAS-CARMEN DE VIBORAL,0.7292,9
CARMENVI,FACULTAD DE EDUCACION,EL CARMEN DE VIBORAL,LICENCIATURA EN CIENCIAS SOCIALES-CARMEN DE VIBORAL,0.7287,9
MEDELLIN,FACULTAD DE CIENCIAS AGRARIAS,YARUMAL,TECNOLOGIA EN GESTION DE INSUMOS AGROPECUARIOS,0.7284,9
MEDELLIN,FACULTAD DE INGENIERIA,APARTADO,INGENIERIA DE SISTEMAS - REGION,0.7283,9
CAUCASIA,FACULTAD NACIONAL DE SALUD PUBLICA,CAUCASIA,ADMINISTRACION EN SALUD-CAUCASIA,0.7274,9
MEDELLIN,FACULTAD DE INGENIERIA,NECOCLI,INGENIERIA INDUSTRIAL REGION,0.7272,9
CARMENVI,INSTITUTO DE FILOSOFIA,GRANADA,LICENCIATURA EN FILOSOFIA - CARMEN DE VIBORAL,0.727,9
MEDELLIN,FACULTAD DE INGENIERIA,CHIGORODO,INGENIERIA INDUSTRIAL REGION,0.7269,9
CAREPA,FACULTAD DE INGENIERIA,SAN PELAYO,INGENIERIA BIOQUIMICA-URABA,0.7256,9
MEDELLIN,FACULTAD DE INGENIERIA,APARTADO,INGENIERIA DE SISTEMAS - REGION,0.7249,9
TURBO,FACULTAD DE CIENCIAS EXACTAS Y NATURALES,TURBO,OCEANOGRAFIA - TURBO,0.7244,9
CARMENVI,FACULTAD DE CIENCIAS FARMACEUTICAS Y ALIMENTARIAS,ITAGUI,CIENCIAS CULINARIAS - CARMEN DE VIBORAL,0.7233,9
CARMENVI,FACULTAD DE CIENCIAS AGRARIAS,LA CEJA,INGENIERIA AGROPECUARIA - CARMEN DE VIBORAL,0.7222,9
APARTADO,FACULTAD DE INGENIERIA,APARTADO,INGENIERIA CIVIL-APARTADO,0.7206,9
CAREPA,FACULTAD DE INGENIERIA,CHIGORODO,INGENIERIA BIOQUIMICA-URABA,0.7181,9
MEDELLIN,FACULTAD DE INGENIERIA,CAREPA,INGENIERIA INDUSTRIAL REGION,0.7162,9
CAUCASIA,FACULTAD DE CIENCIAS ECONOMICAS,CAUCASIA,ADMINISTRACION DE EMPRESAS - CAUCASIA,0.7159,9
CARMENVI,FACULTAD DE CIENCIAS EXACTAS Y NATURALES,EL CARMEN DE VIBORAL,BIOLOGIA - CARMEN DE VIBORAL,0.7149,9
CARMENVI,FACULTAD DE CIENCIAS FARMACEUTICAS Y ALIMENTARIAS,EL CARMEN DE VIBORAL,INGENIERIA DE ALIMENTOS - CARMEN DE VIBORAL,0.7148,9
CAUCASIA,INSTITUTO UNIVERSITARIO DE EDUCACION FISICA Y DEPORTES,CAUCASIA,LICENCIATURA EN EDUCACION FISICA - CAUCASIA,0.7148,9
MEDELLIN,FACULTAD DE INGENIERIA,APARTADO,INGENIERIA DE SISTEMAS - REGION,0.7143,9
CARMENVI,FACULTAD DE CIENCIAS FARMACEUTICAS Y ALIMENTARIAS,MARINILLA,TECNOLOGIA EN REGENCIA DE FARMACIA - CARMEN DE VIBORAL,0.7142,9
TURBO,FACULTAD DE INGENIERIA,APARTADO,INGENIERIA OCEANOGRAFICA - TURBO,0.7138,9
CARMENVI,FACULTAD DE CIENCIAS EXACTAS Y NATURALES,RIONEGRO,BIOLOGIA - CARMEN DE VIBORAL,0.7138,9
CAREPA,FACULTAD DE INGENIERIA,APARTADO,INGENIERIA AGROINDUSTRIAL-URABA,0.7137,9
CAREPA,FACULTAD DE CIENCIAS AGRARIAS,APARTADO,INGENIERIA AGROPECUARIA-CAREPA,0.7131,9
ANDES,FACULTAD DE DERECHO Y CIENCIAS POLITICAS,ANDES,DERECHO - ANDES,0.7128,9
CARMENVI,FACULTAD DE EDUCACION,MARINILLA,PEDAGOGIA EN RURALIDAD Y PAZ -CARMEN DE VIBORAL,0.7119,9
TURBO,FACULTAD DE INGENIERIA,APARTADO,INGENIERIA OCEANOGRAFICA - TURBO,0.7118,9
TURBO,FACULTAD DE EDUCACION,MEDELLIN,LICENCIATURA EN EDUCACION INFANTIL-TURBO,0.7117,9
CAUCASIA,FACULTAD DE CIENCIAS ECONOMICAS,CAUCASIA,CONTADURIA PUBLICA- CAUCASIA,0.7117,9
APARTADO,FACULTAD DE INGENIERIA,APARTADO,INGENIERIA CIVIL-APARTADO,0.7115,9
CAREPA,FACULTAD DE CIENCIAS AGRARIAS,APARTADO,INGENIERIA AGROPECUARIA-CAREPA,0.7115,9
CARMENVI,FACULTAD DE COMUNICACIONES Y FILOLOGIA,EL CARMEN DE VIBORAL,FILOLOGIA HISPANICA-CARMEN DE VIBORAL,0.7114,9
CARMENVI,FACULTAD DE ARTES,EL CARMEN DE VIBORAL,GESTION CULTURAL - CARMEN DE VIBORAL,0.7114,9
CARMENVI,FACULTAD DE EDUCACION,PIJINO DEL CARMEN,LICENCIATURA EN MATEMATICAS-CARMEN DE VIBORAL,0.7087,9
MEDELLIN,FACULTAD DE INGENIERIA,CAREPA,INGENIERIA DE SISTEMAS - REGION,0.7077,9
MEDELLIN,FACULTAD DE INGENIERIA,TURBO,INGENIERIA INDUSTRIAL REGION,0.7076,9
CARMENVI,FACULTAD DE CIENCIAS FARMACEUTICAS Y ALIMENTARIAS,MEDELLIN,CIENCIAS CULINARIAS - CARMEN DE VIBORAL,0.7065,9
MEDELLIN,FACULTAD DE INGENIERIA,DABEIBA,INGENIERIA AMBIENTAL REGION,0.7053,9
CAREPA,FACULTAD DE INGENIERIA,CAREPA,INGENIERIA AGROINDUSTRIAL-URABA,0.7052,9
CAREPA,FACULTAD DE CIENCIAS AGRARIAS,CHIGORODO,INGENIERIA AGROPECUARIA-CAREPA,0.7048,9
CARMENVI,FACULTAD DE CIENCIAS AGRARIAS,LA CEJA,INGENIERIA AGROPECUARIA - CARMEN DE VIBORAL,0.7047,9
ANDES,FACULTAD DE EDUCACION,CONCORDIA,LICENCIATURA EN CIENCIAS NATURALES - ANDES,0.7047,9
MEDELLIN,FACULTAD DE CIENCIAS AGRARIAS,CAUCASIA,TECNOLOGIA EN GESTION DE INSUMOS AGROPECUARIOS,0.7043,9
CAUCASIA,FACULTAD DE CIENCIAS ECONOMICAS,CACERES,ADMINISTRACION DE EMPRESAS - CAUCASIA,0.7037,9
CARMENVI,FACULTAD DE CIENCIAS EXACTAS Y NATURALES,EL CARMEN DE VIBORAL,BIOLOGIA - CARMEN DE VIBORAL,0.7036,9
CAREPA,FACULTAD DE CIENCIAS EXACTAS Y NATURALES,APARTADO,BIOLOGIA- CAREPA,0.7035,9
CAUCASIA,FACULTAD DE CIENCIAS ECONOMICAS,CAUCASIA,ADMINISTRACION DE EMPRESAS - CAUCASIA,0.7031,9
STAFEANT,FACULTAD DE EDUCACION,FRONTINO,LICENCIATURA EN CIENCIAS NATURALES - SANTA FE DE ANTIOQUIA,0.7027,9
MEDELLIN,FACULTAD DE CIENCIAS AGRARIAS,CAROLINA,TECNOLOGIA EN GESTION DE INSUMOS AGROPECUARIOS,0.7023,9
APARTADO,FACULTAD DE INGENIERIA,TURBO,INGENIERIA CIVIL-APARTADO,0.7014,9
CAREPA,FACULTAD DE INGENIERIA,MONTERIA,INGENIERIA BIOQUIMICA-URABA,0.701,9
CAREPA,FACULTAD DE INGENIERIA,CAREPA,INGENIERIA BIOQUIMICA-URABA,0.7001,9
APARTADO,FACULTAD DE INGENIERIA,CHIGORODO,INGENIERIA CIVIL-APARTADO,0.7,9
CAREPA,FACULTAD DE INGENIERIA,CHIGORODO,INGENIERIA BIOQUIMICA-URABA,0.6993,9
CARMENVI,FACULTAD DE CIENCIAS FARMACEUTICAS Y ALIMENTARIAS,RIONEGRO,CIENCIAS CULINARIAS - CARMEN DE VIBORAL,0.699,9
MEDELLIN,FACULTAD DE INGENIERIA,APARTADO,INGENIERIA DE SISTEMAS - REGION,0.6983,9
CARMENVI,FACULTAD DE CIENCIAS AGRARIAS,MONTEBELLO,INGENIERIA AGROPECUARIA - CARMEN DE VIBORAL,0.6983,9
MEDELLIN,FACULTAD DE INGENIERIA,CHIGORODO,INGENIERIA AMBIENTAL REGION,0.6971,9
APARTADO,ESCUELA DE MICROBIOLOGIA,APARTADO,MICROBIOLOGIA INDUSTRIAL Y AMBIENTAL-URABA (APARTADO),0.6963,9
CAUCASIA,FACULTAD DE CIENCIAS EXACTAS Y NATURALES,MONTELIBANO,BIOLOGIA - CAUCASIA,0.6956,9
MEDELLIN,FACULTAD DE CIENCIAS AGRARIAS,AMALFI,TECNOLOGIA EN GESTION DE INSUMOS AGROPECUARIOS,0.6951,9
MEDELLIN,FACULTAD DE CIENCIAS AGRARIAS,CAUCASIA,TECNOLOGIA EN GESTION DE INSUMOS AGROPECUARIOS,0.6951,9
STAFEANT,FACULTAD DE COMUNICACIONES Y FILOLOGIA,ITAGUI,COMUNICACION SOCIAL - PERIODISMO SANTA FE DE ANTIOQUIA,0.695,9
MEDELLIN,FACULTAD DE CIENCIAS AGRARIAS,JAMUNDI,TECNOLOGIA EN GESTION DE INSUMOS AGROPECUARIOS,0.6947,9
MEDELLIN,FACULTAD DE INGENIERIA,CERETE,INGENIERIA DE SISTEMAS - REGION,0.6944,9
CARMENVI,FACULTAD DE CIENCIAS AGRARIAS,RIONEGRO,INGENIERIA AGROPECUARIA - CARMEN DE VIBORAL,0.6944,9
APARTADO,FACULTAD DE COMUNICACIONES Y FILOLOGIA,APARTADO,COMUNICACION SOCIAL - PERIODISMO APARTADO,0.6935,9
CARMENVI,FACULTAD DE CIENCIAS AGRARIAS,LA UNION,INGENIERIA AGROPECUARIA - CARMEN DE VIBORAL,0.6928,9
TURBO,FACULTAD DE INGENIERIA,NECOCLI,INGENIERIA OCEANOGRAFICA - TURBO,0.6926,9
APARTADO,FACULTAD DE CIENCIAS ECONOMICAS,APARTADO,CONTADURIA PUBLICA- URABA (APARTADO),0.6925,9
CAUCASIA,FACULTAD DE CIENCIAS ECONOMICAS,EL BAGRE,GESTION EN ECOLOGIA Y TURISMO - CAUCASIA,0.6924,9
APARTADO,FACULTAD DE INGENIERIA,APARTADO,INGENIERIA CIVIL-APARTADO,0.6923,9
CAREPA,FACULTAD DE CIENCIAS AGRARIAS,CHIGORODO,INGENIERIA AGROPECUARIA-CAREPA,0.6918,9
CAUCASIA,FACULTAD DE CIENCIAS FARMACEUTICAS Y ALIMENTARIAS,CAUCASIA,TECNOLOGIA EN REGENCIA DE FARMACIA - CAUCASIA,0.6915,9
TURBO,FACULTAD DE CIENCIAS EXACTAS Y NATURALES,TIERRALTA,OCEANOGRAFIA - TURBO,0.6905,9
CARMENVI,FACULTAD DE CIENCIAS FARMACEUTICAS Y ALIMENTARIAS,EL CARMEN DE VIBORAL,INGENIERIA DE ALIMENTOS - CARMEN DE VIBORAL,0.6895,9
MEDELLIN,FACULTAD DE INGENIERIA,APARTADO,INGENIERIA DE TELECOMUNICACIONES REGION,0.6895,9
P-BERRIO,FACULTAD DE CIENCIAS FARMACEUTICAS Y ALIMENTARIAS,PUERTO BERRIO,TECNOLOGIA EN REGENCIA DE FARMACIA - PUERTO BERRIO,0.689,9
MEDELLIN,FACULTAD DE INGENIERIA,TURBO,INGENIERIA DE SISTEMAS - REGION,0.6889,9
APARTADO,FACULTAD DE CIENCIAS EXACTAS Y NATURALES,TURBO,MATEMATICAS - APARTADO,0.6887,9
CARMENVI,FACULTAD DE CIENCIAS AGRARIAS,GUATAPE,INGENIERIA AGROPECUARIA - CARMEN DE VIBORAL,0.6886,9
CARMENVI,FACULTAD DE CIENCIAS FARMACEUTICAS Y ALIMENTARIAS,MEDELLIN,CIENCIAS CULINARIAS - CARMEN DE VIBORAL,0.6886,9
SONSON,INSTITUTO UNIVERSITARIO DE EDUCACION FISICA Y DEPORTES,SONSON,LICENCIATURA EN EDUCACION FISICA - SONSON,0.6877,9
CARMENVI,FACULTAD DE CIENCIAS FARMACEUTICAS Y ALIMENTARIAS,EL CARMEN DE VIBORAL,CIENCIAS CULINARIAS - CARMEN DE VIBORAL,0.6876,9
CARMENVI,FACULTAD DE CIENCIAS AGRARIAS,MEDELLIN,INGENIERIA AGROPECUARIA - CARMEN DE VIBORAL,0.6874,9
MEDELLIN,FACULTAD DE INGENIERIA,APARTADO,INGENIERIA INDUSTRIAL REGION,0.6872,9
CARMENVI,FACULTAD DE CIENCIAS AGRARIAS,PUERTO NARE,INGENIERIA AGROPECUARIA - CARMEN DE VIBORAL,0.6867,9
MEDELLIN,FACULTAD DE CIENCIAS AGRARIAS,TARAZA,TECNOLOGIA EN GESTION DE INSUMOS AGROPECUARIOS,0.6861,9
CAREPA,FACULTAD DE CIENCIAS AGRARIAS,CAREPA,INGENIERIA AGROPECUARIA-CAREPA,0.6844,9
CAREPA,FACULTAD DE CIENCIAS AGRARIAS,TURBO,INGENIERIA AGROPECUARIA-CAREPA,0.6843,9
MEDELLIN,FACULTAD DE INGENIERIA,CAREPA,INGENIERIA INDUSTRIAL REGION,0.6842,9
TURBO,FACULTAD DE CIENCIAS EXACTAS Y NATURALES,APARTADO,ECOLOGIA DE ZONAS COSTERAS - TURBO,0.6839,9
CARMENVI,FACULTAD DE ARTES,MARINILLA,LICENCIATURA EN ARTES PLASTICAS - CARMEN DE VIBORAL,0.6827,9
MEDELLIN,FACULTAD DE INGENIERIA,NECOCLI,INGENIERIA INDUSTRIAL REGION,0.6819,9
CAUCASIA,FACULTAD DE CIENCIAS FARMACEUTICAS Y ALIMENTARIAS,CAUCASIA,TECNOLOGIA EN REGENCIA DE FARMACIA - CAUCASIA,0.6815,9
CARMENVI,FACULTAD DE CIENCIAS EXACTAS Y NATURALES,GUARNE,BIOLOGIA - CARMEN DE VIBORAL,0.6813,9
MEDELLIN,FACULTAD DE INGENIERIA,CHIGORODO,INGENIERIA INDUSTRIAL REGION,0.6811,9
CAREPA,FACULTAD DE INGENIERIA,CAREPA,INGENIERIA AGROINDUSTRIAL-URABA,0.6808,9
CARMENVI,FACULTAD DE CIENCIAS FARMACEUTICAS Y ALIMENTARIAS,GUARNE,TECNOLOGIA EN REGENCIA DE FARMACIA - CARMEN DE VIBORAL,0.6785,9
CAREPA,FACULTAD DE CIENCIAS AGRARIAS,APARTADO,INGENIERIA AGROPECUARIA-CAREPA,0.6777,9
MEDELLIN,FACULTAD DE INGENIERIA,CAREPA,INGENIERIA DE SISTEMAS - REGION,0.6772,9
MEDELLIN,FACULTAD DE CIENCIAS AGRARIAS,CAREPA,TECNOLOGIA EN GESTION DE INSUMOS AGROPECUARIOS,0.6772,9
MEDELLIN,FACULTAD DE INGENIERIA,TURBO,INGENIERIA DE SISTEMAS - REGION,0.6772,9
TURBO,FACULTAD DE CIENCIAS EXACTAS Y NATURALES,TURBO,ECOLOGIA DE ZONAS COSTERAS - TURBO,0.676,9
MEDELLIN,FACULTAD DE CIENCIAS AGRARIAS,YARUMAL,TECNOLOGIA EN GESTION DE INSUMOS AGROPECUARIOS,0.6755,9
MEDELLIN,FACULTAD DE CIENCIAS AGRARIAS,TARAZA,TECNOLOGIA EN GESTION DE INSUMOS AGROPECUARIOS,0.6731,9
TURBO,FACULTAD DE CIENCIAS EXACTAS Y NATURALES,TURBO,ECOLOGIA DE ZONAS COSTERAS - TURBO,0.673,9
MEDELLIN,FACULTAD DE CIENCIAS AGRARIAS,ANORI,TECNOLOGIA EN GESTION DE INSUMOS AGROPECUARIOS,0.672,9
TURBO,FACULTAD DE CIENCIAS EXACTAS Y NATURALES,TURBO,OCEANOGRAFIA - TURBO,0.6716,9
TURBO,FACULTAD DE INGENIERIA,TURBO,INGENIERIA OCEANOGRAFICA - TURBO,0.6707,9
MEDELLIN,FACULTAD DE CIENCIAS AGRARIAS,YARUMAL,TECNOLOGIA EN GESTION DE INSUMOS AGROPECUARIOS,0.6696,9
APARTADO,FACULTAD DE INGENIERIA,APARTADO,INGENIERIA SANITARIA-APARTADO,0.6671,9
P-BERRIO,FACULTAD DE CIENCIAS FARMACEUTICAS Y ALIMENTARIAS,PUERTO BERRIO,TECNOLOGIA EN REGENCIA DE FARMACIA - PUERTO BERRIO,0.667,9
CAREPA,FACULTAD DE INGENIERIA,NECOCLI,INGENIERIA BIOQUIMICA-URABA,0.6665,9
STAFEANT,FACULTAD DE COMUNICACIONES Y FILOLOGIA,BELLO,COMUNICACION SOCIAL - PERIODISMO SANTA FE DE ANTIOQUIA,0.666,9
CAREPA,FACULTAD DE CIENCIAS AGRARIAS,CHIGORODO,INGENIERIA AGROPECUARIA-CAREPA,0.6659,9
CARMENVI,ESCUELA DE IDIOMAS,LA CEJA,LICENCIATURA EN LENGUAS EXTRANJERAS - CARMEN DE VIBORAL,0.6655,9
TURBO,FACULTAD DE CIENCIAS EXACTAS Y NATURALES,CHIGORODO,OCEANOGRAFIA - TURBO,0.6652,9
APARTADO,ESCUELA DE MICROBIOLOGIA,TURBO,MICROBIOLOGIA INDUSTRIAL Y AMBIENTAL-URABA (APARTADO),0.6643,9
TURBO,FACULTAD DE CIENCIAS EXACTAS Y NATURALES,TURBO,ECOLOGIA DE ZONAS COSTERAS - TURBO,0.6633,9
MEDELLIN,FACULTAD DE INGENIERIA,CHIGORODO,INGENIERIA DE SISTEMAS - REGION,0.6623,9
CARMENVI,FACULTAD DE ARTES,EL PENOL,LICENCIATURA EN TEATRO- CARMEN DE VIBORAL,0.6622,9
MEDELLIN,FACULTAD DE INGENIERIA,SAN PEDRO DE URABA,INGENIERIA INDUSTRIAL REGION,0.6616,9
APARTADO,FACULTAD DE INGENIERIA,APARTADO,INGENIERIA CIVIL-APARTADO,0.6612,9
YARUMAL,FACULTAD DE COMUNICACIONES Y FILOLOGIA,YARUMAL,COMUNICACION SOCIAL - PERIODISMO YARUMAL,0.6608,9
CAREPA,FACULTAD DE INGENIERIA,APARTADO,INGENIERIA AGROINDUSTRIAL-URABA,0.6607,9
CARMENVI,FACULTAD DE CIENCIAS FARMACEUTICAS Y ALIMENTARIAS,MARINILLA,CIENCIAS CULINARIAS - CARMEN DE VIBORAL,0.6603,9
CAREPA,FACULTAD DE INGENIERIA,APARTADO,INGENIERIA BIOQUIMICA-URABA,0.6602,9
CARMENVI,INSTITUTO UNIVERSITARIO DE EDUCACION FISICA Y DEPORTES,GUARNE,LICENCIATURA EN EDUCACION FISICA - CARMEN DE VIBORAL,0.6599,9
CARMENVI,FACULTAD DE CIENCIAS FARMACEUTICAS Y ALIMENTARIAS,LA CEJA,CIENCIAS CULINARIAS - CARMEN DE VIBORAL,0.6597,9
MEDELLIN,FACULTAD DE INGENIERIA,CAREPA,INGENIERIA DE TELECOMUNICACIONES REGION,0.659,9
CARMENVI,FACULTAD DE CIENCIAS ECONOMICAS,LA CEJA,DESARROLLO TERRITORIAL- CARMEN DE VIBORAL,0.6585,9
MEDELLIN,FACULTAD DE CIENCIAS AGRARIAS,BRICENO,TECNOLOGIA EN GESTION DE INSUMOS AGROPECUARIOS,0.6566,9
CARMENVI,FACULTAD DE EDUCACION,EL CARMEN DE VIBORAL,LICENCIATURA EN MATEMATICAS-CARMEN DE VIBORAL,0.656,9
CAREPA,FACULTAD DE INGENIERIA,NECOCLI,INGENIERIA AGROINDUSTRIAL-URABA,0.6558,9
CARMENVI,FACULTAD DE CIENCIAS AGRARIAS,LA CEJA,INGENIERIA AGROPECUARIA - CARMEN DE VIBORAL,0.6557,9
MEDELLIN,FACULTAD DE INGENIERIA,TURBO,INGENIERIA INDUSTRIAL REGION,0.6554,9
TURBO,FACULTAD DE CIENCIAS ECONOMICAS,TURBO,ADMINISTRACION DE EMPRESAS - TURBO,0.6552,9
APARTADO,FACULTAD DE INGENIERIA,APARTADO,INGENIERIA SANITARIA-APARTADO,0.6552,9
STAFEANT,FACULTAD DE COMUNICACIONES Y FILOLOGIA,SOPETRAN,COMUNICACION SOCIAL - PERIODISMO SANTA FE DE ANTIOQUIA,0.6551,9
MEDELLIN,FACULTAD DE INGENIERIA,APARTADO,INGENIERIA DE SISTEMAS - REGION,0.6551,9
CARMENVI,INSTITUTO UNIVERSITARIO DE EDUCACION FISICA Y DEPORTES,RETIRO,LICENCIATURA EN EDUCACION FISICA - CARMEN DE VIBORAL,0.655,9
MEDELLIN,FACULTAD DE INGENIERIA,TURBO,INGENIERIA INDUSTRIAL REGION,0.6547,9
MEDELLIN,FACULTAD DE INGENIERIA,APARTADO,INGENIERIA DE SISTEMAS - REGION,0.6547,9
CARMENVI,INSTITUTO UNIVERSITARIO DE EDUCACION FISICA Y DEPORTES,MARINILLA,LICENCIATURA EN EDUCACION FISICA - CARMEN DE VIBORAL,0.6533,9
CARMENVI,FACULTAD DE CIENCIAS ECONOMICAS,MEDELLIN,GESTION EN ECOLOGIA Y TURISMO - CARMEN DE VIBORAL,0.6521,9
CAREPA,FACULTAD DE CIENCIAS EXACTAS Y NATURALES,CAREPA,BIOLOGIA- CAREPA,0.652,9
CARMENVI,FACULTAD DE CIENCIAS AGRARIAS,GUARNE,INGENIERIA AGROPECUARIA - CARMEN DE VIBORAL,0.6511,9
CAUCASIA,FACULTAD DE EDUCACION,CAUCASIA,LICENCIATURA EN MATEMATICAS-CAUCASIA,0.6503,9
MEDELLIN,FACULTAD DE INGENIERIA,APARTADO,INGENIERIA INDUSTRIAL REGION,0.65,9
TURBO,FACULTAD DE INGENIERIA,CAREPA,INGENIERIA OCEANOGRAFICA - TURBO,0.6492,9
MEDELLIN,FACULTAD DE INGENIERIA,TURBO,INGENIERIA INDUSTRIAL REGION,0.6489,9
P-BERRIO,FACULTAD NACIONAL DE SALUD PUBLICA,PUERTO BERRIO,ADMINISTRACION AMBIENTAL Y SANITARIA-PUERTO BERRIO,0.6487,9
MEDELLIN,FACULTAD DE INGENIERIA,APARTADO,INGENIERIA INDUSTRIAL REGION,0.6484,9
CARMENVI,FACULTAD DE CIENCIAS ECONOMICAS,LA CEJA,ADMINISTRACION DE EMPRESAS - CARMEN DE VIBORAL,0.6478,9
CARMENVI,FACULTAD DE CIENCIAS FARMACEUTICAS Y ALIMENTARIAS,EL CARMEN DE VIBORAL,INGENIERIA DE ALIMENTOS - CARMEN DE VIBORAL,0.6476,9
CAREPA,FACULTAD DE INGENIERIA,TURBO,INGENIERIA BIOQUIMICA-URABA,0.6475,9
CAREPA,FACULTAD DE CIENCIAS AGRARIAS,APARTADO,INGENIERIA AGROPECUARIA-CAREPA,0.647,9
CAREPA,FACULTAD DE INGENIERIA,APARTADO,INGENIERIA AGROINDUSTRIAL-URABA,0.6462,9
CARMENVI,FACULTAD DE CIENCIAS AGRARIAS,EL CARMEN DE VIBORAL,INGENIERIA AGROPECUARIA - CARMEN DE VIBORAL,0.6459,9
P-BERRIO,FACULTAD DE DERECHO Y CIENCIAS POLITICAS,PUERTO NARE,DERECHO - PUERTO BERRIO,0.6456,9
MEDELLIN,FACULTAD DE INGENIERIA,CHIGORODO,INGENIERIA AMBIENTAL REGION,0.6444,9
CAREPA,FACULTAD DE INGENIERIA,APARTADO,INGENIERIA BIOQUIMICA-URABA,0.6443,9
P-BERRIO,FACULTAD DE CIENCIAS FARMACEUTICAS Y ALIMENTARIAS,PUERTO BERRIO,TECNOLOGIA EN REGENCIA DE FARMACIA - PUERTO BERRIO,0.644,9
CAREPA,FACULTAD DE INGENIERIA,CAREPA,INGENIERIA AGROINDUSTRIAL-URABA,0.6439,9
CAUCASIA,FACULTAD NACIONAL DE SALUD PUBLICA,MONTELIBANO,ADMINISTRACION EN SALUD-CAUCASIA,0.6434,9
CARMENVI,FACULTAD DE CIENCIAS EXACTAS Y NATURALES,MEDELLIN,BIOLOGIA - CARMEN DE VIBORAL,0.6434,9
APARTADO,FACULTAD DE INGENIERIA,APARTADO,INGENIERIA SANITARIA-APARTADO,0.6432,9
CAREPA,FACULTAD DE DERECHO Y CIENCIAS POLITICAS,ARBOLETES,DERECHO - CAREPA,0.6431,9
CARMENVI,FACULTAD DE EDUCACION,SAN CARLOS,PEDAGOGIA EN RURALIDAD Y PAZ -CARMEN DE VIBORAL,0.6429,9
CAREPA,FACULTAD DE CIENCIAS AGRARIAS,CAREPA,INGENIERIA AGROPECUARIA-CAREPA,0.6425,9
APARTADO,FACULTAD DE INGENIERIA,APARTADO,INGENIERIA CIVIL-APARTADO,0.6421,9
CAUCASIA,FACULTAD DE EDUCACION,CACERES,LICENCIATURA EN MATEMATICAS-CAUCASIA,0.6416,9
CAREPA,FACULTAD DE INGENIERIA,CHIGORODO,INGENIERIA AGROINDUSTRIAL-URABA,0.6415,9
CAREPA,FACULTAD DE INGENIERIA,APARTADO,INGENIERIA BIOQUIMICA-URABA,0.6405,9
CARMENVI,FACULTAD DE CIENCIAS EXACTAS Y NATURALES,LA UNION,MATEMATICAS - CARMEN DE VIBORAL,0.6403,9
CAREPA,FACULTAD DE INGENIERIA,APARTADO,INGENIERIA BIOQUIMICA-URABA,0.6399,9
TURBO,FACULTAD DE CIENCIAS FARMACEUTICAS Y ALIMENTARIAS,TURBO,TECNOLOGIA EN REGENCIA DE FARMACIA - TURBO,0.6399,9
TURBO,FACULTAD DE CIENCIAS EXACTAS Y NATURALES,TURBO,ECOLOGIA DE ZONAS COSTERAS - TURBO,0.6395,9
CARMENVI,FACULTAD DE CIENCIAS AGRARIAS,LA CEJA,INGENIERIA AGROPECUARIA - CARMEN DE VIBORAL,0.6368,9
MEDELLIN,FACULTAD DE CIENCIAS AGRARIAS,TURBO,TECNOLOGIA EN GESTION DE INSUMOS AGROPECUARIOS,0.6361,9
CARMENVI,FACULTAD DE COMUNICACIONES Y FILOLOGIA,EL CARMEN DE VIBORAL,FILOLOGIA HISPANICA-CARMEN DE VIBORAL,0.635,9
TURBO,FACULTAD DE EDUCACION,TURBO,LICENCIATURA EN CIENCIAS NATURALES-TURBO,0.6346,9
CARMENVI,FACULTAD DE CIENCIAS AGRARIAS,GUARNE,INGENIERIA AGROPECUARIA - CARMEN DE VIBORAL,0.6344,9
CARMENVI,FACULTAD DE EDUCACION,EL CARMEN DE VIBORAL,LICENCIATURA EN EDUCACION INFANTIL-CARMEN DE VIBORAL,0.6342,9
CARMENVI,FACULTAD DE CIENCIAS AGRARIAS,EL PENOL,INGENIERIA AGROPECUARIA - CARMEN DE VIBORAL,0.6338,9
TURBO,FACULTAD DE CIENCIAS ECONOMICAS,TURBO,DESARROLLO TERRITORIAL- TURBO,0.6333,9
CAREPA,FACULTAD DE INGENIERIA,APARTADO,INGENIERIA BIOQUIMICA-URABA,0.633,9
CAREPA,FACULTAD DE CIENCIAS AGRARIAS,CHIGORODO,INGENIERIA AGROPECUARIA-CAREPA,0.6324,9
CAREPA,FACULTAD DE CIENCIAS AGRARIAS,APARTADO,INGENIERIA AGROPECUARIA-CAREPA,0.6323,9
CARMENVI,FACULTAD DE CIENCIAS EXACTAS Y NATURALES,RETIRO,BIOLOGIA - CARMEN DE VIBORAL,0.6322,9
CAREPA,FACULTAD DE INGENIERIA,TURBO,INGENIERIA AGROINDUSTRIAL-URABA,0.6318,9
CAREPA,FACULTAD DE CIENCIAS AGRARIAS,CAREPA,INGENIERIA AGROPECUARIA-CAREPA,0.6318,9
CAUCASIA,FACULTAD DE EDUCACION,CAUCASIA,LICENCIATURA EN MATEMATICAS-CAUCASIA,0.6308,9
CARMENVI,FACULTAD DE ARTES,LA CEJA,LICENCIATURA EN ARTES PLASTICAS - CARMEN DE VIBORAL,0.6302,9
MEDELLIN,FACULTAD DE INGENIERIA,TURBO,INGENIERIA DE SISTEMAS - REGION,0.63,9
APARTADO,FACULTAD DE INGENIERIA,CAREPA,INGENIERIA CIVIL-APARTADO,0.6296,9
TURBO,FACULTAD DE INGENIERIA,TURBO,INGENIERIA OCEANOGRAFICA - TURBO,0.6294,9
MEDELLIN,FACULTAD DE CIENCIAS AGRARIAS,ANDES,TECNOLOGIA EN GESTION DE INSUMOS AGROPECUARIOS,0.629,9
CARMENVI,FACULTAD DE CIENCIAS AGRARIAS,LA CEJA,INGENIERIA AGROPECUARIA - CARMEN DE VIBORAL,0.6277,9
CARMENVI,FACULTAD DE EDUCACION,SAN RAFAEL,LICENCIATURA EN EDUCACION INFANTIL-CARMEN DE VIBORAL,0.6268,9
APARTADO,FACULTAD DE COMUNICACIONES Y FILOLOGIA,APARTADO,COMUNICACION SOCIAL - PERIODISMO APARTADO,0.6268,9
ANDES,FACULTAD DE CIENCIAS EXACTAS Y NATURALES,ANDES,BIOLOGIA - ANDES,0.6262,9
CARMENVI,FACULTAD DE ARTES,LA UNION,LICENCIATURA EN ARTES PLASTICAS - CARMEN DE VIBORAL,0.6261,9
ANDES,ESCUELA DE MICROBIOLOGIA,JARDIN,MICROBIOLOGIA INDUSTRIAL Y AMBIENTAL-ANDES,0.626,9
CAUCASIA,FACULTAD DE EDUCACION,CAUCASIA,LICENCIATURA EN MATEMATICAS-CAUCASIA,0.6259,9
MEDELLIN,FACULTAD DE INGENIERIA,CAREPA,INGENIERIA DE SISTEMAS - REGION,0.6257,9
CAUCASIA,FACULTAD DE CIENCIAS SOCIALES Y HUMANAS,SAN JOSE DE URE,PSICOLOGIA - CAUCASIA,0.6257,9
TURBO,FACULTAD DE CIENCIAS EXACTAS Y NATURALES,SAN JUAN DE URABA,ECOLOGIA DE ZONAS COSTERAS - TURBO,0.6251,9
TURBO,FACULTAD DE INGENIERIA,TURBO,INGENIERIA OCEANOGRAFICA - TURBO,0.625,9
CAUCASIA,FACULTAD DE CIENCIAS AGRARIAS,CACERES,INGENIERIA AGROPECUARIA - CAUCASIA,0.6247,9
STAFEANT,FACULTAD DE COMUNICACIONES Y FILOLOGIA,SANTAFE DE ANTIOQUIA,COMUNICACION SOCIAL - PERIODISMO SANTA FE DE ANTIOQUIA,0.6247,9
TURBO,FACULTAD DE CIENCIAS ECONOMICAS,TURBO,DESARROLLO TERRITORIAL- TURBO,0.6239,9
CARMENVI,ESCUELA DE MICROBIOLOGIA,RIONEGRO,MICROBIOLOGIA INDUSTRIAL Y AMBIENTAL-CARMEN DE VIBORAL,0.6235,9
CARMENVI,FACULTAD DE CIENCIAS EXACTAS Y NATURALES,LA CEJA,BIOLOGIA - CARMEN DE VIBORAL,0.6228,9
APARTADO,FACULTAD DE INGENIERIA,CAREPA,INGENIERIA SANITARIA-APARTADO,0.6225,9
MEDELLIN,FACULTAD DE CIENCIAS AGRARIAS,PUEBLORRICO,TECNOLOGIA EN GESTION DE INSUMOS AGROPECUARIOS,0.6218,9
CARMENVI,FACULTAD DE COMUNICACIONES Y FILOLOGIA,SAN VICENTE,FILOLOGIA HISPANICA-CARMEN DE VIBORAL,0.6212,9
TURBO,FACULTAD DE EDUCACION,TURBO,LICENCIATURA EN EDUCACION INFANTIL-TURBO,0.6208,9
APARTADO,FACULTAD DE INGENIERIA,APARTADO,INGENIERIA SANITARIA-APARTADO,0.6207,9
CAREPA,FACULTAD DE CIENCIAS AGRARIAS,NECOCLI,INGENIERIA AGROPECUARIA-CAREPA,0.6204,9
ANDES,FACULTAD DE CIENCIAS AGRARIAS,HISPANIA,INGENIERIA AGROPECUARIA - ANDES,0.62,9
CAREPA,FACULTAD DE INGENIERIA,CAREPA,INGENIERIA BIOQUIMICA-URABA,0.6198,9
CARMENVI,FACULTAD DE CIENCIAS AGRARIAS,LA CEJA,INGENIERIA AGROPECUARIA - CARMEN DE VIBORAL,0.6188,9
CARMENVI,FACULTAD DE EDUCACION,EL CARMEN DE VIBORAL,LICENCIATURA EN CIENCIAS SOCIALES-CARMEN DE VIBORAL,0.6183,9
APARTADO,FACULTAD DE INGENIERIA,TURBO,INGENIERIA CIVIL-APARTADO,0.6159,9
CARMENVI,FACULTAD DE CIENCIAS EXACTAS Y NATURALES,RIONEGRO,BIOLOGIA - CARMEN DE VIBORAL,0.6157,9
MEDELLIN,FACULTAD DE INGENIERIA,CHIGORODO,INGENIERIA INDUSTRIAL REGION,0.6155,9
TURBO,FACULTAD DE EDUCACION,MEDELLIN,LICENCIATURA EN CIENCIAS NATURALES-TURBO,0.615,9
ANDES,INSTITUTO UNIVERSITARIO DE EDUCACION FISICA Y DEPORTES,ANDES,ENTRENAMIENTO DEPORTIVO - ANDES,0.6149,9
APARTADO,ESCUELA DE MICROBIOLOGIA,APARTADO,MICROBIOLOGIA INDUSTRIAL Y AMBIENTAL-URABA (APARTADO),0.6138,9
SEGOVIA,FACULTAD NACIONAL DE SALUD PUBLICA,REMEDIOS,TECNOLOGIA EN ADMINISTRACION DE SERVICIOS DE SALUD-SEGOVIA,0.6134,9
CARMENVI,FACULTAD DE EDUCACION,EL CARMEN DE VIBORAL,LICENCIATURA EN EDUCACION INFANTIL-CARMEN DE VIBORAL,0.6133,9
APARTADO,FACULTAD DE INGENIERIA,APARTADO,INGENIERIA SANITARIA-APARTADO,0.6129,9
APARTADO,FACULTAD DE INGENIERIA,TURBO,INGENIERIA CIVIL-APARTADO,0.6128,9
SEGOVIA,FACULTAD NACIONAL DE SALUD PUBLICA,REMEDIOS,ADMINISTRACION AMBIENTAL Y SANITARIA- SEGOVIA,0.6126,9
MEDELLIN,FACULTAD DE INGENIERIA,SAN PEDRO DE URABA,INGENIERIA AMBIENTAL REGION,0.6114,9
TURBO,FACULTAD DE CIENCIAS EXACTAS Y NATURALES,TURBO,OCEANOGRAFIA - TURBO,0.611,9
CAREPA,FACULTAD DE CIENCIAS AGRARIAS,CHIGORODO,INGENIERIA AGROPECUARIA-CAREPA,0.6105,9
APARTADO,FACULTAD DE INGENIERIA,TURBO,INGENIERIA CIVIL-APARTADO,0.6103,9
ANDES,FACULTAD DE CIENCIAS EXACTAS Y NATURALES,ANDES,BIOLOGIA - ANDES,0.6102,9
MEDELLIN,FACULTAD DE INGENIERIA,CAREPA,INGENIERIA AMBIENTAL REGION,0.6095,9
CAREPA,FACULTAD DE INGENIERIA,TURBO,INGENIERIA BIOQUIMICA-URABA,0.6091,9
APARTADO,FACULTAD DE ARTES,APARTADO,LICENCIATURA EN MUSICA - APARTADO,0.6084,9
TURBO,FACULTAD DE INGENIERIA,TURBO,INGENIERIA OCEANOGRAFICA - TURBO,0.6084,9
CARMENVI,FACULTAD DE ARTES,EL CARMEN DE VIBORAL,GESTION CULTURAL - CARMEN DE VIBORAL,0.6082,9
SEGOVIA,INSTITUTO UNIVERSITARIO DE EDUCACION FISICA Y DEPORTES,ANGOSTURA,LICENCIATURA EN EDUCACION FISICA - SEGOVIA,0.608,9
CAREPA,FACULTAD DE INGENIERIA,CHIGORODO,INGENIERIA AGROINDUSTRIAL-URABA,0.6077,9
MEDELLIN,FACULTAD DE CIENCIAS AGRARIAS,LA UNION,TECNOLOGIA EN GESTION DE INSUMOS AGROPECUARIOS,0.6073,9
CARMENVI,FACULTAD DE CIENCIAS FARMACEUTICAS Y ALIMENTARIAS,RIONEGRO,INGENIERIA DE ALIMENTOS - CARMEN DE VIBORAL,0.6068,9
CAUCASIA,FACULTAD DE CIENCIAS ECONOMICAS,AYAPEL,ADMINISTRACION DE EMPRESAS - CAUCASIA,0.6066,9
CAREPA,FACULTAD DE CIENCIAS AGRARIAS,APARTADO,INGENIERIA AGROPECUARIA-CAREPA,0.6066,9
APARTADO,FACULTAD DE INGENIERIA,APARTADO,INGENIERIA SANITARIA-APARTADO,0.6058,9
MEDELLIN,FACULTAD DE INGENIERIA,CHIGORODO,INGENIERIA INDUSTRIAL REGION,0.6037,9
CAREPA,FACULTAD DE INGENIERIA,APARTADO,INGENIERIA AGROINDUSTRIAL-URABA,0.6018,9
APARTADO,FACULTAD DE INGENIERIA,SAN JUAN DE URABA,INGENIERIA SANITARIA-APARTADO,0.6014,9
CAREPA,FACULTAD DE INGENIERIA,TURBO,INGENIERIA BIOQUIMICA-URABA,0.6011,9
CAREPA,FACULTAD DE CIENCIAS EXACTAS Y NATURALES,SAN JUAN DE URABA,BIOLOGIA- CAREPA,0.601,9
MEDELLIN,FACULTAD DE CIENCIAS AGRARIAS,MEDELLIN,TECNOLOGIA EN GESTION DE INSUMOS AGROPECUARIOS,0.6009,9
TURBO,FACULTAD DE CIENCIAS EXACTAS Y NATURALES,TURBO,ECOLOGIA DE ZONAS COSTERAS - TURBO,0.6007,9
CAREPA,FACULTAD DE CIENCIAS AGRARIAS,CHIGORODO,INGENIERIA AGROPECUARIA-CAREPA,0.6007,9
CARMENVI,FACULTAD DE ARTES,DESCONOCIDO,LICENCIATURA EN ARTES PLASTICAS - CARMEN DE VIBORAL,0.6005,9
CAUCASIA,FACULTAD DE CIENCIAS ECONOMICAS,LA APARTADA,ADMINISTRACION DE EMPRESAS - CAUCASIA,0.6005,9
TURBO,FACULTAD DE EDUCACION,TURBO,LICENCIATURA EN MATEMATICAS-TURBO,0.6001,9
TURBO,FACULTAD DE EDUCACION,APARTADO,PEDAGOGIA EN RURALIDAD Y PAZ - TURBO,0.6,9
APARTADO,FACULTAD DE INGENIERIA,APARTADO,INGENIERIA CIVIL-APARTADO,0.6,9
TURBO,FACULTAD DE EDUCACION,MEDELLIN,LICENCIATURA EN FISICA - TURBO,0.5999,9
CARMENVI,FACULTAD DE CIENCIAS EXACTAS Y NATURALES,MARINILLA,BIOLOGIA - CARMEN DE VIBORAL,0.5998,9
CARMENVI,FACULTAD DE CIENCIAS FARMACEUTICAS Y ALIMENTARIAS,EL CARMEN DE VIBORAL,CIENCIAS CULINARIAS - CARMEN DE VIBORAL,0.5995,9
TURBO,FACULTAD DE INGENIERIA,ARMENIA,INGENIERIA OCEANOGRAFICA - TURBO,0.5994,9
CAREPA,FACULTAD DE INGENIERIA,CAREPA,INGENIERIA BIOQUIMICA-URABA,0.5988,9
ANDES,FACULTAD DE CIENCIAS FARMACEUTICAS Y ALIMENTARIAS,CIUDAD BOLIVAR,TECNOLOGIA EN REGENCIA DE FARMACIA - ANDES,0.5984,9
AMALFI,FACULTAD DE EDUCACION,AMALFI,PEDAGOGIA EN RURALIDAD Y PAZ- AMALFI,0.5983,9
CAREPA,FACULTAD DE CIENCIAS EXACTAS Y NATURALES,CHIGORODO,BIOLOGIA- CAREPA,0.5982,9
TURBO,FACULTAD DE EDUCACION,TURBO,LICENCIATURA EN MATEMATICAS-TURBO,0.5979,9
MEDELLIN,FACULTAD DE INGENIERIA,APARTADO,INGENIERIA AMBIENTAL REGION,0.5979,9
ANDES,INSTITUTO UNIVERSITARIO DE EDUCACION FISICA Y DEPORTES,ANDES,ENTRENAMIENTO DEPORTIVO - ANDES,0.5975,9
ANDES,INSTITUTO UNIVERSITARIO DE EDUCACION FISICA Y DEPORTES,ANDES,ENTRENAMIENTO DEPORTIVO - ANDES,0.5972,9
CAREPA,FACULTAD DE CIENCIAS AGRARIAS,CAREPA,INGENIERIA AGROPECUARIA-CAREPA,0.5963,9
CAUCASIA,INSTITUTO UNIVERSITARIO DE EDUCACION FISICA Y DEPORTES,CAUCASIA,LICENCIATURA EN EDUCACION FISICA - CAUCASIA,0.5962,9
CARMENVI,FACULTAD DE CIENCIAS AGRARIAS,LA CEJA,INGENIERIA AGROPECUARIA - CARMEN DE VIBORAL,0.5959,9
MEDELLIN,FACULTAD DE INGENIERIA,CHIGORODO,INGENIERIA DE SISTEMAS - REGION,0.5951,9
ANDES,INSTITUTO UNIVERSITARIO DE EDUCACION FISICA Y DEPORTES,ANDES,ENTRENAMIENTO DEPORTIVO - ANDES,0.595,9
CARMENVI,FACULTAD DE EDUCACION,RIONEGRO,LICENCIATURA EN CIENCIAS SOCIALES-CARMEN DE VIBORAL,0.5947,9
MEDELLIN,FACULTAD DE INGENIERIA,CHIGORODO,INGENIERIA INDUSTRIAL REGION,0.594,9
ANDES,INSTITUTO UNIVERSITARIO DE EDUCACION FISICA Y DEPORTES,JARDIN,ENTRENAMIENTO DEPORTIVO - ANDES,0.5937,9
CARMENVI,FACULTAD DE EDUCACION,RIONEGRO,LICENCIATURA EN EDUCACION INFANTIL-CARMEN DE VIBORAL,0.5928,9
CAREPA,FACULTAD DE CIENCIAS AGRARIAS,CAREPA,INGENIERIA AGROPECUARIA-CAREPA,0.5927,9
MEDELLIN,FACULTAD DE CIENCIAS AGRARIAS,MEDELLIN,TECNOLOGIA EN GESTION DE INSUMOS AGROPECUARIOS,0.5927,9
MEDELLIN,FACULTAD DE CIENCIAS AGRARIAS,MEDELLIN,TECNOLOGIA EN GESTION DE INSUMOS AGROPECUARIOS,0.5926,9
CAUCASIA,FACULTAD DE EDUCACION,CAUCASIA,LICENCIATURA EN EDUCACION INFANTIL - CAUCASIA,0.5923,9
TURBO,FACULTAD DE EDUCACION,TURBO,PEDAGOGIA EN RURALIDAD Y PAZ - TURBO,0.5917,9
ANDES,FACULTAD DE CIENCIAS EXACTAS Y NATURALES,JARDIN,BIOLOGIA - ANDES,0.591,9
CAUCASIA,FACULTAD DE CIENCIAS ECONOMICAS,CAUCASIA,ADMINISTRACION DE EMPRESAS - CAUCASIA,0.5908,9
MEDELLIN,FACULTAD DE CIENCIAS AGRARIAS,YARUMAL,TECNOLOGIA EN GESTION DE INSUMOS AGROPECUARIOS,0.5902,9
CAREPA,FACULTAD DE CIENCIAS AGRARIAS,CHIGORODO,INGENIERIA AGROPECUARIA-CAREPA,0.5901,9
CAUCASIA,FACULTAD DE CIENCIAS ECONOMICAS,CAUCASIA,ADMINISTRACION DE EMPRESAS - CAUCASIA,0.5898,9
CAUCASIA,FACULTAD DE EDUCACION,ZARAGOZA,LICENCIATURA EN MATEMATICAS-CAUCASIA,0.5892,9
APARTADO,FACULTAD DE INGENIERIA,APARTADO,INGENIERIA SANITARIA-APARTADO,0.5887,9
CARMENVI,FACULTAD DE ARTES,RIONEGRO,GESTION CULTURAL - CARMEN DE VIBORAL,0.5884,9
MEDELLIN,FACULTAD DE CIENCIAS AGRARIAS,BELLO,TECNOLOGIA EN GESTION DE INSUMOS AGROPECUARIOS,0.588,9
CAREPA,FACULTAD DE INGENIERIA,APARTADO,INGENIERIA BIOQUIMICA-URABA,0.5879,9
AMALFI,FACULTAD DE EDUCACION,AMALFI,PEDAGOGIA EN RURALIDAD Y PAZ- AMALFI,0.5879,9
APARTADO,FACULTAD DE INGENIERIA,APARTADO,INGENIERIA SANITARIA-APARTADO,0.5876,9
TURBO,FACULTAD DE INGENIERIA,TURBO,INGENIERIA OCEANOGRAFICA - TURBO,0.5874,9
CARMENVI,FACULTAD DE CIENCIAS EXACTAS Y NATURALES,RIONEGRO,BIOLOGIA - CARMEN DE VIBORAL,0.5872,9
CAUCASIA,FACULTAD DE CIENCIAS ECONOMICAS,CAUCASIA,ADMINISTRACION DE EMPRESAS - CAUCASIA,0.587,9
CARMENVI,FACULTAD DE ARTES,RIONEGRO,LICENCIATURA EN ARTES PLASTICAS - CARMEN DE VIBORAL,0.5868,9
CAUCASIA,FACULTAD DE CIENCIAS ECONOMICAS,CAUCASIA,ADMINISTRACION DE EMPRESAS - CAUCASIA,0.5864,9
CARMENVI,FACULTAD DE CIENCIAS EXACTAS Y NATURALES,MARINILLA,BIOLOGIA - CARMEN DE VIBORAL,0.5855,9
CAREPA,FACULTAD DE CIENCIAS AGRARIAS,CAREPA,INGENIERIA AGROPECUARIA-CAREPA,0.5855,9
TURBO,FACULTAD DE CIENCIAS ECONOMICAS,TURBO,DESARROLLO TERRITORIAL- TURBO,0.5853,9
ANDES,INSTITUTO UNIVERSITARIO DE EDUCACION FISICA Y DEPORTES,JARDIN,ENTRENAMIENTO DEPORTIVO - ANDES,0.5847,9
AMALFI,FACULTAD DE EDUCACION,YOLOMBO,PEDAGOGIA EN RURALIDAD Y PAZ- AMALFI,0.5846,9
CARMENVI,INSTITUTO UNIVERSITARIO DE EDUCACION FISICA Y DEPORTES,EL SANTUARIO,LICENCIATURA EN EDUCACION FISICA - CARMEN DE VIBORAL,0.584,9
CAUCASIA,FACULTAD DE CIENCIAS ECONOMICAS,CAUCASIA,ADMINISTRACION DE EMPRESAS - CAUCASIA,0.5836,9
MEDELLIN,FACULTAD DE CIENCIAS AGRARIAS,YARUMAL,TECNOLOGIA EN GESTION DE INSUMOS AGROPECUARIOS,0.5828,9
MEDELLIN,FACULTAD DE INGENIERIA,DABEIBA,INGENIERIA INDUSTRIAL REGION,0.5827,9
MEDELLIN,FACULTAD DE CIENCIAS AGRARIAS,SOPETRAN,TECNOLOGIA EN GESTION DE INSUMOS AGROPECUARIOS,0.582,9
CAREPA,FACULTAD DE CIENCIAS AGRARIAS,APARTADO,INGENIERIA AGROPECUARIA-CAREPA,0.5815,9
SEGOVIA,FACULTAD DE DERECHO Y CIENCIAS POLITICAS,REMEDIOS,DERECHO SEGOVIA,0.581,9
ANDES,INSTITUTO UNIVERSITARIO DE EDUCACION FISICA Y DEPORTES,ANDES,ENTRENAMIENTO DEPORTIVO - ANDES,0.5801,9
CAREPA,FACULTAD DE INGENIERIA,APARTADO,INGENIERIA BIOQUIMICA-URABA,0.58,9
TURBO,FACULTAD DE EDUCACION,TURBO,LICENCIATURA EN EDUCACION INFANTIL-TURBO,0.5797,9
CARMENVI,FACULTAD DE EDUCACION,MARINILLA,LICENCIATURA EN MATEMATICAS-CARMEN DE VIBORAL,0.5796,9
CARMENVI,FACULTAD DE CIENCIAS EXACTAS Y NATURALES,LA UNION,BIOLOGIA - CARMEN DE VIBORAL,0.5795,9
CARMENVI,FACULTAD DE ARTES,EL CARMEN DE VIBORAL,GESTION CULTURAL - CARMEN DE VIBORAL,0.5793,9
CARMENVI,FACULTAD DE CIENCIAS ECONOMICAS,RETIRO,DESARROLLO TERRITORIAL- CARMEN DE VIBORAL,0.5792,9
SEGOVIA,FACULTAD NACIONAL DE SALUD PUBLICA,SEGOVIA,TECNOLOGIA EN ADMINISTRACION DE SERVICIOS DE SALUD-SEGOVIA,0.5789,9
MEDELLIN,FACULTAD DE CIENCIAS AGRARIAS,CACERES,TECNOLOGIA EN GESTION DE INSUMOS AGROPECUARIOS,0.5788,9
CARMENVI,FACULTAD DE CIENCIAS FARMACEUTICAS Y ALIMENTARIAS,PUERTO TRIUNFO,TECNOLOGIA EN REGENCIA DE FARMACIA - CARMEN DE VIBORAL,0.5781,9
MEDELLIN,FACULTAD DE INGENIERIA,CAREPA,INGENIERIA INDUSTRIAL REGION,0.5779,9
CAREPA,FACULTAD DE INGENIERIA,CAREPA,INGENIERIA AGROINDUSTRIAL-URABA,0.5777,9
CARMENVI,FACULTAD DE CIENCIAS FARMACEUTICAS Y ALIMENTARIAS,LA CEJA,INGENIERIA DE ALIMENTOS - CARMEN DE VIBORAL,0.5777,9
APARTADO,FACULTAD DE COMUNICACIONES Y FILOLOGIA,APARTADO,COMUNICACION SOCIAL - PERIODISMO APARTADO,0.5766,9
CARMENVI,FACULTAD DE CIENCIAS EXACTAS Y NATURALES,MARINILLA,MATEMATICAS - CARMEN DE VIBORAL,0.5764,9
MEDELLIN,FACULTAD DE CIENCIAS AGRARIAS,CIMITARRA,TECNOLOGIA EN GESTION DE INSUMOS AGROPECUARIOS,0.5755,9
MEDELLIN,FACULTAD DE CIENCIAS AGRARIAS,MEDELLIN,TECNOLOGIA EN GESTION DE INSUMOS AGROPECUARIOS,0.5745,9
CAREPA,FACULTAD DE INGENIERIA,CHIGORODO,INGENIERIA BIOQUIMICA-URABA,0.5744,9
CAREPA,FACULTAD DE CIENCIAS AGRARIAS,CHIGORODO,INGENIERIA AGROPECUARIA-CAREPA,0.5734,9
CAREPA,FACULTAD DE CIENCIAS AGRARIAS,CHIGORODO,INGENIERIA AGROPECUARIA-CAREPA,0.573,9
CARMENVI,FACULTAD DE EDUCACION,EL CARMEN DE VIBORAL,LICENCIATURA EN EDUCACION INFANTIL-CARMEN DE VIBORAL,0.573,9
MEDELLIN,FACULTAD DE CIENCIAS AGRARIAS,CAUCASIA,TECNOLOGIA EN GESTION DE INSUMOS AGROPECUARIOS,0.5722,9
CARMENVI,INSTITUTO UNIVERSITARIO DE EDUCACION FISICA Y DEPORTES,EL PENOL,LICENCIATURA EN EDUCACION FISICA - CARMEN DE VIBORAL,0.572,9
CARMENVI,FACULTAD DE CIENCIAS FARMACEUTICAS Y ALIMENTARIAS,RIONEGRO,INGENIERIA DE ALIMENTOS - CARMEN DE VIBORAL,0.5719,9
APARTADO,FACULTAD DE INGENIERIA,APARTADO,INGENIERIA CIVIL-APARTADO,0.5717,9
TURBO,FACULTAD DE EDUCACION,TURBO,LICENCIATURA EN EDUCACION INFANTIL-TURBO,0.5709,9
CAREPA,FACULTAD DE CIENCIAS AGRARIAS,CHIGORODO,INGENIERIA AGROPECUARIA-CAREPA,0.5704,9
APARTADO,FACULTAD DE INGENIERIA,CAREPA,INGENIERIA SANITARIA-APARTADO,0.5702,9
CARMENVI,FACULTAD DE COMUNICACIONES Y FILOLOGIA,MARINILLA,FILOLOGIA HISPANICA-CARMEN DE VIBORAL,0.5701,9
TURBO,FACULTAD DE CIENCIAS EXACTAS Y NATURALES,TURBO,OCEANOGRAFIA - TURBO,0.5698,9
TURBO,FACULTAD DE EDUCACION,TURBO,LICENCIATURA EN EDUCACION INFANTIL-TURBO,0.5698,9
CAUCASIA,FACULTAD DE CIENCIAS AGRARIAS,CACERES,INGENIERIA AGROPECUARIA - CAUCASIA,0.5694,9
TURBO,FACULTAD DE CIENCIAS EXACTAS Y NATURALES,TURBO,ECOLOGIA DE ZONAS COSTERAS - TURBO,0.5688,9
CARMENVI,ESCUELA DE MICROBIOLOGIA,LA CEJA,MICROBIOLOGIA INDUSTRIAL Y AMBIENTAL-CARMEN DE VIBORAL,0.5688,9
CARMENVI,FACULTAD DE CIENCIAS EXACTAS Y NATURALES,MARINILLA,BIOLOGIA - CARMEN DE VIBORAL,0.5687,9
CARMENVI,FACULTAD DE EDUCACION,LA CEJA,LICENCIATURA EN CIENCIAS SOCIALES-CARMEN DE VIBORAL,0.5686,9
TURBO,FACULTAD DE INGENIERIA,MEDELLIN,INGENIERIA OCEANOGRAFICA - TURBO,0.5684,9
CARMENVI,FACULTAD DE EDUCACION,RIONEGRO,LICENCIATURA EN CIENCIAS NATURALES-CARMEN DE VIBORAL,0.5684,9
APARTADO,FACULTAD DE INGENIERIA,APARTADO,INGENIERIA CIVIL-APARTADO,0.5682,9
MEDELLIN,FACULTAD DE CIENCIAS AGRARIAS,DABEIBA,TECNOLOGIA EN GESTION DE INSUMOS AGROPECUARIOS,0.5678,9
CAREPA,FACULTAD DE CIENCIAS AGRARIAS,CAREPA,INGENIERIA AGROPECUARIA-CAREPA,0.5671,9
SEGOVIA,FACULTAD NACIONAL DE SALUD PUBLICA,SEGOVIA,ADMINISTRACION AMBIENTAL Y SANITARIA- SEGOVIA,0.5665,9
ANDES,INSTITUTO UNIVERSITARIO DE EDUCACION FISICA Y DEPORTES,ANDES,ENTRENAMIENTO DEPORTIVO - ANDES,0.5665,9
CARMENVI,FACULTAD DE CIENCIAS EXACTAS Y NATURALES,EL CARMEN DE VIBORAL,BIOLOGIA - CARMEN DE VIBORAL,0.5661,9
MEDELLIN,FACULTAD DE CIENCIAS AGRARIAS,ANDES,TECNOLOGIA EN GESTION DE INSUMOS AGROPECUARIOS,0.5658,9
CAUCASIA,FACULTAD DE CIENCIAS ECONOMICAS,CAUCASIA,CONTADURIA PUBLICA- CAUCASIA,0.5658,9
CARMENVI,FACULTAD NACIONAL DE SALUD PUBLICA,EL CARMEN DE VIBORAL,ADMINISTRACION AMBIENTAL Y SANITARIA-CARMEN DE VIBORAL,0.5656,9
CAREPA,FACULTAD DE INGENIERIA,MUTATA,INGENIERIA AGROINDUSTRIAL-URABA,0.5651,9
MEDELLIN,FACULTAD DE CIENCIAS AGRARIAS,PUERTO BERRIO,TECNOLOGIA EN GESTION DE INSUMOS AGROPECUARIOS,0.5651,9
MEDELLIN,FACULTAD DE CIENCIAS AGRARIAS,TURBO,TECNOLOGIA EN GESTION DE INSUMOS AGROPECUARIOS,0.5644,9
CAUCASIA,FACULTAD DE CIENCIAS ECONOMICAS,CAUCASIA,CONTADURIA PUBLICA- CAUCASIA,0.5637,9
TURBO,FACULTAD DE EDUCACION,TURBO,LICENCIATURA EN CIENCIAS NATURALES-TURBO,0.5634,9
CARMENVI,ESCUELA DE MICROBIOLOGIA,LA CEJA,MICROBIOLOGIA INDUSTRIAL Y AMBIENTAL-CARMEN DE VIBORAL,0.5634,9
CAREPA,FACULTAD DE INGENIERIA,APARTADO,INGENIERIA BIOQUIMICA-URABA,0.5633,9
MEDELLIN,FACULTAD DE CIENCIAS AGRARIAS,LA APARTADA,TECNOLOGIA EN GESTION DE INSUMOS AGROPECUARIOS,0.563,9
CAREPA,FACULTAD DE INGENIERIA,APARTADO,INGENIERIA BIOQUIMICA-URABA,0.5625,9
MEDELLIN,FACULTAD DE INGENIERIA,NECOCLI,INGENIERIA DE SISTEMAS - REGION,0.5624,9
MEDELLIN,FACULTAD DE INGENIERIA,CHIGORODO,INGENIERIA AMBIENTAL REGION,0.5622,9
MEDELLIN,FACULTAD DE INGENIERIA,APARTADO,INGENIERIA DE SISTEMAS - REGION,0.5611,9
CARMENVI,FACULTAD DE CIENCIAS EXACTAS Y NATURALES,LA CEJA,BIOLOGIA - CARMEN DE VIBORAL,0.5611,9
MEDELLIN,FACULTAD DE CIENCIAS AGRARIAS,ANDES,TECNOLOGIA EN GESTION DE INSUMOS AGROPECUARIOS,0.5608,9
TURBO,FACULTAD DE CIENCIAS EXACTAS Y NATURALES,ACANDI,ECOLOGIA DE ZONAS COSTERAS - TURBO,0.5595,9
CARMENVI,FACULTAD DE EDUCACION,GUARNE,LICENCIATURA EN CIENCIAS SOCIALES-CARMEN DE VIBORAL,0.5592,9
CAREPA,FACULTAD DE INGENIERIA,CAREPA,INGENIERIA AGROINDUSTRIAL-URABA,0.5589,9
APARTADO,FACULTAD DE INGENIERIA,APARTADO,INGENIERIA CIVIL-APARTADO,0.5588,9
CAREPA,FACULTAD DE INGENIERIA,NECOCLI,INGENIERIA BIOQUIMICA-URABA,0.5584,9
CAUCASIA,FACULTAD DE CIENCIAS ECONOMICAS,LA APARTADA,ADMINISTRACION DE EMPRESAS - CAUCASIA,0.5583,9
ANDES,FACULTAD DE DERECHO Y CIENCIAS POLITICAS,ANDES,DERECHO - ANDES,0.5581,9
CAUCASIA,FACULTAD DE CIENCIAS AGRARIAS,CAUCASIA,INGENIERIA AGROPECUARIA - CAUCASIA,0.558,9
CAUCASIA,FACULTAD NACIONAL DE SALUD PUBLICA,CAUCASIA,ADMINISTRACION EN SALUD-CAUCASIA,0.5576,9
TURBO,FACULTAD DE INGENIERIA,TURBO,INGENIERIA OCEANOGRAFICA - TURBO,0.557,9
CARMENVI,FACULTAD DE CIENCIAS AGRARIAS,LA CEJA,INGENIERIA AGROPECUARIA - CARMEN DE VIBORAL,0.5569,9
APARTADO,FACULTAD DE INGENIERIA,TURBO,INGENIERIA CIVIL-APARTADO,0.5568,9
CAUCASIA,FACULTAD DE EDUCACION,CAUCASIA,LICENCIATURA EN MATEMATICAS-CAUCASIA,0.5563,9
MEDELLIN,FACULTAD DE INGENIERIA,CHIGORODO,INGENIERIA INDUSTRIAL REGION,0.5563,9
CARMENVI,FACULTAD DE CIENCIAS AGRARIAS,RIONEGRO,INGENIERIA AGROPECUARIA - CARMEN DE VIBORAL,0.5556,9
MEDELLIN,FACULTAD DE INGENIERIA,MEDELLIN,INGENIERIA DE SISTEMAS - REGION,0.555,9
ANDES,FACULTAD DE DERECHO Y CIENCIAS POLITICAS,JARDIN,DERECHO - ANDES,0.5546,9
ANDES,INSTITUTO UNIVERSITARIO DE EDUCACION FISICA Y DEPORTES,ANDES,ENTRENAMIENTO DEPORTIVO - ANDES,0.5542,9
CAUCASIA,FACULTAD NACIONAL DE SALUD PUBLICA,CAUCASIA,ADMINISTRACION EN SALUD-CAUCASIA,0.554,9
MEDELLIN,FACULTAD DE CIENCIAS AGRARIAS,YARUMAL,TECNOLOGIA EN GESTION DE INSUMOS AGROPECUARIOS,0.5539,9
CAUCASIA,FACULTAD DE EDUCACION,CAUCASIA,LICENCIATURA EN EDUCACION INFANTIL - CAUCASIA,0.5533,9
TURBO,FACULTAD DE EDUCACION,CAREPA,LICENCIATURA EN EDUCACION INFANTIL-TURBO,0.5533,9
CAUCASIA,FACULTAD DE CIENCIAS AGRARIAS,NECHI,INGENIERIA AGROPECUARIA - CAUCASIA,0.5532,9
TURBO,FACULTAD DE CIENCIAS EXACTAS Y NATURALES,APARTADO,OCEANOGRAFIA - TURBO,0.5531,9
CARMENVI,FACULTAD DE EDUCACION,RIONEGRO,LICENCIATURA EN EDUCACION INFANTIL-CARMEN DE VIBORAL,0.5527,9
ANDES,ESCUELA DE MICROBIOLOGIA,ANDES,MICROBIOLOGIA INDUSTRIAL Y AMBIENTAL-ANDES,0.5526,9
CAREPA,FACULTAD DE CIENCIAS AGRARIAS,APARTADO,INGENIERIA AGROPECUARIA-CAREPA,0.5524,9
MEDELLIN,FACULTAD DE CIENCIAS AGRARIAS,SAN JERONIMO,TECNOLOGIA EN GESTION DE INSUMOS AGROPECUARIOS,0.5518,9
CARMENVI,FACULTAD DE EDUCACION,MARINILLA,LICENCIATURA EN CIENCIAS SOCIALES-CARMEN DE VIBORAL,0.5518,9
APARTADO,FACULTAD DE INGENIERIA,CHIGORODO,INGENIERIA SANITARIA-APARTADO,0.5517,9
CARMENVI,FACULTAD DE CIENCIAS ECONOMICAS,RIONEGRO,DESARROLLO TERRITORIAL- CARMEN DE VIBORAL,0.5515,9
CAUCASIA,FACULTAD DE EDUCACION,CAUCASIA,LICENCIATURA EN MATEMATICAS-CAUCASIA,0.551,9
P-BERRIO,FACULTAD DE DERECHO Y CIENCIAS POLITICAS,PUERTO BERRIO,DERECHO - PUERTO BERRIO,0.5509,9
APARTADO,FACULTAD DE INGENIERIA,APARTADO,INGENIERIA CIVIL-APARTADO,0.5506,9
CAREPA,FACULTAD DE CIENCIAS AGRARIAS,APARTADO,INGENIERIA AGROPECUARIA-CAREPA,0.5505,9
CAUCASIA,FACULTAD NACIONAL DE SALUD PUBLICA,CAUCASIA,ADMINISTRACION EN SALUD-CAUCASIA,0.5503,9
TURBO,FACULTAD DE INGENIERIA,TURBO,INGENIERIA OCEANOGRAFICA - TURBO,0.5499,9
CAREPA,FACULTAD DE INGENIERIA,CAREPA,INGENIERIA AGROINDUSTRIAL-URABA,0.5499,9
APARTADO,FACULTAD DE INGENIERIA,APARTADO,INGENIERIA CIVIL-APARTADO,0.5497,9
CAUCASIA,FACULTAD DE EDUCACION,CACERES,LICENCIATURA EN MATEMATICAS-CAUCASIA,0.5496,9
APARTADO,FACULTAD DE INGENIERIA,APARTADO,INGENIERIA SANITARIA-APARTADO,0.5496,9
CAREPA,FACULTAD DE INGENIERIA,APARTADO,INGENIERIA BIOQUIMICA-URABA,0.5491,9
CAREPA,FACULTAD DE INGENIERIA,CAREPA,INGENIERIA AGROINDUSTRIAL-URABA,0.5491,9
CAREPA,FACULTAD DE CIENCIAS AGRARIAS,APARTADO,INGENIERIA AGROPECUARIA-CAREPA,0.5489,9
APARTADO,FACULTAD DE INGENIERIA,TURBO,INGENIERIA CIVIL-APARTADO,0.5489,9
CAUCASIA,FACULTAD DE CIENCIAS AGRARIAS,CAUCASIA,INGENIERIA AGROPECUARIA - CAUCASIA,0.5485,9
CAUCASIA,FACULTAD DE EDUCACION,CAUCASIA,LICENCIATURA EN EDUCACION INFANTIL - CAUCASIA,0.5483,9
CARMENVI,FACULTAD DE EDUCACION,MARINILLA,LICENCIATURA EN EDUCACION INFANTIL-CARMEN DE VIBORAL,0.5475,9
CAREPA,FACULTAD DE CIENCIAS AGRARIAS,CHIGORODO,INGENIERIA AGROPECUARIA-CAREPA,0.5473,9
TURBO,FACULTAD DE EDUCACION,CHIGORODO,LICENCIATURA EN EDUCACION INFANTIL-TURBO,0.5473,9
TURBO,FACULTAD DE INGENIERIA,TURBO,INGENIERIA OCEANOGRAFICA - TURBO,0.547,9
TURBO,FACULTAD DE CIENCIAS EXACTAS Y NATURALES,TURBO,ECOLOGIA DE ZONAS COSTERAS - TURBO,0.5467,9
STAFEANT,FACULTAD DE EDUCACION,MEDELLIN,LICENCIATURA EN CIENCIAS NATURALES - SANTA FE DE ANTIOQUIA,0.5466,9
CARMENVI,FACULTAD DE CIENCIAS AGRARIAS,SONSON,INGENIERIA AGROPECUARIA - CARMEN DE VIBORAL,0.5461,9
CARMENVI,FACULTAD DE ARTES,LA CEJA,LICENCIATURA EN ARTES PLASTICAS - CARMEN DE VIBORAL,0.5453,9
TURBO,FACULTAD DE CIENCIAS EXACTAS Y NATURALES,CAREPA,ECOLOGIA DE ZONAS COSTERAS - TURBO,0.5448,9
CAREPA,FACULTAD DE CIENCIAS AGRARIAS,APARTADO,INGENIERIA AGROPECUARIA-CAREPA,0.5448,9
ANDES,FACULTAD DE CIENCIAS EXACTAS Y NATURALES,VENECIA,BIOLOGIA - ANDES,0.5436,9
CAREPA,FACULTAD DE CIENCIAS AGRARIAS,APARTADO,INGENIERIA AGROPECUARIA-CAREPA,0.5436,9
CAREPA,FACULTAD DE CIENCIAS AGRARIAS,CAREPA,INGENIERIA AGROPECUARIA-CAREPA,0.5436,9
CARMENVI,FACULTAD DE ARTES,RIONEGRO,LICENCIATURA EN ARTES PLASTICAS - CARMEN DE VIBORAL,0.5434,9
MEDELLIN,FACULTAD DE CIENCIAS AGRARIAS,YOLOMBO,TECNOLOGIA EN GESTION DE INSUMOS AGROPECUARIOS,0.543,9
CAREPA,FACULTAD DE CIENCIAS EXACTAS Y NATURALES,PUEBLO NUEVO,BIOLOGIA- CAREPA,0.5427,9
TURBO,FACULTAD DE EDUCACION,TURBO,LICENCIATURA EN EDUCACION INFANTIL-TURBO,0.5427,9
MEDELLIN,FACULTAD DE CIENCIAS AGRARIAS,TURBO,TECNOLOGIA EN GESTION DE INSUMOS AGROPECUARIOS,0.5424,9
CAREPA,FACULTAD DE CIENCIAS AGRARIAS,CHIGORODO,INGENIERIA AGROPECUARIA-CAREPA,0.5423,9
CAREPA,FACULTAD DE CIENCIAS AGRARIAS,CAREPA,INGENIERIA AGROPECUARIA-CAREPA,0.5423,9
CAREPA,FACULTAD DE INGENIERIA,APARTADO,INGENIERIA BIOQUIMICA-URABA,0.5422,9
SEGOVIA,INSTITUTO UNIVERSITARIO DE EDUCACION FISICA Y DEPORTES,SEGOVIA,LICENCIATURA EN EDUCACION FISICA - SEGOVIA,0.5413,9
TURBO,FACULTAD DE INGENIERIA,APARTADO,INGENIERIA OCEANOGRAFICA - TURBO,0.5408,9
ANDES,INSTITUTO UNIVERSITARIO DE EDUCACION FISICA Y DEPORTES,JARDIN,ENTRENAMIENTO DEPORTIVO - ANDES,0.5408,9
CARMENVI,FACULTAD DE CIENCIAS FARMACEUTICAS Y ALIMENTARIAS,GUARNE,TECNOLOGIA EN REGENCIA DE FARMACIA - CARMEN DE VIBORAL,0.5407,9
APARTADO,ESCUELA DE MICROBIOLOGIA,APARTADO,MICROBIOLOGIA INDUSTRIAL Y AMBIENTAL-URABA (APARTADO),0.5406,9
CAREPA,FACULTAD DE CIENCIAS AGRARIAS,CAREPA,INGENIERIA AGROPECUARIA-CAREPA,0.5405,9
CAUCASIA,FACULTAD DE DERECHO Y CIENCIAS POLITICAS,CACERES,DERECHO - CAUCASIA,0.54,9
CAUCASIA,FACULTAD DE EDUCACION,CAUCASIA,LICENCIATURA EN MATEMATICAS-CAUCASIA,0.5397,9
CARMENVI,FACULTAD DE CIENCIAS AGRARIAS,PUERTO TRIUNFO,INGENIERIA AGROPECUARIA - CARMEN DE VIBORAL,0.5397,9
CARMENVI,FACULTAD DE CIENCIAS AGRARIAS,MEDELLIN,INGENIERIA AGROPECUARIA - CARMEN DE VIBORAL,0.5389,9
TURBO,FACULTAD DE EDUCACION,TURBO,LICENCIATURA EN EDUCACION INFANTIL-TURBO,0.5385,9
CAREPA,FACULTAD DE INGENIERIA,CAREPA,INGENIERIA AGROINDUSTRIAL-URABA,0.5383,9
ANDES,INSTITUTO UNIVERSITARIO DE EDUCACION FISICA Y DEPORTES,ANDES,ENTRENAMIENTO DEPORTIVO - ANDES,0.5382,9
TURBO,FACULTAD DE EDUCACION,TURBO,LICENCIATURA EN EDUCACION INFANTIL-TURBO,0.5381,9
CARMENVI,FACULTAD DE CIENCIAS FARMACEUTICAS Y ALIMENTARIAS,EL SANTUARIO,CIENCIAS CULINARIAS - CARMEN DE VIBORAL,0.5375,9
TURBO,FACULTAD DE EDUCACION,TURBO,LICENCIATURA EN CIENCIAS NATURALES-TURBO,0.5372,9
TURBO,FACULTAD DE EDUCACION,TURBO,LICENCIATURA EN EDUCACION INFANTIL-TURBO,0.5362,9
MEDELLIN,FACULTAD DE CIENCIAS AGRARIAS,CACERES,TECNOLOGIA EN GESTION DE INSUMOS AGROPECUARIOS,0.536,9
CAUCASIA,FACULTAD DE EDUCACION,CAUCASIA,LICENCIATURA EN MATEMATICAS-CAUCASIA,0.5356,9
TURBO,FACULTAD DE EDUCACION,TURBO,LICENCIATURA EN EDUCACION INFANTIL-TURBO,0.5355,9
CARMENVI,INSTITUTO UNIVERSITARIO DE EDUCACION FISICA Y DEPORTES,LA UNION,LICENCIATURA EN EDUCACION FISICA - CARMEN DE VIBORAL,0.5351,9
APARTADO,FACULTAD DE INGENIERIA,TURBO,INGENIERIA CIVIL-APARTADO,0.5351,9
TURBO,FACULTAD DE CIENCIAS EXACTAS Y NATURALES,TURBO,ECOLOGIA DE ZONAS COSTERAS - TURBO,0.535,9
P-BERRIO,FACULTAD DE DERECHO Y CIENCIAS POLITICAS,PUERTO BERRIO,DERECHO - PUERTO BERRIO,0.5348,9
TURBO,FACULTAD DE EDUCACION,TURBO,LICENCIATURA EN EDUCACION INFANTIL-TURBO,0.5347,9
TURBO,FACULTAD DE EDUCACION,TURBO,LICENCIATURA EN EDUCACION INFANTIL-TURBO,0.5333,9
TURBO,FACULTAD DE EDUCACION,APARTADO,LICENCIATURA EN FISICA - TURBO,0.5331,9
MEDELLIN,FACULTAD DE CIENCIAS AGRARIAS,MEDELLIN,TECNOLOGIA EN GESTION DE INSUMOS AGROPECUARIOS,0.5327,9
P-BERRIO,FACULTAD DE DERECHO Y CIENCIAS POLITICAS,PUERTO BERRIO,DERECHO - PUERTO BERRIO,0.5325,9
TURBO,FACULTAD DE EDUCACION,TURBO,LICENCIATURA EN EDUCACION INFANTIL-TURBO,0.5318,9
CARMENVI,FACULTAD DE CIENCIAS ECONOMICAS,RIONEGRO,DESARROLLO TERRITORIAL- CARMEN DE VIBORAL,0.5318,9
ANDES,INSTITUTO UNIVERSITARIO DE EDUCACION FISICA Y DEPORTES,ANDES,ENTRENAMIENTO DEPORTIVO - ANDES,0.5316,9
CAREPA,FACULTAD DE CIENCIAS EXACTAS Y NATURALES,APARTADO,BIOLOGIA- CAREPA,0.5314,9
SEGOVIA,INSTITUTO UNIVERSITARIO DE EDUCACION FISICA Y DEPORTES,SEGOVIA,LICENCIATURA EN EDUCACION FISICA - SEGOVIA,0.5309,9
MEDELLIN,FACULTAD DE CIENCIAS AGRARIAS,TURBO,TECNOLOGIA EN GESTION DE INSUMOS AGROPECUARIOS,0.5306,9
TURBO,FACULTAD DE EDUCACION,TURBO,LICENCIATURA EN EDUCACION INFANTIL-TURBO,0.5306,9
CARMENVI,FACULTAD DE CIENCIAS FARMACEUTICAS Y ALIMENTARIAS,EL SANTUARIO,CIENCIAS CULINARIAS - CARMEN DE VIBORAL,0.5305,9
TURBO,FACULTAD DE EDUCACION,TURBO,LICENCIATURA EN EDUCACION INFANTIL-TURBO,0.5304,9
AMALFI,FACULTAD DE EDUCACION,AMALFI,LICENCIATURA EN CIENCIAS NATURALES - AMALFI,0.5302,9
TURBO,FACULTAD DE CIENCIAS ECONOMICAS,TURBO,DESARROLLO TERRITORIAL- TURBO,0.5301,9
TURBO,FACULTAD DE CIENCIAS ECONOMICAS,TURBO,DESARROLLO TERRITORIAL- TURBO,0.53,9
CARMENVI,FACULTAD DE EDUCACION,RIONEGRO,LICENCIATURA EN CIENCIAS SOCIALES-CARMEN DE VIBORAL,0.5299,9
CARMENVI,FACULTAD DE EDUCACION,LA CEJA,LICENCIATURA EN CIENCIAS SOCIALES-CARMEN DE VIBORAL,0.5298,9
APARTADO,FACULTAD DE INGENIERIA,BELLO,INGENIERIA CIVIL-APARTADO,0.5291,9
MEDELLIN,FACULTAD DE CIENCIAS AGRARIAS,JARDIN,TECNOLOGIA EN GESTION DE INSUMOS AGROPECUARIOS,0.529,9
P-BERRIO,FACULTAD DE EDUCACION,PUERTO BERRIO,LICENCIATURA EN MATEMATICAS - PUERTO BERRIO,0.5289,9
CARMENVI,FACULTAD DE ARTES,EL CARMEN DE VIBORAL,LICENCIATURA EN ARTES PLASTICAS - CARMEN DE VIBORAL,0.5269,9
CARMENVI,FACULTAD DE CIENCIAS ECONOMICAS,LA CEJA,DESARROLLO TERRITORIAL- CARMEN DE VIBORAL,0.5267,9
CARMENVI,FACULTAD DE CIENCIAS FARMACEUTICAS Y ALIMENTARIAS,EL CARMEN DE VIBORAL,TECNOLOGIA EN REGENCIA DE FARMACIA - CARMEN DE VIBORAL,0.5263,9
TURBO,FACULTAD DE INGENIERIA,APARTADO,INGENIERIA OCEANOGRAFICA - TURBO,0.5261,9
CAREPA,ESCUELA DE IDIOMAS,TURBO,LICENCIATURA EN LENGUAS EXTRANJERAS CON ENFASIS EN INGLES - CAREPA,0.526,9
ANDES,FACULTAD DE CIENCIAS EXACTAS Y NATURALES,ANDES,BIOLOGIA - ANDES,0.5259,9
MEDELLIN,FACULTAD DE CIENCIAS AGRARIAS,PUERTO BERRIO,TECNOLOGIA EN GESTION DE INSUMOS AGROPECUARIOS,0.5258,9
CARMENVI,FACULTAD DE EDUCACION,LA CEJA,LICENCIATURA EN EDUCACION ESPECIAL - CARMEN DE VIBORAL,0.5255,9
CAUCASIA,FACULTAD DE CIENCIAS ECONOMICAS,ZARAGOZA,GESTION EN ECOLOGIA Y TURISMO - CAUCASIA,0.5253,9
CAUCASIA,FACULTAD NACIONAL DE SALUD PUBLICA,SAN BENITO ABAD,ADMINISTRACION EN SALUD-CAUCASIA,0.5249,9
CAREPA,FACULTAD DE CIENCIAS AGRARIAS,APARTADO,INGENIERIA AGROPECUARIA-CAREPA,0.5247,9
CAUCASIA,FACULTAD DE CIENCIAS ECONOMICAS,CACERES,ADMINISTRACION DE EMPRESAS - CAUCASIA,0.5247,9
YARUMAL,FACULTAD DE ARTES,YARUMAL,GESTION CULTURAL - YARUMAL,0.5239,9
CARMENVI,FACULTAD DE ARTES,GUARNE,LICENCIATURA EN DANZA -CARMEN DE VIBORAL,0.5237,9
APARTADO,ESCUELA DE MICROBIOLOGIA,APARTADO,MICROBIOLOGIA INDUSTRIAL Y AMBIENTAL-URABA (APARTADO),0.5237,9
CAREPA,ESCUELA DE IDIOMAS,APARTADO,LICENCIATURA EN LENGUAS EXTRANJERAS CON ENFASIS EN INGLES - CAREPA,0.5233,9
CAUCASIA,FACULTAD DE CIENCIAS AGRARIAS,ZARAGOZA,INGENIERIA AGROPECUARIA - CAUCASIA,0.5233,9
MEDELLIN,FACULTAD DE INGENIERIA,APARTADO,INGENIERIA INDUSTRIAL REGION,0.5226,9
CARMENVI,FACULTAD DE EDUCACION,EL CARMEN DE VIBORAL,LICENCIATURA EN LITERATURA Y LENGUA CASTELLANA-CV,0.5225,9
CARMENVI,FACULTAD DE CIENCIAS EXACTAS Y NATURALES,LA CEJA,BIOLOGIA - CARMEN DE VIBORAL,0.5221,9
MEDELLIN,FACULTAD DE CIENCIAS AGRARIAS,ARBOLETES,TECNOLOGIA EN GESTION DE INSUMOS AGROPECUARIOS,0.5217,9
AMALFI,FACULTAD DE EDUCACION,AMALFI,PEDAGOGIA EN RURALIDAD Y PAZ- AMALFI,0.5216,9
TURBO,FACULTAD DE CIENCIAS FARMACEUTICAS Y ALIMENTARIAS,TURBO,TECNOLOGIA EN REGENCIA DE FARMACIA - TURBO,0.5211,9
TURBO,FACULTAD DE CIENCIAS EXACTAS Y NATURALES,TURBO,ECOLOGIA DE ZONAS COSTERAS - TURBO,0.5211,9
AMALFI,FACULTAD DE CIENCIAS ECONOMICAS,AMALFI,GESTION EN ECOLOGIA Y TURISMO - AMALFI,0.5204,9
MEDELLIN,FACULTAD DE CIENCIAS AGRARIAS,CAUCASIA,TECNOLOGIA EN GESTION DE INSUMOS AGROPECUARIOS,0.5198,9
CARMENVI,FACULTAD DE CIENCIAS ECONOMICAS,LA CEJA,ADMINISTRACION DE EMPRESAS - CARMEN DE VIBORAL,0.5196,9
CARMENVI,FACULTAD DE CIENCIAS AGRARIAS,EL CARMEN DE VIBORAL,INGENIERIA AGROPECUARIA - CARMEN DE VIBORAL,0.5189,9
CAUCASIA,FACULTAD DE CIENCIAS FARMACEUTICAS Y ALIMENTARIAS,CAUCASIA,TECNOLOGIA EN REGENCIA DE FARMACIA - CAUCASIA,0.5189,9
CARMENVI,FACULTAD DE CIENCIAS ECONOMICAS,GUARNE,ADMINISTRACION DE EMPRESAS - CARMEN DE VIBORAL,0.518,9
CAREPA,FACULTAD DE CIENCIAS EXACTAS Y NATURALES,APARTADO,BIOLOGIA- CAREPA,0.518,9
TURBO,FACULTAD DE INGENIERIA,TURBO,INGENIERIA OCEANOGRAFICA - TURBO,0.5168,9
P-BERRIO,FACULTAD DE DERECHO Y CIENCIAS POLITICAS,PUERTO BERRIO,DERECHO - PUERTO BERRIO,0.5167,9
TURBO,FACULTAD DE EDUCACION,APARTADO,LICENCIATURA EN EDUCACION INFANTIL-TURBO,0.5167,9
CAUCASIA,FACULTAD NACIONAL DE SALUD PUBLICA,EL BAGRE,ADMINISTRACION AMBIENTAL Y SANITARIA- CAUCASIA,0.5165,9
MEDELLIN,FACULTAD DE CIENCIAS AGRARIAS,PUERTO BERRIO,TECNOLOGIA EN GESTION DE INSUMOS AGROPECUARIOS,0.5163,9
CARMENVI,FACULTAD DE EDUCACION,LA CEJA,LICENCIATURA EN MATEMATICAS-CARMEN DE VIBORAL,0.5159,9
MEDELLIN,FACULTAD DE INGENIERIA,CHIGORODO,INGENIERIA AMBIENTAL VIRTUAL SEDE MEDELLIN,0.5156,9
TURBO,FACULTAD DE EDUCACION,TURBO,LICENCIATURA EN EDUCACION INFANTIL-TURBO,0.5153,9
APARTADO,FACULTAD DE INGENIERIA,TURBO,INGENIERIA CIVIL-APARTADO,0.5147,9
CARMENVI,FACULTAD DE CIENCIAS FARMACEUTICAS Y ALIMENTARIAS,MARINILLA,INGENIERIA DE ALIMENTOS - CARMEN DE VIBORAL,0.514,9
CAREPA,FACULTAD DE CIENCIAS AGRARIAS,CAREPA,INGENIERIA AGROPECUARIA-CAREPA,0.5135,9
CAREPA,FACULTAD DE CIENCIAS AGRARIAS,TURBO,INGENIERIA AGROPECUARIA-CAREPA,0.5135,9
MEDELLIN,FACULTAD DE CIENCIAS AGRARIAS,LA APARTADA,TECNOLOGIA EN GESTION DE INSUMOS AGROPECUARIOS,0.5135,9
AMALFI,FACULTAD DE CIENCIAS ECONOMICAS,AMALFI,GESTION EN ECOLOGIA Y TURISMO - AMALFI,0.5131,9
TURBO,FACULTAD DE CIENCIAS EXACTAS Y NATURALES,NECOCLI,ECOLOGIA DE ZONAS COSTERAS - TURBO,0.5127,9
TURBO,FACULTAD DE CIENCIAS EXACTAS Y NATURALES,TURBO,ECOLOGIA DE ZONAS COSTERAS - TURBO,0.5122,9
TURBO,FACULTAD DE CIENCIAS EXACTAS Y NATURALES,APARTADO,ECOLOGIA DE ZONAS COSTERAS - TURBO,0.5119,9
CAUCASIA,FACULTAD DE CIENCIAS ECONOMICAS,CAUCASIA,ADMINISTRACION DE EMPRESAS - CAUCASIA,0.5113,9
CAUCASIA,FACULTAD DE CIENCIAS FARMACEUTICAS Y ALIMENTARIAS,CAUCASIA,TECNOLOGIA EN REGENCIA DE FARMACIA - CAUCASIA,0.5107,9
APARTADO,ESCUELA DE MICROBIOLOGIA,TURBO,MICROBIOLOGIA INDUSTRIAL Y AMBIENTAL-URABA (APARTADO),0.5107,9
CAUCASIA,FACULTAD DE CIENCIAS ECONOMICAS,CAUCASIA,CONTADURIA PUBLICA- CAUCASIA,0.5106,9
CAUCASIA,FACULTAD NACIONAL DE SALUD PUBLICA,LA APARTADA,ADMINISTRACION EN SALUD-CAUCASIA,0.5103,9
CAUCASIA,FACULTAD DE EDUCACION,CAUCASIA,LICENCIATURA EN MATEMATICAS-CAUCASIA,0.5102,9
CARMENVI,FACULTAD DE CIENCIAS AGRARIAS,INIRIDA,INGENIERIA AGROPECUARIA - CARMEN DE VIBORAL,0.51,9
ANDES,FACULTAD DE DERECHO Y CIENCIAS POLITICAS,ANDES,DERECHO - ANDES,0.5096,9
CAREPA,FACULTAD DE INGENIERIA,APARTADO,INGENIERIA AGROINDUSTRIAL-URABA,0.5093,9
CAUCASIA,FACULTAD DE CIENCIAS ECONOMICAS,CAUCASIA,CONTADURIA PUBLICA- CAUCASIA,0.5091,9
TURBO,FACULTAD DE CIENCIAS EXACTAS Y NATURALES,TURBO,ECOLOGIA DE ZONAS COSTERAS - TURBO,0.5088,9
CARMENVI,FACULTAD DE CIENCIAS FARMACEUTICAS Y ALIMENTARIAS,ANDES,CIENCIAS CULINARIAS - CARMEN DE VIBORAL,0.5084,9
MEDELLIN,FACULTAD DE CIENCIAS AGRARIAS,DABEIBA,TECNOLOGIA EN GESTION DE INSUMOS AGROPECUARIOS,0.5084,9
P-BERRIO,FACULTAD DE DERECHO Y CIENCIAS POLITICAS,BELLO,DERECHO - PUERTO BERRIO,0.5083,9
CAREPA,ESCUELA DE IDIOMAS,CAUCASIA,LICENCIATURA EN LENGUAS EXTRANJERAS CON ENFASIS EN INGLES - CAREPA,0.5082,9
AMALFI,FACULTAD DE EDUCACION,AMALFI,PEDAGOGIA EN RURALIDAD Y PAZ- AMALFI,0.5073,9
CARMENVI,FACULTAD DE CIENCIAS ECONOMICAS,RIONEGRO,DESARROLLO TERRITORIAL- CARMEN DE VIBORAL,0.5064,9
CARMENVI,FACULTAD DE CIENCIAS FARMACEUTICAS Y ALIMENTARIAS,RIONEGRO,TECNOLOGIA EN REGENCIA DE FARMACIA - CARMEN DE VIBORAL,0.5058,9
CAREPA,FACULTAD DE CIENCIAS AGRARIAS,MUTATA,INGENIERIA AGROPECUARIA-CAREPA,0.5055,9
CAUCASIA,FACULTAD DE EDUCACION,CAUCASIA,LICENCIATURA EN MATEMATICAS-CAUCASIA,0.5051,9
ANDES,FACULTAD DE DERECHO Y CIENCIAS POLITICAS,SAN JOSE DE LA MONTANA,DERECHO - ANDES,0.5049,9
CARMENVI,FACULTAD DE ARTES,RETIRO,LICENCIATURA EN ARTES PLASTICAS - CARMEN DE VIBORAL,0.5046,9
AMALFI,FACULTAD DE EDUCACION,AMALFI,PEDAGOGIA EN RURALIDAD Y PAZ- AMALFI,0.5046,9
CAREPA,INSTITUTO UNIVERSITARIO DE EDUCACION FISICA Y DEPORTES,GIRALDO,LICENCIATURA EN EDUCACION FISICA - CAREPA,0.5045,9
CAREPA,FACULTAD DE CIENCIAS AGRARIAS,APARTADO,INGENIERIA AGROPECUARIA-CAREPA,0.5042,9
MEDELLIN,FACULTAD DE INGENIERIA,APARTADO,INGENIERIA DE SISTEMAS - REGION,0.5039,9
SEGOVIA,FACULTAD NACIONAL DE SALUD PUBLICA,REMEDIOS,ADMINISTRACION AMBIENTAL Y SANITARIA- SEGOVIA,0.5038,9
CARMENVI,FACULTAD DE ARTES,RIONEGRO,LICENCIATURA EN ARTES PLASTICAS - CARMEN DE VIBORAL,0.5031,9
CAREPA,FACULTAD DE INGENIERIA,TURBO,INGENIERIA BIOQUIMICA-URABA,0.503,9
CAUCASIA,FACULTAD DE EDUCACION,CAUCASIA,LICENCIATURA EN EDUCACION INFANTIL - CAUCASIA,0.5024,9
APARTADO,FACULTAD DE INGENIERIA,APARTADO,INGENIERIA SANITARIA-APARTADO,0.5024,9
APARTADO,FACULTAD DE COMUNICACIONES Y FILOLOGIA,CHIGORODO,COMUNICACION SOCIAL - PERIODISMO APARTADO,0.5017,9
CARMENVI,FACULTAD DE CIENCIAS FARMACEUTICAS Y ALIMENTARIAS,EL CARMEN DE VIBORAL,CIENCIAS CULINARIAS - CARMEN DE VIBORAL,0.5015,9
TURBO,FACULTAD DE EDUCACION,CHIGORODO,LICENCIATURA EN MATEMATICAS-TURBO,0.5014,9
SEGOVIA,FACULTAD NACIONAL DE SALUD PUBLICA,REMEDIOS,TECNOLOGIA EN ADMINISTRACION DE SERVICIOS DE SALUD-SEGOVIA,0.5012,9
TURBO,FACULTAD DE INGENIERIA,TURBO,INGENIERIA OCEANOGRAFICA - TURBO,0.501,9
P-BERRIO,FACULTAD DE DERECHO Y CIENCIAS POLITICAS,PUERTO BERRIO,DERECHO - PUERTO BERRIO,0.5008,9
CARMENVI,FACULTAD DE EDUCACION,MEDELLIN,LICENCIATURA EN CIENCIAS SOCIALES-CARMEN DE VIBORAL,0.5,9
CAUCASIA,FACULTAD DE EDUCACION,CAUCASIA,LICENCIATURA EN MATEMATICAS-CAUCASIA,0.4993,9
CAUCASIA,FACULTAD DE ARTES,CAUCASIA,GESTION CULTURAL - CAUCASIA,0.499,9
CARMENVI,FACULTAD DE EDUCACION,EL CARMEN DE VIBORAL,LICENCIATURA EN CIENCIAS NATURALES-CARMEN DE VIBORAL,0.4989,9
CARMENVI,FACULTAD DE EDUCACION,EL CARMEN DE VIBORAL,LICENCIATURA EN EDUCACION INFANTIL-CARMEN DE VIBORAL,0.4987,9
P-BERRIO,FACULTAD DE DERECHO Y CIENCIAS POLITICAS,PUERTO BERRIO,DERECHO - PUERTO BERRIO,0.4985,9
CARMENVI,FACULTAD DE CIENCIAS FARMACEUTICAS Y ALIMENTARIAS,GUARNE,INGENIERIA DE ALIMENTOS - CARMEN DE VIBORAL,0.4984,9
CAUCASIA,FACULTAD DE CIENCIAS AGRARIAS,CAUCASIA,INGENIERIA AGROPECUARIA - CAUCASIA,0.4979,9
CARMENVI,FACULTAD DE CIENCIAS FARMACEUTICAS Y ALIMENTARIAS,SAN VICENTE,CIENCIAS CULINARIAS - CARMEN DE VIBORAL,0.497,9
CAREPA,FACULTAD DE INGENIERIA,TURBO,INGENIERIA BIOQUIMICA-URABA,0.497,9
CAREPA,FACULTAD DE CIENCIAS AGRARIAS,APARTADO,INGENIERIA AGROPECUARIA-CAREPA,0.4968,9
ANDES,FACULTAD DE DERECHO Y CIENCIAS POLITICAS,JARDIN,DERECHO - ANDES,0.4967,9
P-BERRIO,FACULTAD DE DERECHO Y CIENCIAS POLITICAS,PUERTO BERRIO,DERECHO - PUERTO BERRIO,0.4967,9
CARMENVI,FACULTAD DE EDUCACION,LA CEJA,LICENCIATURA EN CIENCIAS SOCIALES-CARMEN DE VIBORAL,0.4964,9
CAUCASIA,FACULTAD DE CIENCIAS ECONOMICAS,CAUCASIA,CONTADURIA PUBLICA- CAUCASIA,0.4952,9
CAREPA,FACULTAD DE CIENCIAS AGRARIAS,CHIGORODO,INGENIERIA AGROPECUARIA-CAREPA,0.495,9
SEGOVIA,FACULTAD DE DERECHO Y CIENCIAS POLITICAS,REMEDIOS,DERECHO SEGOVIA,0.4945,9
CARMENVI,FACULTAD DE CIENCIAS ECONOMICAS,RIONEGRO,DESARROLLO TERRITORIAL- CARMEN DE VIBORAL,0.4941,9
SEGOVIA,FACULTAD DE DERECHO Y CIENCIAS POLITICAS,SEGOVIA,DERECHO SEGOVIA,0.4939,9
CAREPA,FACULTAD DE INGENIERIA,CHIGORODO,INGENIERIA BIOQUIMICA-URABA,0.4936,8
CAUCASIA,FACULTAD DE CIENCIAS FARMACEUTICAS Y ALIMENTARIAS,NECHI,TECNOLOGIA EN REGENCIA DE FARMACIA - CAUCASIA,0.4934,8
CAREPA,FACULTAD DE CIENCIAS EXACTAS Y NATURALES,CHIGORODO,BIOLOGIA- CAREPA,0.4933,8
CAREPA,FACULTAD DE CIENCIAS AGRARIAS,CHIGORODO,INGENIERIA AGROPECUARIA-CAREPA,0.4917,8
YARUMAL,FACULTAD DE EDUCACION,YARUMAL,LICENCIATURA EN MATEMATICAS-YARUMAL,0.4916,8
ANDES,FACULTAD DE DERECHO Y CIENCIAS POLITICAS,ANDES,DERECHO - ANDES,0.4916,8
CAREPA,ESCUELA DE IDIOMAS,APARTADO,LICENCIATURA EN LENGUAS EXTRANJERAS CON ENFASIS EN INGLES - CAREPA,0.4913,8
CAREPA,FACULTAD DE INGENIERIA,APARTADO,INGENIERIA BIOQUIMICA-URABA,0.4906,8
CARMENVI,FACULTAD DE EDUCACION,EL SANTUARIO,LICENCIATURA EN CIENCIAS SOCIALES-CARMEN DE VIBORAL,0.4903,8
CAREPA,FACULTAD DE INGENIERIA,TURBO,INGENIERIA AGROINDUSTRIAL-URABA,0.4902,8
CAUCASIA,INSTITUTO UNIVERSITARIO DE EDUCACION FISICA Y DEPORTES,CACERES,LICENCIATURA EN EDUCACION FISICA - CAUCASIA,0.4897,8
P-BERRIO,FACULTAD DE DERECHO Y CIENCIAS POLITICAS,PUERTO BERRIO,DERECHO - PUERTO BERRIO,0.489,8
CARMENVI,FACULTAD DE CIENCIAS EXACTAS Y NATURALES,LA CEJA,BIOLOGIA - CARMEN DE VIBORAL,0.4877,8
P-BERRIO,FACULTAD DE DERECHO Y CIENCIAS POLITICAS,PUERTO BERRIO,DERECHO - PUERTO BERRIO,0.4873,8
TURBO,FACULTAD DE CIENCIAS ECONOMICAS,APARTADO,ADMINISTRACION DE EMPRESAS - TURBO,0.4872,8
ANDES,FACULTAD DE DERECHO Y CIENCIAS POLITICAS,JARDIN,DERECHO - ANDES,0.4866,8
CAREPA,INSTITUTO UNIVERSITARIO DE EDUCACION FISICA Y DEPORTES,APARTADO,LICENCIATURA EN EDUCACION FISICA - CAREPA,0.4864,8
CARMENVI,FACULTAD DE CIENCIAS ECONOMICAS,LA CEJA,GESTION EN ECOLOGIA Y TURISMO - CARMEN DE VIBORAL,0.486,8
CARMENVI,FACULTAD DE CIENCIAS FARMACEUTICAS Y ALIMENTARIAS,RIONEGRO,INGENIERIA DE ALIMENTOS - CARMEN DE VIBORAL,0.4849,8
APARTADO,FACULTAD DE INGENIERIA,MEDELLIN,INGENIERIA CIVIL-APARTADO,0.4843,8
TURBO,FACULTAD DE CIENCIAS EXACTAS Y NATURALES,APARTADO,OCEANOGRAFIA - TURBO,0.4842,8
CAUCASIA,FACULTAD DE CIENCIAS FARMACEUTICAS Y ALIMENTARIAS,CACERES,TECNOLOGIA EN REGENCIA DE FARMACIA - CAUCASIA,0.4835,8
SEGOVIA,FACULTAD DE DERECHO Y CIENCIAS POLITICAS,SEGOVIA,DERECHO SEGOVIA,0.4829,8
P-BERRIO,FACULTAD DE DERECHO Y CIENCIAS POLITICAS,PUERTO BERRIO,DERECHO - PUERTO BERRIO,0.4824,8
CAUCASIA,FACULTAD DE EDUCACION,CAUCASIA,LICENCIATURA EN MATEMATICAS-CAUCASIA,0.4824,8
SEGOVIA,FACULTAD NACIONAL DE SALUD PUBLICA,SEGOVIA,TECNOLOGIA EN ADMINISTRACION DE SERVICIOS DE SALUD-SEGOVIA,0.482,8
CARMENVI,FACULTAD DE ARTES,MEDELLIN,GESTION CULTURAL - CARMEN DE VIBORAL,0.482,8
CAREPA,FACULTAD DE INGENIERIA,CAREPA,INGENIERIA AGROINDUSTRIAL-URABA,0.481,8
APARTADO,FACULTAD DE INGENIERIA,NECOCLI,INGENIERIA CIVIL-APARTADO,0.4807,8
CARMENVI,FACULTAD DE EDUCACION,EL CARMEN DE VIBORAL,LICENCIATURA EN CIENCIAS SOCIALES-CARMEN DE VIBORAL,0.4807,8
ANDES,FACULTAD DE DERECHO Y CIENCIAS POLITICAS,ANDES,DERECHO - ANDES,0.48,8
YARUMAL,FACULTAD DE EDUCACION,YARUMAL,LICENCIATURA EN MATEMATICAS-YARUMAL,0.4796,8
CAREPA,FACULTAD DE INGENIERIA,APARTADO,INGENIERIA AGROINDUSTRIAL-URABA,0.4796,8
AMALFI,FACULTAD DE EDUCACION,AMALFI,PEDAGOGIA EN RURALIDAD Y PAZ- AMALFI,0.479,8
TURBO,FACULTAD DE EDUCACION,TURBO,LICENCIATURA EN CIENCIAS NATURALES-TURBO,0.4786,8
TURBO,FACULTAD DE EDUCACION,TURBO,LICENCIATURA EN EDUCACION INFANTIL-TURBO,0.4785,8
ANDES,FACULTAD DE CIENCIAS EXACTAS Y NATURALES,ANDES,BIOLOGIA - ANDES,0.4784,8
TURBO,FACULTAD DE CIENCIAS ECONOMICAS,TURBO,ADMINISTRACION DE EMPRESAS - TURBO,0.4783,8
CAREPA,FACULTAD DE CIENCIAS AGRARIAS,APARTADO,INGENIERIA AGROPECUARIA-CAREPA,0.4777,8
CARMENVI,FACULTAD DE EDUCACION,RIONEGRO,LICENCIATURA EN MATEMATICAS-CARMEN DE VIBORAL,0.4771,8
CAREPA,FACULTAD DE CIENCIAS AGRARIAS,APARTADO,INGENIERIA AGROPECUARIA-CAREPA,0.4767,8
APARTADO,FACULTAD DE ARTES,CHIGORODO,LICENCIATURA EN MUSICA - APARTADO,0.4762,8
MEDELLIN,FACULTAD DE INGENIERIA,CHIGORODO,INGENIERIA INDUSTRIAL REGION,0.4757,8
TURBO,FACULTAD DE EDUCACION,TURBO,LICENCIATURA EN CIENCIAS NATURALES-TURBO,0.4756,8
MEDELLIN,FACULTAD DE CIENCIAS AGRARIAS,PUERTO BERRIO,TECNOLOGIA EN GESTION DE INSUMOS AGROPECUARIOS,0.4756,8
CARMENVI,FACULTAD DE EDUCACION,EL CARMEN DE VIBORAL,LICENCIATURA EN CIENCIAS SOCIALES-CARMEN DE VIBORAL,0.4752,8
CARMENVI,FACULTAD DE EDUCACION,ENVIGADO,LICENCIATURA EN CIENCIAS SOCIALES-CARMEN DE VIBORAL,0.4743,8
APARTADO,ESCUELA DE MICROBIOLOGIA,TURBO,MICROBIOLOGIA INDUSTRIAL Y AMBIENTAL-URABA (APARTADO),0.4743,8
CAREPA,FACULTAD DE CIENCIAS AGRARIAS,APARTADO,INGENIERIA AGROPECUARIA-CAREPA,0.4736,8
CARMENVI,FACULTAD DE CIENCIAS EXACTAS Y NATURALES,LA CEJA,BIOLOGIA - CARMEN DE VIBORAL,0.4729,8
TURBO,FACULTAD DE CIENCIAS EXACTAS Y NATURALES,TURBO,ECOLOGIA DE ZONAS COSTERAS - TURBO,0.4724,8
CAUCASIA,FACULTAD DE CIENCIAS ECONOMICAS,CAUCASIA,ADMINISTRACION DE EMPRESAS - CAUCASIA,0.472,8
MEDELLIN,FACULTAD DE CIENCIAS AGRARIAS,MONTELIBANO,TECNOLOGIA EN GESTION DE INSUMOS AGROPECUARIOS,0.4719,8
ANDES,FACULTAD DE DERECHO Y CIENCIAS POLITICAS,ANDES,DERECHO - ANDES,0.4718,8
CAUCASIA,FACULTAD DE CIENCIAS FARMACEUTICAS Y ALIMENTARIAS,CAUCASIA,TECNOLOGIA EN REGENCIA DE FARMACIA - CAUCASIA,0.4716,8
CAUCASIA,FACULTAD DE CIENCIAS ECONOMICAS,CAUCASIA,GESTION EN ECOLOGIA Y TURISMO - CAUCASIA,0.4713,8
MEDELLIN,FACULTAD DE CIENCIAS AGRARIAS,EL CARMEN DE VIBORAL,TECNOLOGIA EN GESTION DE INSUMOS AGROPECUARIOS,0.4712,8
CAUCASIA,FACULTAD NACIONAL DE SALUD PUBLICA,LA APARTADA,ADMINISTRACION EN SALUD-CAUCASIA,0.4709,8
CAUCASIA,FACULTAD DE CIENCIAS AGRARIAS,CAUCASIA,INGENIERIA AGROPECUARIA - CAUCASIA,0.4703,8
TURBO,FACULTAD DE INGENIERIA,TURBO,INGENIERIA OCEANOGRAFICA - TURBO,0.4702,8
CAREPA,ESCUELA DE IDIOMAS,APARTADO,LICENCIATURA EN LENGUAS EXTRANJERAS CON ENFASIS EN INGLES - CAREPA,0.4702,8
APARTADO,FACULTAD DE INGENIERIA,CAREPA,INGENIERIA CIVIL-APARTADO,0.4699,8
AMALFI,FACULTAD DE EDUCACION,AMALFI,LICENCIATURA EN CIENCIAS NATURALES - AMALFI,0.4699,8
CAREPA,FACULTAD DE CIENCIAS AGRARIAS,APARTADO,INGENIERIA AGROPECUARIA-CAREPA,0.4697,8
MEDELLIN,FACULTAD DE CIENCIAS AGRARIAS,CAUCASIA,TECNOLOGIA EN GESTION DE INSUMOS AGROPECUARIOS,0.4682,8
CAUCASIA,FACULTAD DE CIENCIAS ECONOMICAS,EL BAGRE,ADMINISTRACION DE EMPRESAS - CAUCASIA,0.4681,8
P-BERRIO,FACULTAD DE DERECHO Y CIENCIAS POLITICAS,PUERTO BERRIO,DERECHO - PUERTO BERRIO,0.4679,8
ANDES,FACULTAD DE DERECHO Y CIENCIAS POLITICAS,ANDES,DERECHO - ANDES,0.4678,8
TURBO,FACULTAD DE EDUCACION,NECOCLI,LICENCIATURA EN FISICA - TURBO,0.4677,8
TURBO,FACULTAD DE CIENCIAS EXACTAS Y NATURALES,NECOCLI,OCEANOGRAFIA - TURBO,0.4677,8
CARMENVI,FACULTAD DE CIENCIAS FARMACEUTICAS Y ALIMENTARIAS,MARINILLA,TECNOLOGIA EN REGENCIA DE FARMACIA - CARMEN DE VIBORAL,0.4676,8
ANDES,FACULTAD DE EDUCACION,CIUDAD BOLIVAR,LICENCIATURA EN CIENCIAS NATURALES - ANDES,0.466,8
SEGOVIA,FACULTAD DE DERECHO Y CIENCIAS POLITICAS,REMEDIOS,DERECHO SEGOVIA,0.4656,8
CARMENVI,FACULTAD DE ARTES,RIONEGRO,LICENCIATURA EN ARTES PLASTICAS - CARMEN DE VIBORAL,0.465,8
CAREPA,FACULTAD DE INGENIERIA,CHIGORODO,INGENIERIA BIOQUIMICA-URABA,0.4642,8
MEDELLIN,FACULTAD DE CIENCIAS AGRARIAS,CAUCASIA,TECNOLOGIA EN GESTION DE INSUMOS AGROPECUARIOS,0.4641,8
CARMENVI,FACULTAD DE ARTES,RIONEGRO,LICENCIATURA EN ARTES PLASTICAS - CARMEN DE VIBORAL,0.4633,8
CARMENVI,FACULTAD DE CIENCIAS ECONOMICAS,RIONEGRO,ADMINISTRACION DE EMPRESAS - CARMEN DE VIBORAL,0.4629,8
STAFEANT,FACULTAD DE CIENCIAS ECONOMICAS,SANTAFE DE ANTIOQUIA,CONTADURIA PUBLICA- SANTA FE DE ANTIOQUIA,0.4624,8
YARUMAL,FACULTAD DE COMUNICACIONES Y FILOLOGIA,ANGOSTURA,COMUNICACION SOCIAL - PERIODISMO YARUMAL,0.4622,8
CARMENVI,FACULTAD DE CIENCIAS ECONOMICAS,TURBO,DESARROLLO TERRITORIAL- CARMEN DE VIBORAL,0.4621,8
ANDES,FACULTAD DE EDUCACION,ANDES,LICENCIATURA EN LITERATURA Y LENGUA CASTELLANA-ANDES,0.462,8
TURBO,FACULTAD DE CIENCIAS ECONOMICAS,TURBO,DESARROLLO TERRITORIAL- TURBO,0.4617,8
APARTADO,FACULTAD DE INGENIERIA,APARTADO,INGENIERIA SANITARIA-APARTADO,0.461,8
APARTADO,FACULTAD DE INGENIERIA,APARTADO,INGENIERIA SANITARIA-APARTADO,0.461,8
MEDELLIN,FACULTAD DE INGENIERIA,CHIGORODO,INGENIERIA AMBIENTAL REGION,0.461,8
CAREPA,FACULTAD DE CIENCIAS AGRARIAS,APARTADO,INGENIERIA AGROPECUARIA-CAREPA,0.4602,8
CAUCASIA,FACULTAD DE CIENCIAS ECONOMICAS,CAUCASIA,ADMINISTRACION DE EMPRESAS - CAUCASIA,0.4602,8
STAFEANT,FACULTAD DE CIENCIAS ECONOMICAS,SANTAFE DE ANTIOQUIA,CONTADURIA PUBLICA- SANTA FE DE ANTIOQUIA,0.4601,8
CARMENVI,FACULTAD DE ARTES,RIONEGRO,LICENCIATURA EN ARTES PLASTICAS - CARMEN DE VIBORAL,0.4598,8
SEGOVIA,FACULTAD DE DERECHO Y CIENCIAS POLITICAS,SEGOVIA,DERECHO SEGOVIA,0.4595,8
ANDES,FACULTAD DE DERECHO Y CIENCIAS POLITICAS,CIUDAD BOLIVAR,DERECHO - ANDES,0.4593,8
MEDELLIN,FACULTAD DE INGENIERIA,APARTADO,INGENIERIA DE SISTEMAS - REGION,0.4591,8
TURBO,FACULTAD DE EDUCACION,TURBO,LICENCIATURA EN CIENCIAS NATURALES-TURBO,0.459,8
CAREPA,FACULTAD DE CIENCIAS AGRARIAS,APARTADO,INGENIERIA AGROPECUARIA-CAREPA,0.4588,8
CARMENVI,ESCUELA DE IDIOMAS,LA CEJA,LICENCIATURA EN LENGUAS EXTRANJERAS CON ENFASIS EN INGLES- CARMEN DE VIBORAL,0.4588,8
ANDES,FACULTAD DE EDUCACION,ANDES,LICENCIATURA EN CIENCIAS NATURALES - ANDES,0.4581,8
CAUCASIA,FACULTAD DE CIENCIAS FARMACEUTICAS Y ALIMENTARIAS,CACERES,TECNOLOGIA EN REGENCIA DE FARMACIA - CAUCASIA,0.4581,8
ANDES,FACULTAD DE CIENCIAS ECONOMICAS,JARDIN,GESTION EN ECOLOGIA Y TURISMO - ANDES,0.4578,8
TURBO,FACULTAD DE CIENCIAS EXACTAS Y NATURALES,TURBO,ECOLOGIA DE ZONAS COSTERAS - TURBO,0.4575,8
SEGOVIA,FACULTAD DE DERECHO Y CIENCIAS POLITICAS,REMEDIOS,DERECHO SEGOVIA,0.4572,8
ANDES,FACULTAD DE CIENCIAS ECONOMICAS,JARDIN,GESTION EN ECOLOGIA Y TURISMO - ANDES,0.4567,8
CARMENVI,FACULTAD DE CIENCIAS FARMACEUTICAS Y ALIMENTARIAS,RIONEGRO,TECNOLOGIA EN REGENCIA DE FARMACIA - CARMEN DE VIBORAL,0.4565,8
SEGOVIA,FACULTAD DE DERECHO Y CIENCIAS POLITICAS,REMEDIOS,DERECHO SEGOVIA,0.4565,8
APARTADO,FACULTAD DE EDUCACION,CAREPA,LICENCIATURA EN LITERATURA Y LENGUA CASTELLANA-APARTADO,0.4564,8
CARMENVI,FACULTAD DE ARTES,SAN VICENTE,GESTION CULTURAL - CARMEN DE VIBORAL,0.4562,8
MEDELLIN,FACULTAD DE CIENCIAS AGRARIAS,MONTERIA,TECNOLOGIA EN GESTION DE INSUMOS AGROPECUARIOS,0.4542,8
CAREPA,FACULTAD DE CIENCIAS AGRARIAS,CHIGORODO,INGENIERIA AGROPECUARIA-CAREPA,0.454,8
CAUCASIA,FACULTAD DE EDUCACION,CAUCASIA,LICENCIATURA EN EDUCACION INFANTIL - CAUCASIA,0.4537,8
TURBO,FACULTAD DE EDUCACION,TURBO,LICENCIATURA EN EDUCACION INFANTIL-TURBO,0.4537,8
CAUCASIA,FACULTAD DE CIENCIAS FARMACEUTICAS Y ALIMENTARIAS,CAUCASIA,TECNOLOGIA EN REGENCIA DE FARMACIA - CAUCASIA,0.4536,8
TURBO,FACULTAD DE CIENCIAS EXACTAS Y NATURALES,TURBO,ECOLOGIA DE ZONAS COSTERAS - TURBO,0.4533,8
MEDELLIN,FACULTAD DE CIENCIAS AGRARIAS,CAUCASIA,TECNOLOGIA EN GESTION DE INSUMOS AGROPECUARIOS,0.4531,8
CARMENVI,FACULTAD DE ARTES,LA CEJA,LICENCIATURA EN DANZA -CARMEN DE VIBORAL,0.4528,8
MEDELLIN,FACULTAD DE CIENCIAS AGRARIAS,JARDIN,TECNOLOGIA EN GESTION DE INSUMOS AGROPECUARIOS,0.4527,8
CAUCASIA,FACULTAD DE CIENCIAS FARMACEUTICAS Y ALIMENTARIAS,MEDELLIN,TECNOLOGIA EN REGENCIA DE FARMACIA - CAUCASIA,0.4527,8
TURBO,FACULTAD DE CIENCIAS EXACTAS Y NATURALES,CHIGORODO,ECOLOGIA DE ZONAS COSTERAS - TURBO,0.4526,8
CAUCASIA,FACULTAD DE CIENCIAS AGRARIAS,CAUCASIA,INGENIERIA AGROPECUARIA - CAUCASIA,0.4526,8
CAUCASIA,FACULTAD DE CIENCIAS AGRARIAS,CAUCASIA,INGENIERIA AGROPECUARIA - CAUCASIA,0.4518,8
ANDES,FACULTAD DE DERECHO Y CIENCIAS POLITICAS,JARDIN,DERECHO - ANDES,0.4516,8
CAREPA,FACULTAD DE INGENIERIA,TURBO,INGENIERIA AGROINDUSTRIAL-URABA,0.4509,8
CAUCASIA,FACULTAD DE CIENCIAS ECONOMICAS,CACERES,ADMINISTRACION DE EMPRESAS - CAUCASIA,0.4508,8
SEGOVIA,FACULTAD NACIONAL DE SALUD PUBLICA,SEGOVIA,ADMINISTRACION AMBIENTAL Y SANITARIA- SEGOVIA,0.4504,8
CAUCASIA,FACULTAD DE CIENCIAS AGRARIAS,MONTELIBANO,INGENIERIA AGROPECUARIA - CAUCASIA,0.4503,8
CAUCASIA,FACULTAD DE CIENCIAS ECONOMICAS,EL BAGRE,GESTION EN ECOLOGIA Y TURISMO - CAUCASIA,0.45,8
ANDES,FACULTAD DE EDUCACION,BETANIA,LICENCIATURA EN CIENCIAS NATURALES - ANDES,0.4498,8
P-BERRIO,FACULTAD DE DERECHO Y CIENCIAS POLITICAS,MEDELLIN,DERECHO - PUERTO BERRIO,0.4494,8
APARTADO,FACULTAD DE INGENIERIA,CHIGORODO,INGENIERIA CIVIL-APARTADO,0.4491,8
CARMENVI,INSTITUTO UNIVERSITARIO DE EDUCACION FISICA Y DEPORTES,GUARNE,LICENCIATURA EN EDUCACION FISICA - CARMEN DE VIBORAL,0.4489,8
CARMENVI,FACULTAD DE ARTES,RETIRO,LICENCIATURA EN MUSICA-CARMEN DE VIBORAL,0.4485,8
CAUCASIA,INSTITUTO UNIVERSITARIO DE EDUCACION FISICA Y DEPORTES,CACERES,LICENCIATURA EN EDUCACION FISICA - CAUCASIA,0.4477,8
CAUCASIA,FACULTAD DE CIENCIAS ECONOMICAS,CAUCASIA,CONTADURIA PUBLICA- CAUCASIA,0.4474,8
AMALFI,FACULTAD DE EDUCACION,AMALFI,PEDAGOGIA EN RURALIDAD Y PAZ- AMALFI,0.447,8
MEDELLIN,FACULTAD DE CIENCIAS AGRARIAS,MEDELLIN,TECNOLOGIA EN GESTION DE INSUMOS AGROPECUARIOS,0.4466,8
TURBO,FACULTAD DE CIENCIAS ECONOMICAS,TURBO,DESARROLLO TERRITORIAL- TURBO,0.4466,8
CARMENVI,FACULTAD DE CIENCIAS ECONOMICAS,MARINILLA,DESARROLLO TERRITORIAL- CARMEN DE VIBORAL,0.4462,8
CAUCASIA,FACULTAD DE EDUCACION,CAUCASIA,LICENCIATURA EN MATEMATICAS-CAUCASIA,0.4462,8
SONSON,FACULTAD DE EDUCACION,SONSON,LICENCIATURA EN LITERATURA Y LENGUA CASTELLANA SONSON,0.4459,8
CAUCASIA,FACULTAD DE ARTES,ZARAGOZA,GESTION CULTURAL - CAUCASIA,0.4452,8
CARMENVI,ESCUELA DE IDIOMAS,EL CARMEN DE VIBORAL,LICENCIATURA EN LENGUAS EXTRANJERAS CON ENFASIS EN INGLES- CARMEN DE VIBORAL,0.4445,8
CAUCASIA,FACULTAD DE CIENCIAS ECONOMICAS,CACERES,ADMINISTRACION DE EMPRESAS - CAUCASIA,0.4442,8
STAFEANT,FACULTAD DE EDUCACION,SANTAFE DE ANTIOQUIA,LICENCIATURA EN CIENCIAS NATURALES - SANTA FE DE ANTIOQUIA,0.444,8
CARMENVI,FACULTAD DE ARTES,EL CARMEN DE VIBORAL,LICENCIATURA EN MUSICA-CARMEN DE VIBORAL,0.4439,8
CAUCASIA,FACULTAD DE EDUCACION,CAUCASIA,LICENCIATURA EN MATEMATICAS-CAUCASIA,0.4438,8
CAUCASIA,FACULTAD DE CIENCIAS ECONOMICAS,CAUCASIA,ADMINISTRACION DE EMPRESAS - CAUCASIA,0.4435,8
CAUCASIA,FACULTAD DE CIENCIAS ECONOMICAS,CAUCASIA,ADMINISTRACION DE EMPRESAS - CAUCASIA,0.4431,8
CAREPA,FACULTAD DE INGENIERIA,APARTADO,INGENIERIA BIOQUIMICA-URABA,0.443,8
APARTADO,FACULTAD DE INGENIERIA,APARTADO,INGENIERIA CIVIL-APARTADO,0.443,8
TURBO,FACULTAD DE CIENCIAS EXACTAS Y NATURALES,TURBO,OCEANOGRAFIA - TURBO,0.4428,8
CARMENVI,FACULTAD DE CIENCIAS FARMACEUTICAS Y ALIMENTARIAS,RIONEGRO,TECNOLOGIA EN REGENCIA DE FARMACIA - CARMEN DE VIBORAL,0.4428,8
CAREPA,FACULTAD DE CIENCIAS AGRARIAS,APARTADO,INGENIERIA AGROPECUARIA-CAREPA,0.4424,8
CAUCASIA,FACULTAD DE EDUCACION,CAUCASIA,LICENCIATURA EN MATEMATICAS-CAUCASIA,0.4422,8
ANDES,FACULTAD DE EDUCACION,ANDES,LICENCIATURA EN LITERATURA Y LENGUA CASTELLANA-ANDES,0.4415,8
MEDELLIN,FACULTAD DE CIENCIAS AGRARIAS,ANGOSTURA,TECNOLOGIA EN GESTION DE INSUMOS AGROPECUARIOS,0.4411,8
CARMENVI,FACULTAD DE ARTES,MEDELLIN,LICENCIATURA EN TEATRO- CARMEN DE VIBORAL,0.4411,8
CAUCASIA,FACULTAD DE CIENCIAS ECONOMICAS,CAUCASIA,ADMINISTRACION DE EMPRESAS - CAUCASIA,0.4411,8
CAUCASIA,FACULTAD DE EDUCACION,MONTELIBANO,LICENCIATURA EN MATEMATICAS-CAUCASIA,0.4411,8
YARUMAL,FACULTAD DE EDUCACION,YARUMAL,LICENCIATURA EN MATEMATICAS-YARUMAL,0.441,8
CAREPA,FACULTAD DE CIENCIAS AGRARIAS,CHIGORODO,INGENIERIA AGROPECUARIA-CAREPA,0.4402,8
CAUCASIA,FACULTAD DE ARTES,CAUCASIA,GESTION CULTURAL - CAUCASIA,0.4398,8
APARTADO,FACULTAD DE INGENIERIA,CHIGORODO,INGENIERIA CIVIL-APARTADO,0.4395,8
APARTADO,FACULTAD DE INGENIERIA,TURBO,INGENIERIA SANITARIA-APARTADO,0.4395,8
CARMENVI,FACULTAD DE CIENCIAS AGRARIAS,LA CEJA,INGENIERIA AGROPECUARIA - CARMEN DE VIBORAL,0.4389,8
AMALFI,FACULTAD DE CIENCIAS ECONOMICAS,AMALFI,GESTION EN ECOLOGIA Y TURISMO - AMALFI,0.4389,8
CAUCASIA,INSTITUTO UNIVERSITARIO DE EDUCACION FISICA Y DEPORTES,CAUCASIA,LICENCIATURA EN EDUCACION FISICA - CAUCASIA,0.4387,8
CAUCASIA,FACULTAD DE EDUCACION,CAUCASIA,LICENCIATURA EN MATEMATICAS-CAUCASIA,0.4383,8
CAUCASIA,FACULTAD DE CIENCIAS FARMACEUTICAS Y ALIMENTARIAS,CACERES,TECNOLOGIA EN REGENCIA DE FARMACIA - CAUCASIA,0.4382,8
APARTADO,FACULTAD DE INGENIERIA,APARTADO,INGENIERIA CIVIL-APARTADO,0.4381,8
APARTADO,FACULTAD DE INGENIERIA,APARTADO,INGENIERIA CIVIL-APARTADO,0.4381,8
CAREPA,INSTITUTO UNIVERSITARIO DE EDUCACION FISICA Y DEPORTES,CHIGORODO,LICENCIATURA EN EDUCACION FISICA - CAREPA,0.438,8
CARMENVI,FACULTAD DE CIENCIAS FARMACEUTICAS Y ALIMENTARIAS,EL CARMEN DE VIBORAL,CIENCIAS CULINARIAS - CARMEN DE VIBORAL,0.438,8
CARMENVI,FACULTAD DE CIENCIAS EXACTAS Y NATURALES,RIONEGRO,MATEMATICAS - CARMEN DE VIBORAL,0.4378,8
ANDES,INSTITUTO UNIVERSITARIO DE EDUCACION FISICA Y DEPORTES,CIUDAD BOLIVAR,ENTRENAMIENTO DEPORTIVO - ANDES,0.4375,8
CARMENVI,FACULTAD DE CIENCIAS AGRARIAS,LA CEJA,INGENIERIA AGROPECUARIA - CARMEN DE VIBORAL,0.4373,8
MEDELLIN,FACULTAD DE CIENCIAS AGRARIAS,PUERTO BERRIO,TECNOLOGIA EN GESTION DE INSUMOS AGROPECUARIOS,0.4371,8
CARMENVI,ESCUELA DE IDIOMAS,EL CARMEN DE VIBORAL,LICENCIATURA EN LENGUAS EXTRANJERAS CON ENFASIS EN INGLES- CARMEN DE VIBORAL,0.4369,8
CAREPA,FACULTAD DE CIENCIAS AGRARIAS,TURBO,INGENIERIA AGROPECUARIA-CAREPA,0.4365,8
AMALFI,FACULTAD DE EDUCACION,AMALFI,LICENCIATURA EN CIENCIAS NATURALES - AMALFI,0.436,8
TURBO,FACULTAD DE EDUCACION,TURBO,LICENCIATURA EN MATEMATICAS-TURBO,0.4359,8
MEDELLIN,FACULTAD DE INGENIERIA,APARTADO,INGENIERIA INDUSTRIAL REGION,0.4359,8
CARMENVI,FACULTAD DE CIENCIAS FARMACEUTICAS Y ALIMENTARIAS,LA CEJA,INGENIERIA DE ALIMENTOS - CARMEN DE VIBORAL,0.4344,8
CARMENVI,FACULTAD DE CIENCIAS ECONOMICAS,LA CEJA,DESARROLLO TERRITORIAL- CARMEN DE VIBORAL,0.4344,8
CARMENVI,ESCUELA DE IDIOMAS,EL CARMEN DE VIBORAL,LICENCIATURA EN LENGUAS EXTRANJERAS CON ENFASIS EN INGLES- CARMEN DE VIBORAL,0.4337,8
CARMENVI,FACULTAD DE CIENCIAS ECONOMICAS,LA CEJA,CONTADURIA PUBLICA - CARMEN DE VIBORAL,0.4333,8
CARMENVI,FACULTAD DE CIENCIAS FARMACEUTICAS Y ALIMENTARIAS,SONSON,TECNOLOGIA EN REGENCIA DE FARMACIA - CARMEN DE VIBORAL,0.4333,8
STAFEANT,FACULTAD DE CIENCIAS FARMACEUTICAS Y ALIMENTARIAS,SANTAFE DE ANTIOQUIA,TECNOLOGIA EN REGENCIA DE FARMACIA - SANTA FE DE ANTIOQUIA,0.4329,8
APARTADO,FACULTAD DE INGENIERIA,APARTADO,INGENIERIA SANITARIA-APARTADO,0.4329,8
SEGOVIA,FACULTAD DE DERECHO Y CIENCIAS POLITICAS,SEGOVIA,DERECHO SEGOVIA,0.4328,8
TURBO,FACULTAD DE EDUCACION,TURBO,LICENCIATURA EN CIENCIAS NATURALES-TURBO,0.4327,8
TURBO,FACULTAD DE EDUCACION,TURBO,LICENCIATURA EN CIENCIAS NATURALES-TURBO,0.4326,8
CAREPA,FACULTAD DE CIENCIAS AGRARIAS,CHIGORODO,INGENIERIA AGROPECUARIA-CAREPA,0.4325,8
SEGOVIA,FACULTAD NACIONAL DE SALUD PUBLICA,SEGOVIA,ADMINISTRACION AMBIENTAL Y SANITARIA- SEGOVIA,0.4321,8
AMALFI,FACULTAD DE EDUCACION,YOLOMBO,PEDAGOGIA EN RURALIDAD Y PAZ- AMALFI,0.432,8
P-BERRIO,FACULTAD DE DERECHO Y CIENCIAS POLITICAS,PUERTO BERRIO,DERECHO - PUERTO BERRIO,0.4315,8
AMALFI,FACULTAD DE EDUCACION,MEDELLIN,PEDAGOGIA EN RURALIDAD Y PAZ- AMALFI,0.4311,8
AMALFI,FACULTAD DE EDUCACION,AMALFI,PEDAGOGIA EN RURALIDAD Y PAZ- AMALFI,0.431,8
CAREPA,FACULTAD DE CIENCIAS EXACTAS Y NATURALES,APARTADO,BIOLOGIA- CAREPA,0.4309,8
CARMENVI,FACULTAD DE CIENCIAS EXACTAS Y NATURALES,RIONEGRO,BIOLOGIA - CARMEN DE VIBORAL,0.4305,8
CAUCASIA,FACULTAD DE CIENCIAS ECONOMICAS,CAUCASIA,ADMINISTRACION DE EMPRESAS - CAUCASIA,0.4301,8
CAREPA,FACULTAD DE CIENCIAS AGRARIAS,CAREPA,INGENIERIA AGROPECUARIA-CAREPA,0.4301,8
CAREPA,ESCUELA DE IDIOMAS,APARTADO,LICENCIATURA EN LENGUAS EXTRANJERAS CON ENFASIS EN INGLES - CAREPA,0.43,8
APARTADO,FACULTAD DE COMUNICACIONES Y FILOLOGIA,APARTADO,COMUNICACION SOCIAL - PERIODISMO APARTADO,0.4299,8
CARMENVI,FACULTAD DE ARTES,LA CEJA,GESTION CULTURAL - CARMEN DE VIBORAL,0.4295,8
CAREPA,FACULTAD DE CIENCIAS AGRARIAS,CHIGORODO,INGENIERIA AGROPECUARIA-CAREPA,0.4295,8
CARMENVI,FACULTAD DE EDUCACION,MARINILLA,LICENCIATURA EN CIENCIAS SOCIALES-CARMEN DE VIBORAL,0.4293,8
MEDELLIN,FACULTAD DE CIENCIAS AGRARIAS,ENTRERRIOS,TECNOLOGIA EN GESTION DE INSUMOS AGROPECUARIOS,0.4291,8
CAUCASIA,FACULTAD DE CIENCIAS FARMACEUTICAS Y ALIMENTARIAS,CACERES,TECNOLOGIA EN REGENCIA DE FARMACIA - CAUCASIA,0.4289,8
MEDELLIN,FACULTAD DE CIENCIAS AGRARIAS,TURBO,TECNOLOGIA EN GESTION DE INSUMOS AGROPECUARIOS,0.4288,8
CAREPA,FACULTAD DE INGENIERIA,CAREPA,INGENIERIA BIOQUIMICA-URABA,0.4287,8
CARMENVI,FACULTAD DE CIENCIAS AGRARIAS,LA UNION,INGENIERIA AGROPECUARIA - CARMEN DE VIBORAL,0.4286,8
TURBO,FACULTAD DE CIENCIAS ECONOMICAS,TURBO,DESARROLLO TERRITORIAL- TURBO,0.4285,8
CARMENVI,FACULTAD DE CIENCIAS FARMACEUTICAS Y ALIMENTARIAS,EL CARMEN DE VIBORAL,CIENCIAS CULINARIAS - CARMEN DE VIBORAL,0.4285,8
CAREPA,FACULTAD DE CIENCIAS EXACTAS Y NATURALES,CHIGORODO,BIOLOGIA- CAREPA,0.4282,8
AMALFI,FACULTAD DE EDUCACION,AMALFI,PEDAGOGIA EN RURALIDAD Y PAZ- AMALFI,0.4281,8
CARMENVI,FACULTAD DE EDUCACION,EL CARMEN DE VIBORAL,LICENCIATURA EN MATEMATICAS-CARMEN DE VIBORAL,0.4278,8
P-BERRIO,FACULTAD DE DERECHO Y CIENCIAS POLITICAS,PUERTO BERRIO,DERECHO - PUERTO BERRIO,0.4278,8
CARMENVI,FACULTAD DE EDUCACION,RIONEGRO,LICENCIATURA EN EDUCACION INFANTIL-CARMEN DE VIBORAL,0.4273,8
TURBO,FACULTAD DE CIENCIAS EXACTAS Y NATURALES,TURBO,OCEANOGRAFIA - TURBO,0.4268,8
TURBO,FACULTAD DE CIENCIAS ECONOMICAS,TURBO,DESARROLLO TERRITORIAL- TURBO,0.4265,8
SEGOVIA,FACULTAD NACIONAL DE SALUD PUBLICA,SEGOVIA,ADMINISTRACION AMBIENTAL Y SANITARIA- SEGOVIA,0.4264,8
CARMENVI,FACULTAD DE CIENCIAS AGRARIAS,LA CEJA,INGENIERIA AGROPECUARIA - CARMEN DE VIBORAL,0.4262,8
CAREPA,FACULTAD DE INGENIERIA,CAREPA,INGENIERIA BIOQUIMICA-URABA,0.4255,8
CARMENVI,FACULTAD DE EDUCACION,LA UNION,LICENCIATURA EN CIENCIAS SOCIALES-CARMEN DE VIBORAL,0.4253,8
SEGOVIA,FACULTAD NACIONAL DE SALUD PUBLICA,SEGOVIA,ADMINISTRACION AMBIENTAL Y SANITARIA- SEGOVIA,0.4253,8
TURBO,FACULTAD DE EDUCACION,TURBO,LICENCIATURA EN CIENCIAS NATURALES-TURBO,0.4251,8
CAUCASIA,FACULTAD DE CIENCIAS AGRARIAS,LA APARTADA,INGENIERIA AGROPECUARIA - CAUCASIA,0.425,8
CARMENVI,FACULTAD DE ARTES,LA UNION,GESTION CULTURAL - CARMEN DE VIBORAL,0.4242,8
TURBO,FACULTAD DE CIENCIAS ECONOMICAS,TURBO,ADMINISTRACION DE EMPRESAS - TURBO,0.424,8
CARMENVI,FACULTAD DE CIENCIAS ECONOMICAS,ABEJORRAL,DESARROLLO TERRITORIAL- CARMEN DE VIBORAL,0.4239,8
MEDELLIN,FACULTAD DE CIENCIAS AGRARIAS,SEGOVIA,TECNOLOGIA EN GESTION DE INSUMOS AGROPECUARIOS,0.4237,8
P-BERRIO,FACULTAD DE EDUCACION,PUERTO BERRIO,LICENCIATURA EN MATEMATICAS - PUERTO BERRIO,0.4234,8
CARMENVI,FACULTAD DE EDUCACION,MARINILLA,LICENCIATURA EN CIENCIAS NATURALES-CARMEN DE VIBORAL,0.4234,8
CARMENVI,INSTITUTO DE FILOSOFIA,RIONEGRO,LICENCIATURA EN FILOSOFIA - CARMEN DE VIBORAL,0.4232,8
MEDELLIN,FACULTAD DE INGENIERIA,APARTADO,INGENIERIA INDUSTRIAL REGION,0.4227,8
CAREPA,FACULTAD DE INGENIERIA,CAREPA,INGENIERIA BIOQUIMICA-URABA,0.4225,8
AMALFI,FACULTAD DE EDUCACION,ANORI,PEDAGOGIA EN RURALIDAD Y PAZ- AMALFI,0.4215,8
STAFEANT,FACULTAD DE CIENCIAS ECONOMICAS,SANTAFE DE ANTIOQUIA,CONTADURIA PUBLICA- SANTA FE DE ANTIOQUIA,0.4215,8
CAREPA,FACULTAD DE INGENIERIA,APARTADO,INGENIERIA BIOQUIMICA-URABA,0.4214,8
CAREPA,FACULTAD DE CIENCIAS AGRARIAS,APARTADO,INGENIERIA AGROPECUARIA-CAREPA,0.4212,8
CAUCASIA,FACULTAD DE CIENCIAS ECONOMICAS,NECHI,ADMINISTRACION DE EMPRESAS - CAUCASIA,0.4212,8
APARTADO,FACULTAD DE COMUNICACIONES Y FILOLOGIA,APARTADO,COMUNICACION SOCIAL - PERIODISMO APARTADO,0.4211,8
CARMENVI,ESCUELA DE IDIOMAS,LA UNION,LICENCIATURA EN LENGUAS EXTRANJERAS CON ENFASIS EN INGLES- CARMEN DE VIBORAL,0.4204,8
P-BERRIO,FACULTAD DE DERECHO Y CIENCIAS POLITICAS,PUERTO BERRIO,DERECHO - PUERTO BERRIO,0.4203,8
CAREPA,ESCUELA DE IDIOMAS,APARTADO,LICENCIATURA EN LENGUAS EXTRANJERAS CON ENFASIS EN INGLES - CAREPA,0.42,8
CAREPA,FACULTAD DE CIENCIAS EXACTAS Y NATURALES,APARTADO,BIOLOGIA- CAREPA,0.4199,8
MEDELLIN,FACULTAD DE CIENCIAS AGRARIAS,CAUCASIA,TECNOLOGIA EN GESTION DE INSUMOS AGROPECUARIOS,0.4198,8
SONSON,FACULTAD NACIONAL DE SALUD PUBLICA,SONSON,ADMINISTRACION EN SALUD - SONSON,0.4194,8
MEDELLIN,FACULTAD DE CIENCIAS AGRARIAS,SONSON,TECNOLOGIA EN GESTION DE INSUMOS AGROPECUARIOS,0.4189,8
APARTADO,FACULTAD DE INGENIERIA,APARTADO,INGENIERIA SANITARIA-APARTADO,0.4188,8
CAREPA,FACULTAD DE INGENIERIA,APARTADO,INGENIERIA AGROINDUSTRIAL-URABA,0.4188,8
CAREPA,ESCUELA DE IDIOMAS,APARTADO,LICENCIATURA EN LENGUAS EXTRANJERAS CON ENFASIS EN INGLES - CAREPA,0.4187,8
SEGOVIA,FACULTAD DE DERECHO Y CIENCIAS POLITICAS,SEGOVIA,DERECHO SEGOVIA,0.4187,8
CARMENVI,FACULTAD DE CIENCIAS AGRARIAS,ALEJANDRIA,INGENIERIA AGROPECUARIA - CARMEN DE VIBORAL,0.4183,8
TURBO,FACULTAD DE CIENCIAS FARMACEUTICAS Y ALIMENTARIAS,NECOCLI,TECNOLOGIA EN REGENCIA DE FARMACIA - TURBO,0.4183,8
CARMENVI,FACULTAD DE CIENCIAS FARMACEUTICAS Y ALIMENTARIAS,ENVIGADO,CIENCIAS CULINARIAS - CARMEN DE VIBORAL,0.4178,8
CARMENVI,FACULTAD DE ARTES,LA UNION,LICENCIATURA EN ARTES PLASTICAS - CARMEN DE VIBORAL,0.4177,8
SEGOVIA,FACULTAD DE DERECHO Y CIENCIAS POLITICAS,SEGOVIA,DERECHO SEGOVIA,0.4175,8
MEDELLIN,FACULTAD DE CIENCIAS AGRARIAS,SANTA ROSA DE OSOS,TECNOLOGIA EN GESTION DE INSUMOS AGROPECUARIOS,0.4174,8
CAREPA,FACULTAD DE INGENIERIA,CAREPA,INGENIERIA BIOQUIMICA-URABA,0.4172,8
P-BERRIO,FACULTAD DE DERECHO Y CIENCIAS POLITICAS,PUERTO BERRIO,DERECHO - PUERTO BERRIO,0.417,8
CAUCASIA,FACULTAD DE EDUCACION,PUEBLO NUEVO,LICENCIATURA EN MATEMATICAS-CAUCASIA,0.4165,8
CAREPA,FACULTAD DE INGENIERIA,CHIGORODO,INGENIERIA AGROINDUSTRIAL-URABA,0.4163,8
CAREPA,FACULTAD DE ARTES,APARTADO,LICENCIATURA EN MUSICA- CAREPA,0.4162,8
CAUCASIA,FACULTAD DE CIENCIAS ECONOMICAS,LA APARTADA,CONTADURIA PUBLICA- CAUCASIA,0.4162,8
ANDES,FACULTAD DE EDUCACION,ANDES,LICENCIATURA EN CIENCIAS NATURALES - ANDES,0.4157,8
CARMENVI,FACULTAD DE CIENCIAS ECONOMICAS,EL CARMEN DE VIBORAL,DESARROLLO TERRITORIAL- CARMEN DE VIBORAL,0.4154,8
CARMENVI,FACULTAD DE EDUCACION,LA UNION,LICENCIATURA EN CIENCIAS SOCIALES-CARMEN DE VIBORAL,0.4154,8
ANDES,FACULTAD DE EDUCACION,ANDES,LICENCIATURA EN CIENCIAS NATURALES - ANDES,0.4154,8
MEDELLIN,FACULTAD DE INGENIERIA,MEDELLIN,INGENIERIA INDUSTRIAL REGION,0.4145,8
MEDELLIN,FACULTAD DE CIENCIAS AGRARIAS,RIONEGRO,TECNOLOGIA EN GESTION DE INSUMOS AGROPECUARIOS,0.4144,8
MEDELLIN,FACULTAD DE CIENCIAS AGRARIAS,VALDIVIA,TECNOLOGIA EN GESTION DE INSUMOS AGROPECUARIOS,0.414,8
APARTADO,FACULTAD DE COMUNICACIONES Y FILOLOGIA,APARTADO,COMUNICACION SOCIAL - PERIODISMO APARTADO,0.4137,8
CAREPA,FACULTAD DE CIENCIAS EXACTAS Y NATURALES,CAREPA,BIOLOGIA- CAREPA,0.4137,8
CAUCASIA,FACULTAD DE EDUCACION,MEDELLIN,LICENCIATURA EN MATEMATICAS-CAUCASIA,0.4134,8
CARMENVI,FACULTAD DE ARTES,LA UNION,GESTION CULTURAL - CARMEN DE VIBORAL,0.4129,8
P-BERRIO,FACULTAD DE DERECHO Y CIENCIAS POLITICAS,PUERTO BERRIO,DERECHO - PUERTO BERRIO,0.4126,8
CAUCASIA,FACULTAD NACIONAL DE SALUD PUBLICA,CACERES,ADMINISTRACION EN SALUD-CAUCASIA,0.4125,8
TURBO,FACULTAD DE CIENCIAS ECONOMICAS,NECOCLI,ADMINISTRACION DE EMPRESAS - TURBO,0.4112,8
ANDES,FACULTAD DE DERECHO Y CIENCIAS POLITICAS,ANDES,DERECHO - ANDES,0.4106,8
APARTADO,FACULTAD DE INGENIERIA,ARBOLETES,INGENIERIA SANITARIA-APARTADO,0.4105,8
CARMENVI,FACULTAD DE EDUCACION,EL CARMEN DE VIBORAL,LICENCIATURA EN CIENCIAS SOCIALES-CARMEN DE VIBORAL,0.4102,8
CAUCASIA,INSTITUTO UNIVERSITARIO DE EDUCACION FISICA Y DEPORTES,MONTELIBANO,LICENCIATURA EN EDUCACION FISICA - CAUCASIA,0.4102,8
CARMENVI,FACULTAD DE EDUCACION,COCORNA,LICENCIATURA EN EDUCACION INFANTIL-CARMEN DE VIBORAL,0.41,8
SONSON,INSTITUTO UNIVERSITARIO DE EDUCACION FISICA Y DEPORTES,SONSON,LICENCIATURA EN EDUCACION FISICA - SONSON,0.4098,8
ANDES,FACULTAD DE EDUCACION,ANDES,LICENCIATURA EN CIENCIAS NATURALES - ANDES,0.4098,8
CARMENVI,ESCUELA DE IDIOMAS,EL SANTUARIO,LICENCIATURA EN LENGUAS EXTRANJERAS CON ENFASIS EN INGLES- CARMEN DE VIBORAL,0.4087,8
CARMENVI,FACULTAD DE CIENCIAS AGRARIAS,EL CARMEN DE VIBORAL,INGENIERIA AGROPECUARIA - CARMEN DE VIBORAL,0.4085,8
CARMENVI,FACULTAD DE CIENCIAS EXACTAS Y NATURALES,RIONEGRO,BIOLOGIA - CARMEN DE VIBORAL,0.4083,8
CARMENVI,FACULTAD DE CIENCIAS AGRARIAS,RIONEGRO,INGENIERIA AGROPECUARIA - CARMEN DE VIBORAL,0.408,8
APARTADO,FACULTAD DE CIENCIAS EXACTAS Y NATURALES,APARTADO,MATEMATICAS - APARTADO,0.4079,8
CAUCASIA,FACULTAD DE EDUCACION,CAUCASIA,LICENCIATURA EN MATEMATICAS-CAUCASIA,0.4078,8
CAUCASIA,FACULTAD DE EDUCACION,CAUCASIA,LICENCIATURA EN MATEMATICAS-CAUCASIA,0.4074,8
APARTADO,FACULTAD DE ARTES,TURBO,LICENCIATURA EN MUSICA - APARTADO,0.4073,8
CARMENVI,FACULTAD DE ARTES,EL PENOL,LICENCIATURA EN DANZA -CARMEN DE VIBORAL,0.4069,8
CAUCASIA,FACULTAD DE CIENCIAS FARMACEUTICAS Y ALIMENTARIAS,CAUCASIA,TECNOLOGIA EN REGENCIA DE FARMACIA - CAUCASIA,0.4064,8
CARMENVI,FACULTAD DE CIENCIAS FARMACEUTICAS Y ALIMENTARIAS,RIONEGRO,INGENIERIA DE ALIMENTOS - CARMEN DE VIBORAL,0.4064,8
YARUMAL,FACULTAD DE EDUCACION,YARUMAL,LICENCIATURA EN MATEMATICAS-YARUMAL,0.4062,8
CAUCASIA,FACULTAD DE CIENCIAS FARMACEUTICAS Y ALIMENTARIAS,CAUCASIA,TECNOLOGIA EN REGENCIA DE FARMACIA - CAUCASIA,0.4062,8
CAUCASIA,FACULTAD DE CIENCIAS AGRARIAS,EL BAGRE,INGENIERIA AGROPECUARIA - CAUCASIA,0.406,8
CARMENVI,FACULTAD DE ARTES,SONSON,LICENCIATURA EN ARTES PLASTICAS - CARMEN DE VIBORAL,0.4059,8
CARMENVI,FACULTAD DE CIENCIAS FARMACEUTICAS Y ALIMENTARIAS,RIONEGRO,CIENCIAS CULINARIAS - CARMEN DE VIBORAL,0.4058,8
SONSON,FACULTAD NACIONAL DE SALUD PUBLICA,SONSON,ADMINISTRACION EN SALUD - SONSON,0.4053,8
CARMENVI,FACULTAD DE CIENCIAS EXACTAS Y NATURALES,LA CEJA,MATEMATICAS - CARMEN DE VIBORAL,0.4045,8
TURBO,FACULTAD DE EDUCACION,TURBO,LICENCIATURA EN CIENCIAS NATURALES-TURBO,0.4043,8
CAREPA,ESCUELA DE IDIOMAS,APARTADO,LICENCIATURA EN LENGUAS EXTRANJERAS CON ENFASIS EN INGLES - CAREPA,0.4039,8
TURBO,FACULTAD DE EDUCACION,TURBO,LICENCIATURA EN EDUCACION INFANTIL-TURBO,0.4038,8
CAUCASIA,FACULTAD DE EDUCACION,CAUCASIA,LICENCIATURA EN MATEMATICAS-CAUCASIA,0.4036,8
CAUCASIA,INSTITUTO UNIVERSITARIO DE EDUCACION FISICA Y DEPORTES,CAUCASIA,LICENCIATURA EN EDUCACION FISICA - CAUCASIA,0.4036,8
STAFEANT,FACULTAD DE EDUCACION,SANTAFE DE ANTIOQUIA,LICENCIATURA EN CIENCIAS NATURALES - SANTA FE DE ANTIOQUIA,0.4032,8
CAREPA,FACULTAD DE INGENIERIA,TURBO,INGENIERIA AGROINDUSTRIAL-URABA,0.4029,8
MEDELLIN,FACULTAD DE INGENIERIA,VALLEDUPAR,INGENIERIA AMBIENTAL REGION,0.4028,8
APARTADO,FACULTAD DE INGENIERIA,APARTADO,INGENIERIA CIVIL-APARTADO,0.4027,8
CARMENVI,FACULTAD DE CIENCIAS EXACTAS Y NATURALES,RIONEGRO,BIOLOGIA - CARMEN DE VIBORAL,0.4026,8
TURBO,FACULTAD DE CIENCIAS EXACTAS Y NATURALES,SAHAGUN,OCEANOGRAFIA - TURBO,0.4026,8
MEDELLIN,FACULTAD DE CIENCIAS AGRARIAS,MEDELLIN,TECNOLOGIA EN GESTION DE INSUMOS AGROPECUARIOS,0.4023,8
CAREPA,FACULTAD DE CIENCIAS EXACTAS Y NATURALES,CAREPA,BIOLOGIA- CAREPA,0.4017,8
CAREPA,FACULTAD DE CIENCIAS AGRARIAS,CHIGORODO,INGENIERIA AGROPECUARIA-CAREPA,0.4011,8
CAUCASIA,FACULTAD DE EDUCACION,EL BAGRE,LICENCIATURA EN MATEMATICAS-CAUCASIA,0.4009,8
CAREPA,FACULTAD DE INGENIERIA,CAREPA,INGENIERIA AGROINDUSTRIAL-URABA,0.4005,8
CARMENVI,FACULTAD DE EDUCACION,MARINILLA,LICENCIATURA EN MATEMATICAS-CARMEN DE VIBORAL,0.4005,8
CARMENVI,FACULTAD DE CIENCIAS ECONOMICAS,EL CARMEN DE VIBORAL,DESARROLLO TERRITORIAL- CARMEN DE VIBORAL,0.4003,8
CARMENVI,FACULTAD DE CIENCIAS ECONOMICAS,RIONEGRO,GESTION EN ECOLOGIA Y TURISMO - CARMEN DE VIBORAL,0.4002,8
CAUCASIA,INSTITUTO UNIVERSITARIO DE EDUCACION FISICA Y DEPORTES,CAUCASIA,LICENCIATURA EN EDUCACION FISICA - CAUCASIA,0.4,8
CAREPA,INSTITUTO UNIVERSITARIO DE EDUCACION FISICA Y DEPORTES,APARTADO,LICENCIATURA EN EDUCACION FISICA - CAREPA,0.3996,8
APARTADO,FACULTAD DE COMUNICACIONES Y FILOLOGIA,CHIGORODO,COMUNICACION SOCIAL - PERIODISMO APARTADO,0.3993,8
SEGOVIA,FACULTAD DE DERECHO Y CIENCIAS POLITICAS,SEGOVIA,DERECHO SEGOVIA,0.3991,8
TURBO,FACULTAD DE CIENCIAS ECONOMICAS,NECOCLI,DESARROLLO TERRITORIAL- TURBO,0.399,8
CARMENVI,FACULTAD DE ARTES,EL CARMEN DE VIBORAL,GESTION CULTURAL - CARMEN DE VIBORAL,0.3986,8
STAFEANT,FACULTAD DE EDUCACION,GIRALDO,LICENCIATURA EN CIENCIAS NATURALES - SANTA FE DE ANTIOQUIA,0.3985,8
CAREPA,FACULTAD DE CIENCIAS EXACTAS Y NATURALES,APARTADO,BIOLOGIA- CAREPA,0.3978,8
CAUCASIA,INSTITUTO UNIVERSITARIO DE EDUCACION FISICA Y DEPORTES,CACERES,LICENCIATURA EN EDUCACION FISICA - CAUCASIA,0.3978,8
CAREPA,INSTITUTO UNIVERSITARIO DE EDUCACION FISICA Y DEPORTES,CAREPA,LICENCIATURA EN EDUCACION FISICA - CAREPA,0.3973,8
SEGOVIA,FACULTAD DE DERECHO Y CIENCIAS POLITICAS,SEGOVIA,DERECHO SEGOVIA,0.3962,8
ANDES,FACULTAD DE DERECHO Y CIENCIAS POLITICAS,EL CARMEN DE ATRATO,DERECHO - ANDES,0.396,8
ANDES,FACULTAD DE CIENCIAS ECONOMICAS,ANDES,GESTION EN ECOLOGIA Y TURISMO - ANDES,0.3959,8
P-BERRIO,FACULTAD DE DERECHO Y CIENCIAS POLITICAS,PUERTO BERRIO,DERECHO - PUERTO BERRIO,0.3958,8
STAFEANT,FACULTAD DE COMUNICACIONES Y FILOLOGIA,MEDELLIN,COMUNICACION SOCIAL - PERIODISMO SANTA FE DE ANTIOQUIA,0.3956,8
TURBO,FACULTAD DE CIENCIAS EXACTAS Y NATURALES,CHIGORODO,ECOLOGIA DE ZONAS COSTERAS - TURBO,0.3955,8
P-BERRIO,FACULTAD DE DERECHO Y CIENCIAS POLITICAS,PUERTO BERRIO,DERECHO - PUERTO BERRIO,0.3952,8
CAREPA,FACULTAD DE CIENCIAS AGRARIAS,APARTADO,INGENIERIA AGROPECUARIA-CAREPA,0.3951,8
CAUCASIA,INSTITUTO UNIVERSITARIO DE EDUCACION FISICA Y DEPORTES,CAUCASIA,LICENCIATURA EN EDUCACION FISICA - CAUCASIA,0.3951,8
CARMENVI,FACULTAD DE EDUCACION,RIONEGRO,LICENCIATURA EN CIENCIAS SOCIALES-CARMEN DE VIBORAL,0.3949,8
STAFEANT,FACULTAD DE CIENCIAS ECONOMICAS,SAN JERONIMO,CONTADURIA PUBLICA- SANTA FE DE ANTIOQUIA,0.3948,8
CAREPA,FACULTAD DE CIENCIAS AGRARIAS,CHIGORODO,INGENIERIA AGROPECUARIA-CAREPA,0.3943,8
CARMENVI,FACULTAD DE EDUCACION,RIONEGRO,LICENCIATURA EN MATEMATICAS-CARMEN DE VIBORAL,0.394,8
MEDELLIN,FACULTAD DE CIENCIAS AGRARIAS,CAROLINA,TECNOLOGIA EN GESTION DE INSUMOS AGROPECUARIOS,0.394,8
P-BERRIO,FACULTAD DE EDUCACION,PUERTO BERRIO,LICENCIATURA EN MATEMATICAS - PUERTO BERRIO,0.3936,8
STAFEANT,FACULTAD DE CIENCIAS ECONOMICAS,SANTAFE DE ANTIOQUIA,CONTADURIA PUBLICA- SANTA FE DE ANTIOQUIA,0.3936,8
APARTADO,FACULTAD DE INGENIERIA,ITAGUI,INGENIERIA CIVIL-APARTADO,0.3933,8
CAREPA,FACULTAD DE INGENIERIA,CHIGORODO,INGENIERIA BIOQUIMICA-URABA,0.393,8
CARMENVI,FACULTAD DE CIENCIAS AGRARIAS,RETIRO,INGENIERIA AGROPECUARIA - CARMEN DE VIBORAL,0.393,8
CARMENVI,FACULTAD DE EDUCACION,MEDELLIN,LICENCIATURA EN EDUCACION INFANTIL-CARMEN DE VIBORAL,0.3927,8
APARTADO,FACULTAD DE ARTES,APARTADO,LICENCIATURA EN MUSICA - APARTADO,0.3921,8
CARMENVI,FACULTAD DE EDUCACION,PUERTO TRIUNFO,PEDAGOGIA EN RURALIDAD Y PAZ -CARMEN DE VIBORAL,0.392,8
CARMENVI,ESCUELA DE IDIOMAS,SONSON,LICENCIATURA EN LENGUAS EXTRANJERAS CON ENFASIS EN INGLES- CARMEN DE VIBORAL,0.3918,8
MEDELLIN,FACULTAD DE INGENIERIA,CERETE,INGENIERIA DE SISTEMAS - REGION,0.3913,8
CAUCASIA,FACULTAD DE EDUCACION,LA APARTADA,LICENCIATURA EN MATEMATICAS-CAUCASIA,0.3907,8
CAUCASIA,FACULTAD DE CIENCIAS ECONOMICAS,CAUCASIA,ADMINISTRACION DE EMPRESAS - CAUCASIA,0.3904,8
CARMENVI,FACULTAD DE CIENCIAS EXACTAS Y NATURALES,EL PENOL,BIOLOGIA - CARMEN DE VIBORAL,0.3901,8
STAFEANT,FACULTAD DE COMUNICACIONES Y FILOLOGIA,MEDELLIN,COMUNICACION SOCIAL - PERIODISMO SANTA FE DE ANTIOQUIA,0.3897,8
MEDELLIN,FACULTAD DE INGENIERIA,CHIGORODO,INGENIERIA DE SISTEMAS - REGION,0.3897,8
MEDELLIN,FACULTAD DE CIENCIAS AGRARIAS,LA UNION,TECNOLOGIA EN GESTION DE INSUMOS AGROPECUARIOS,0.3896,8
CAUCASIA,FACULTAD DE EDUCACION,CAUCASIA,LICENCIATURA EN MATEMATICAS-CAUCASIA,0.3893,8
YARUMAL,INSTITUTO UNIVERSITARIO DE EDUCACION FISICA Y DEPORTES,SANTA ROSA DE OSOS,LICENCIATURA EN EDUCACION FISICA - YARUMAL,0.389,8
APARTADO,FACULTAD DE CIENCIAS ECONOMICAS,APARTADO,CONTADURIA PUBLICA- URABA (APARTADO),0.3889,8
CARMENVI,FACULTAD DE CIENCIAS ECONOMICAS,RIONEGRO,ADMINISTRACION DE EMPRESAS - CARMEN DE VIBORAL,0.3882,8
ANDES,FACULTAD DE CIENCIAS AGRARIAS,JARDIN,INGENIERIA AGROPECUARIA - ANDES,0.3882,8
CARMENVI,FACULTAD DE CIENCIAS ECONOMICAS,EL CARMEN DE VIBORAL,DESARROLLO TERRITORIAL- CARMEN DE VIBORAL,0.3874,8
CARMENVI,FACULTAD DE CIENCIAS AGRARIAS,ABEJORRAL,INGENIERIA AGROPECUARIA - CARMEN DE VIBORAL,0.3866,8
AMALFI,FACULTAD DE CIENCIAS ECONOMICAS,AMALFI,GESTION EN ECOLOGIA Y TURISMO - AMALFI,0.3864,8
CARMENVI,FACULTAD DE CIENCIAS AGRARIAS,RIONEGRO,INGENIERIA AGROPECUARIA - CARMEN DE VIBORAL,0.3858,8
TURBO,FACULTAD DE CIENCIAS ECONOMICAS,CAREPA,DESARROLLO TERRITORIAL- TURBO,0.3857,8
MEDELLIN,FACULTAD DE CIENCIAS AGRARIAS,MONTELIBANO,TECNOLOGIA EN GESTION DE INSUMOS AGROPECUARIOS,0.3853,8
TURBO,FACULTAD DE EDUCACION,APARTADO,PEDAGOGIA EN RURALIDAD Y PAZ - TURBO,0.3853,8
CARMENVI,FACULTAD DE ARTES,LA UNION,LICENCIATURA EN DANZA -CARMEN DE VIBORAL,0.3852,8
CARMENVI,FACULTAD DE ARTES,RIONEGRO,GESTION CULTURAL - CARMEN DE VIBORAL,0.3849,8
APARTADO,FACULTAD DE INGENIERIA,APARTADO,INGENIERIA SANITARIA-APARTADO,0.3848,8
CAUCASIA,FACULTAD DE CIENCIAS FARMACEUTICAS Y ALIMENTARIAS,CAUCASIA,TECNOLOGIA EN REGENCIA DE FARMACIA - CAUCASIA,0.3847,8
APARTADO,FACULTAD DE INGENIERIA,APARTADO,INGENIERIA SANITARIA-APARTADO,0.3843,8
CARMENVI,FACULTAD DE EDUCACION,EL CARMEN DE VIBORAL,LICENCIATURA EN CIENCIAS SOCIALES-CARMEN DE VIBORAL,0.3843,8
CAREPA,FACULTAD DE CIENCIAS AGRARIAS,APARTADO,INGENIERIA AGROPECUARIA-CAREPA,0.3836,8
CAUCASIA,FACULTAD DE CIENCIAS ECONOMICAS,CAUCASIA,CONTADURIA PUBLICA- CAUCASIA,0.3834,8
MEDELLIN,FACULTAD DE CIENCIAS AGRARIAS,CACERES,TECNOLOGIA EN GESTION DE INSUMOS AGROPECUARIOS,0.3831,8
MEDELLIN,FACULTAD DE CIENCIAS AGRARIAS,ARBOLETES,TECNOLOGIA EN GESTION DE INSUMOS AGROPECUARIOS,0.3824,8
CARMENVI,FACULTAD DE CIENCIAS ECONOMICAS,GUARNE,DESARROLLO TERRITORIAL- CARMEN DE VIBORAL,0.3823,8
CAREPA,FACULTAD DE INGENIERIA,APARTADO,INGENIERIA BIOQUIMICA-URABA,0.3822,8
CAREPA,FACULTAD DE INGENIERIA,CAREPA,INGENIERIA AGROINDUSTRIAL-URABA,0.3819,8
MEDELLIN,FACULTAD DE CIENCIAS AGRARIAS,BELLO,TECNOLOGIA EN GESTION DE INSUMOS AGROPECUARIOS,0.3815,8
AMALFI,FACULTAD DE EDUCACION,YOLOMBO,PEDAGOGIA EN RURALIDAD Y PAZ- AMALFI,0.381,8
SEGOVIA,FACULTAD DE DERECHO Y CIENCIAS POLITICAS,SEGOVIA,DERECHO SEGOVIA,0.3807,8
CARMENVI,FACULTAD DE COMUNICACIONES Y FILOLOGIA,LA CEJA,FILOLOGIA HISPANICA-CARMEN DE VIBORAL,0.3796,8
TURBO,FACULTAD DE CIENCIAS ECONOMICAS,APARTADO,ADMINISTRACION DE EMPRESAS - TURBO,0.3796,8
CARMENVI,FACULTAD DE ARTES,MARINILLA,LICENCIATURA EN ARTES PLASTICAS - CARMEN DE VIBORAL,0.3793,8
TURBO,FACULTAD DE EDUCACION,NECOCLI,PEDAGOGIA EN RURALIDAD Y PAZ - TURBO,0.3793,8
CAUCASIA,FACULTAD DE CIENCIAS ECONOMICAS,CAUCASIA,ADMINISTRACION DE EMPRESAS - CAUCASIA,0.3788,8
P-BERRIO,FACULTAD DE DERECHO Y CIENCIAS POLITICAS,PUERTO BERRIO,DERECHO - PUERTO BERRIO,0.3782,8
CAREPA,INSTITUTO UNIVERSITARIO DE EDUCACION FISICA Y DEPORTES,CAREPA,LICENCIATURA EN EDUCACION FISICA - CAREPA,0.378,8
CAUCASIA,FACULTAD DE EDUCACION,CAUCASIA,LICENCIATURA EN EDUCACION INFANTIL - CAUCASIA,0.3778,8
SEGOVIA,FACULTAD DE DERECHO Y CIENCIAS POLITICAS,SEGOVIA,DERECHO SEGOVIA,0.3777,8
CAUCASIA,FACULTAD DE CIENCIAS ECONOMICAS,CAUCASIA,ADMINISTRACION DE EMPRESAS - CAUCASIA,0.377,8
SEGOVIA,FACULTAD DE DERECHO Y CIENCIAS POLITICAS,SEGOVIA,DERECHO SEGOVIA,0.377,8
CAREPA,FACULTAD DE CIENCIAS AGRARIAS,APARTADO,INGENIERIA AGROPECUARIA-CAREPA,0.3769,8
CAUCASIA,FACULTAD DE CIENCIAS ECONOMICAS,CAUCASIA,ADMINISTRACION DE EMPRESAS - CAUCASIA,0.3764,8
CARMENVI,ESCUELA DE IDIOMAS,MARINILLA,LICENCIATURA EN LENGUAS EXTRANJERAS CON ENFASIS EN INGLES- CARMEN DE VIBORAL,0.3759,8
SEGOVIA,FACULTAD NACIONAL DE SALUD PUBLICA,SEGOVIA,TECNOLOGIA EN ADMINISTRACION DE SERVICIOS DE SALUD-SEGOVIA,0.3757,8
CAREPA,FACULTAD DE CIENCIAS AGRARIAS,CHIGORODO,INGENIERIA AGROPECUARIA-CAREPA,0.3755,8
YARUMAL,FACULTAD DE EDUCACION,YARUMAL,LICENCIATURA EN CIENCIAS NATURALES- YARUMAL,0.3754,8
CAUCASIA,FACULTAD DE CIENCIAS ECONOMICAS,CAUCASIA,ADMINISTRACION DE EMPRESAS - CAUCASIA,0.3753,8
APARTADO,FACULTAD DE INGENIERIA,APARTADO,INGENIERIA CIVIL-APARTADO,0.3752,8
MEDELLIN,FACULTAD DE CIENCIAS AGRARIAS,TURBO,TECNOLOGIA EN GESTION DE INSUMOS AGROPECUARIOS,0.3748,8
CAREPA,FACULTAD DE CIENCIAS EXACTAS Y NATURALES,CAREPA,BIOLOGIA- CAREPA,0.3748,8
MEDELLIN,FACULTAD DE CIENCIAS AGRARIAS,CACERES,TECNOLOGIA EN GESTION DE INSUMOS AGROPECUARIOS,0.374,8
CAREPA,FACULTAD DE CIENCIAS AGRARIAS,CAREPA,INGENIERIA AGROPECUARIA-CAREPA,0.3739,8
CARMENVI,FACULTAD DE CIENCIAS ECONOMICAS,RIONEGRO,DESARROLLO TERRITORIAL- CARMEN DE VIBORAL,0.3735,8
APARTADO,FACULTAD DE INGENIERIA,TURBO,INGENIERIA CIVIL-APARTADO,0.3733,8
APARTADO,FACULTAD DE INGENIERIA,TURBO,INGENIERIA CIVIL-APARTADO,0.3733,8
CARMENVI,FACULTAD DE EDUCACION,RIONEGRO,LICENCIATURA EN EDUCACION INFANTIL-CARMEN DE VIBORAL,0.3732,8
CAREPA,FACULTAD DE CIENCIAS AGRARIAS,APARTADO,INGENIERIA AGROPECUARIA-CAREPA,0.3732,8
CAUCASIA,FACULTAD DE CIENCIAS ECONOMICAS,CAUCASIA,CONTADURIA PUBLICA- CAUCASIA,0.3727,8
CAREPA,FACULTAD DE CIENCIAS AGRARIAS,CAREPA,INGENIERIA AGROPECUARIA-CAREPA,0.3726,8
CARMENVI,ESCUELA DE MICROBIOLOGIA,EL CARMEN DE VIBORAL,MICROBIOLOGIA INDUSTRIAL Y AMBIENTAL-CARMEN DE VIBORAL,0.3721,8
AMALFI,FACULTAD DE EDUCACION,AMALFI,LICENCIATURA EN CIENCIAS NATURALES - AMALFI,0.3713,8
APARTADO,FACULTAD DE CIENCIAS ECONOMICAS,APARTADO,GESTION EN ECOLOGIA Y TURISMO - APARTADO,0.3712,8
APARTADO,FACULTAD DE COMUNICACIONES Y FILOLOGIA,APARTADO,COMUNICACION SOCIAL - PERIODISMO APARTADO,0.3708,8
APARTADO,FACULTAD DE CIENCIAS EXACTAS Y NATURALES,APARTADO,MATEMATICAS - APARTADO,0.3698,8
CAREPA,FACULTAD DE CIENCIAS AGRARIAS,CAREPA,INGENIERIA AGROPECUARIA-CAREPA,0.3693,8
MEDELLIN,FACULTAD DE CIENCIAS AGRARIAS,MEDELLIN,TECNOLOGIA EN GESTION DE INSUMOS AGROPECUARIOS,0.3691,8
CARMENVI,FACULTAD DE CIENCIAS AGRARIAS,MONTERIA,INGENIERIA AGROPECUARIA - CARMEN DE VIBORAL,0.3689,8
AMALFI,FACULTAD DE EDUCACION,AMALFI,PEDAGOGIA EN RURALIDAD Y PAZ- AMALFI,0.3688,8
CAREPA,FACULTAD DE CIENCIAS AGRARIAS,CAREPA,INGENIERIA AGROPECUARIA-CAREPA,0.3688,8
CAREPA,INSTITUTO UNIVERSITARIO DE EDUCACION FISICA Y DEPORTES,APARTADO,LICENCIATURA EN EDUCACION FISICA - CAREPA,0.3688,8
CARMENVI,FACULTAD DE CIENCIAS ECONOMICAS,LA UNION,DESARROLLO TERRITORIAL- CARMEN DE VIBORAL,0.3687,8
AMALFI,FACULTAD DE EDUCACION,AMALFI,PEDAGOGIA EN RURALIDAD Y PAZ- AMALFI,0.3686,8
MEDELLIN,FACULTAD DE CIENCIAS AGRARIAS,YARUMAL,TECNOLOGIA EN GESTION DE INSUMOS AGROPECUARIOS,0.3678,8
TURBO,FACULTAD DE CIENCIAS EXACTAS Y NATURALES,TURBO,ECOLOGIA DE ZONAS COSTERAS - TURBO,0.3677,8
APARTADO,FACULTAD DE INGENIERIA,APARTADO,INGENIERIA CIVIL-APARTADO,0.3675,8
TURBO,FACULTAD DE CIENCIAS ECONOMICAS,TURBO,DESARROLLO TERRITORIAL- TURBO,0.3673,8
TURBO,FACULTAD DE CIENCIAS ECONOMICAS,APARTADO,ADMINISTRACION DE EMPRESAS - TURBO,0.367,8
CAREPA,FACULTAD DE CIENCIAS AGRARIAS,CHIGORODO,INGENIERIA AGROPECUARIA-CAREPA,0.3666,8
CARMENVI,FACULTAD DE CIENCIAS AGRARIAS,RIONEGRO,INGENIERIA AGROPECUARIA - CARMEN DE VIBORAL,0.3665,8
CAUCASIA,FACULTAD DE EDUCACION,CAUCASIA,LICENCIATURA EN MATEMATICAS-CAUCASIA,0.3661,8
CARMENVI,FACULTAD DE EDUCACION,SONSON,LICENCIATURA EN CIENCIAS SOCIALES-CARMEN DE VIBORAL,0.3659,8
CAREPA,FACULTAD DE CIENCIAS AGRARIAS,CHIGORODO,INGENIERIA AGROPECUARIA-CAREPA,0.3657,8
APARTADO,FACULTAD DE COMUNICACIONES Y FILOLOGIA,SAN PEDRO DE URABA,COMUNICACION SOCIAL - PERIODISMO APARTADO,0.3655,8
SONSON,FACULTAD DE EDUCACION,SONSON,LICENCIATURA EN LITERATURA Y LENGUA CASTELLANA SONSON,0.3649,8
ANDES,INSTITUTO UNIVERSITARIO DE EDUCACION FISICA Y DEPORTES,ANDES,ENTRENAMIENTO DEPORTIVO - ANDES,0.3648,8
ANDES,FACULTAD DE CIENCIAS ECONOMICAS,ANDES,GESTION EN ECOLOGIA Y TURISMO - ANDES,0.3648,8
CARMENVI,INSTITUTO UNIVERSITARIO DE EDUCACION FISICA Y DEPORTES,MARINILLA,LICENCIATURA EN EDUCACION FISICA - CARMEN DE VIBORAL,0.3647,8
CAUCASIA,INSTITUTO UNIVERSITARIO DE EDUCACION FISICA Y DEPORTES,EL BAGRE,LICENCIATURA EN EDUCACION FISICA - CAUCASIA,0.3647,8
CARMENVI,FACULTAD DE CIENCIAS FARMACEUTICAS Y ALIMENTARIAS,BELLO,CIENCIAS CULINARIAS - CARMEN DE VIBORAL,0.3646,8
CARMENVI,FACULTAD DE CIENCIAS FARMACEUTICAS Y ALIMENTARIAS,RIONEGRO,CIENCIAS CULINARIAS - CARMEN DE VIBORAL,0.3646,8
CARMENVI,FACULTAD DE CIENCIAS EXACTAS Y NATURALES,LA CEJA,BIOLOGIA - CARMEN DE VIBORAL,0.3646,8
CARMENVI,FACULTAD DE CIENCIAS AGRARIAS,RIONEGRO,INGENIERIA AGROPECUARIA - CARMEN DE VIBORAL,0.3645,8
APARTADO,FACULTAD DE INGENIERIA,CAREPA,INGENIERIA CIVIL-APARTADO,0.3643,8
CARMENVI,FACULTAD DE EDUCACION,LA CEJA,LICENCIATURA EN CIENCIAS SOCIALES-CARMEN DE VIBORAL,0.3643,8
MEDELLIN,FACULTAD DE CIENCIAS AGRARIAS,CIUDAD BOLIVAR,TECNOLOGIA EN GESTION DE INSUMOS AGROPECUARIOS,0.3641,8
P-BERRIO,INSTITUTO UNIVERSITARIO DE EDUCACION FISICA Y DEPORTES,ENVIGADO,LICENCIATURA EN EDUCACION FISICA - PUERTO BERRIO,0.3641,8
AMALFI,FACULTAD DE CIENCIAS ECONOMICAS,AMALFI,GESTION EN ECOLOGIA Y TURISMO - AMALFI,0.3641,8
CAUCASIA,FACULTAD DE CIENCIAS AGRARIAS,AYAPEL,INGENIERIA AGROPECUARIA - CAUCASIA,0.364,8
APARTADO,FACULTAD DE CIENCIAS ECONOMICAS,APARTADO,GESTION EN ECOLOGIA Y TURISMO - APARTADO,0.3636,8
SEGOVIA,FACULTAD DE DERECHO Y CIENCIAS POLITICAS,REMEDIOS,DERECHO SEGOVIA,0.3635,8
CAUCASIA,FACULTAD DE CIENCIAS ECONOMICAS,CAUCASIA,ADMINISTRACION DE EMPRESAS - CAUCASIA,0.3631,8
TURBO,FACULTAD DE CIENCIAS EXACTAS Y NATURALES,NECOCLI,ECOLOGIA DE ZONAS COSTERAS - TURBO,0.3631,8
TURBO,FACULTAD DE EDUCACION,SAN JUAN DE URABA,LICENCIATURA EN CIENCIAS NATURALES-TURBO,0.363,8
CARMENVI,FACULTAD DE CIENCIAS ECONOMICAS,MARINILLA,DESARROLLO TERRITORIAL- CARMEN DE VIBORAL,0.363,8
CARMENVI,FACULTAD DE CIENCIAS AGRARIAS,LA CEJA,INGENIERIA AGROPECUARIA - CARMEN DE VIBORAL,0.3623,8
MEDELLIN,FACULTAD DE CIENCIAS AGRARIAS,ITAGUI,TECNOLOGIA EN GESTION DE INSUMOS AGROPECUARIOS,0.362,8
ANDES,FACULTAD DE CIENCIAS ECONOMICAS,BETANIA,GESTION EN ECOLOGIA Y TURISMO - ANDES,0.3614,8
CAUCASIA,FACULTAD DE DERECHO Y CIENCIAS POLITICAS,CAUCASIA,DERECHO - CAUCASIA,0.3611,8
CARMENVI,FACULTAD DE CIENCIAS FARMACEUTICAS Y ALIMENTARIAS,LA CEJA,INGENIERIA DE ALIMENTOS - CARMEN DE VIBORAL,0.3609,8
MEDELLIN,FACULTAD DE CIENCIAS AGRARIAS,MONTELIBANO,TECNOLOGIA EN GESTION DE INSUMOS AGROPECUARIOS,0.3609,8
CAUCASIA,FACULTAD DE CIENCIAS ECONOMICAS,CACERES,ADMINISTRACION DE EMPRESAS - CAUCASIA,0.3604,8
AMALFI,FACULTAD DE CIENCIAS ECONOMICAS,AMALFI,GESTION EN ECOLOGIA Y TURISMO - AMALFI,0.3602,8
STAFEANT,FACULTAD DE ARTES,BURITICA,GESTION CULTURAL - SANTA FE DE ANTIOQUIA,0.36,8
CARMENVI,FACULTAD DE CIENCIAS EXACTAS Y NATURALES,GUARNE,BIOLOGIA - CARMEN DE VIBORAL,0.36,8
TURBO,FACULTAD DE CIENCIAS ECONOMICAS,ARBOLETES,DESARROLLO TERRITORIAL- TURBO,0.3599,8
TURBO,FACULTAD DE CIENCIAS ECONOMICAS,NECOCLI,DESARROLLO TERRITORIAL- TURBO,0.3587,8
TURBO,FACULTAD DE EDUCACION,TURBO,LICENCIATURA EN MATEMATICAS-TURBO,0.3585,8
CAUCASIA,FACULTAD DE CIENCIAS ECONOMICAS,CAUCASIA,ADMINISTRACION DE EMPRESAS - CAUCASIA,0.3583,8
APARTADO,FACULTAD DE INGENIERIA,ACANDI,INGENIERIA CIVIL-APARTADO,0.3575,8
TURBO,FACULTAD DE CIENCIAS ECONOMICAS,APARTADO,ADMINISTRACION DE EMPRESAS - TURBO,0.3575,8
SONSON,FACULTAD DE EDUCACION,SONSON,LICENCIATURA EN LITERATURA Y LENGUA CASTELLANA SONSON,0.357,8
CARMENVI,FACULTAD DE CIENCIAS AGRARIAS,LA UNION,INGENIERIA AGROPECUARIA - CARMEN DE VIBORAL,0.3567,8
YARUMAL,FACULTAD DE ARTES,YARUMAL,GESTION CULTURAL - YARUMAL,0.3566,8
MEDELLIN,FACULTAD DE CIENCIAS AGRARIAS,JARDIN,TECNOLOGIA EN GESTION DE INSUMOS AGROPECUARIOS,0.3564,8
TURBO,FACULTAD DE CIENCIAS ECONOMICAS,TURBO,DESARROLLO TERRITORIAL- TURBO,0.3564,8
CAUCASIA,INSTITUTO UNIVERSITARIO DE EDUCACION FISICA Y DEPORTES,CAUCASIA,LICENCIATURA EN EDUCACION FISICA - CAUCASIA,0.3559,8
CAUCASIA,FACULTAD NACIONAL DE SALUD PUBLICA,MONTELIBANO,ADMINISTRACION AMBIENTAL Y SANITARIA- CAUCASIA,0.3555,8
CARMENVI,FACULTAD DE CIENCIAS FARMACEUTICAS Y ALIMENTARIAS,RETIRO,INGENIERIA DE ALIMENTOS - CARMEN DE VIBORAL,0.3551,8
CAREPA,FACULTAD DE CIENCIAS AGRARIAS,CHIGORODO,INGENIERIA AGROPECUARIA-CAREPA,0.355,8
TURBO,FACULTAD DE CIENCIAS ECONOMICAS,TURBO,DESARROLLO TERRITORIAL- TURBO,0.354,8
P-BERRIO,FACULTAD DE DERECHO Y CIENCIAS POLITICAS,PUERTO BERRIO,DERECHO - PUERTO BERRIO,0.3534,8
SEGOVIA,FACULTAD DE DERECHO Y CIENCIAS POLITICAS,REMEDIOS,DERECHO SEGOVIA,0.3529,8
CARMENVI,FACULTAD DE CIENCIAS EXACTAS Y NATURALES,GUARNE,BIOLOGIA - CARMEN DE VIBORAL,0.3528,8
CARMENVI,ESCUELA DE IDIOMAS,LA UNION,LICENCIATURA EN LENGUAS EXTRANJERAS CON ENFASIS EN INGLES- CARMEN DE VIBORAL,0.3527,8
CAUCASIA,FACULTAD DE CIENCIAS AGRARIAS,CACERES,INGENIERIA AGROPECUARIA - CAUCASIA,0.352,8
ANDES,FACULTAD DE DERECHO Y CIENCIAS POLITICAS,NECOCLI,DERECHO - ANDES,0.3515,8
CARMENVI,FACULTAD DE CIENCIAS AGRARIAS,EL CARMEN DE VIBORAL,INGENIERIA AGROPECUARIA - CARMEN DE VIBORAL,0.3507,8
STAFEANT,FACULTAD DE EDUCACION,GIRALDO,LICENCIATURA EN CIENCIAS NATURALES - SANTA FE DE ANTIOQUIA,0.3501,8
CAUCASIA,FACULTAD DE CIENCIAS ECONOMICAS,MONTELIBANO,ADMINISTRACION DE EMPRESAS - CAUCASIA,0.3496,8
CAREPA,INSTITUTO UNIVERSITARIO DE EDUCACION FISICA Y DEPORTES,CHIGORODO,LICENCIATURA EN EDUCACION FISICA - CAREPA,0.3496,8
CARMENVI,INSTITUTO UNIVERSITARIO DE EDUCACION FISICA Y DEPORTES,AYAPEL,LICENCIATURA EN EDUCACION FISICA - CARMEN DE VIBORAL,0.3492,8
APARTADO,FACULTAD DE COMUNICACIONES Y FILOLOGIA,APARTADO,COMUNICACION SOCIAL - PERIODISMO APARTADO,0.3485,8
APARTADO,FACULTAD DE ARTES,TURBO,LICENCIATURA EN MUSICA - APARTADO,0.3485,8
ANDES,FACULTAD DE CIENCIAS AGRARIAS,BETANIA,INGENIERIA AGROPECUARIA - ANDES,0.3484,8
CARMENVI,FACULTAD DE CIENCIAS ECONOMICAS,RIONEGRO,DESARROLLO TERRITORIAL- CARMEN DE VIBORAL,0.3481,8
CARMENVI,FACULTAD DE CIENCIAS ECONOMICAS,RIONEGRO,DESARROLLO TERRITORIAL- CARMEN DE VIBORAL,0.3479,8
CAUCASIA,FACULTAD DE EDUCACION,CAUCASIA,LICENCIATURA EN EDUCACION INFANTIL - CAUCASIA,0.3477,8
APARTADO,FACULTAD DE COMUNICACIONES Y FILOLOGIA,APARTADO,COMUNICACION SOCIAL - PERIODISMO APARTADO,0.3475,8
APARTADO,FACULTAD DE INGENIERIA,APARTADO,INGENIERIA CIVIL-APARTADO,0.3473,8
CARMENVI,FACULTAD DE EDUCACION,EL SANTUARIO,LICENCIATURA EN CIENCIAS NATURALES-CARMEN DE VIBORAL,0.3473,8
APARTADO,FACULTAD DE INGENIERIA,APARTADO,INGENIERIA CIVIL-APARTADO,0.3473,8
STAFEANT,FACULTAD DE EDUCACION,SANTAFE DE ANTIOQUIA,LICENCIATURA EN CIENCIAS NATURALES - SANTA FE DE ANTIOQUIA,0.3457,8
CARMENVI,FACULTAD DE CIENCIAS ECONOMICAS,RIONEGRO,CONTADURIA PUBLICA - CARMEN DE VIBORAL,0.3457,8
CAUCASIA,FACULTAD DE ARTES,CAUCASIA,GESTION CULTURAL - CAUCASIA,0.3457,8
TURBO,FACULTAD DE INGENIERIA,TURBO,INGENIERIA OCEANOGRAFICA - TURBO,0.3454,8
CAUCASIA,FACULTAD DE CIENCIAS ECONOMICAS,CACERES,ADMINISTRACION DE EMPRESAS - CAUCASIA,0.3448,8
ANDES,FACULTAD DE CIENCIAS AGRARIAS,HISPANIA,INGENIERIA AGROPECUARIA - ANDES,0.3441,8
CAUCASIA,FACULTAD DE CIENCIAS ECONOMICAS,LA APARTADA,ADMINISTRACION DE EMPRESAS - CAUCASIA,0.3441,8
MEDELLIN,FACULTAD DE CIENCIAS AGRARIAS,SAN PEDRO,TECNOLOGIA EN GESTION DE INSUMOS AGROPECUARIOS,0.3437,8
CAUCASIA,INSTITUTO UNIVERSITARIO DE EDUCACION FISICA Y DEPORTES,CAUCASIA,LICENCIATURA EN EDUCACION FISICA - CAUCASIA,0.3436,8
CAUCASIA,FACULTAD DE CIENCIAS ECONOMICAS,CACERES,CONTADURIA PUBLICA- CAUCASIA,0.3435,8
CAUCASIA,INSTITUTO UNIVERSITARIO DE EDUCACION FISICA Y DEPORTES,NECHI,LICENCIATURA EN EDUCACION FISICA - CAUCASIA,0.3428,8
CARMENVI,FACULTAD DE EDUCACION,MARINILLA,LICENCIATURA EN CIENCIAS NATURALES-CARMEN DE VIBORAL,0.3427,8
CAUCASIA,FACULTAD DE CIENCIAS FARMACEUTICAS Y ALIMENTARIAS,CAUCASIA,TECNOLOGIA EN REGENCIA DE FARMACIA - CAUCASIA,0.3426,8
CAREPA,FACULTAD DE CIENCIAS EXACTAS Y NATURALES,CHIGORODO,BIOLOGIA- CAREPA,0.3424,8
CARMENVI,FACULTAD DE CIENCIAS ECONOMICAS,EL PENOL,DESARROLLO TERRITORIAL- CARMEN DE VIBORAL,0.3423,8
MEDELLIN,FACULTAD DE CIENCIAS AGRARIAS,ANDES,TECNOLOGIA EN GESTION DE INSUMOS AGROPECUARIOS,0.3422,8
CARMENVI,FACULTAD DE ARTES,RIONEGRO,LICENCIATURA EN ARTES PLASTICAS - CARMEN DE VIBORAL,0.342,8
APARTADO,FACULTAD DE CIENCIAS ECONOMICAS,CHIGORODO,CONTADURIA PUBLICA- URABA (APARTADO),0.3415,8
TURBO,FACULTAD DE CIENCIAS ECONOMICAS,TURBO,DESARROLLO TERRITORIAL- TURBO,0.3415,8
CARMENVI,ESCUELA DE IDIOMAS,BELLO,LICENCIATURA EN LENGUAS EXTRANJERAS CON ENFASIS EN INGLES- CARMEN DE VIBORAL,0.3413,8
CARMENVI,FACULTAD DE EDUCACION,SONSON,LICENCIATURA EN MATEMATICAS-CARMEN DE VIBORAL,0.3413,8
CARMENVI,FACULTAD DE CIENCIAS AGRARIAS,EL CARMEN DE VIBORAL,INGENIERIA AGROPECUARIA - CARMEN DE VIBORAL,0.3412,8
ANDES,INSTITUTO UNIVERSITARIO DE EDUCACION FISICA Y DEPORTES,ANDES,LICENCIATURA EN EDUCACION FISICA - ANDES,0.3412,8
MEDELLIN,FACULTAD DE CIENCIAS AGRARIAS,EL SANTUARIO,TECNOLOGIA EN GESTION DE INSUMOS AGROPECUARIOS,0.3406,8
TURBO,FACULTAD DE EDUCACION,SAN JUAN DE URABA,LICENCIATURA EN CIENCIAS NATURALES-TURBO,0.3405,8
CAREPA,FACULTAD DE CIENCIAS AGRARIAS,CAREPA,INGENIERIA AGROPECUARIA-CAREPA,0.3402,8
APARTADO,FACULTAD DE INGENIERIA,SAN PEDRO DE URABA,INGENIERIA CIVIL-APARTADO,0.34,8
TURBO,FACULTAD DE EDUCACION,MUTATA,PEDAGOGIA EN RURALIDAD Y PAZ - TURBO,0.3396,8
TURBO,FACULTAD DE CIENCIAS EXACTAS Y NATURALES,TURBO,ECOLOGIA DE ZONAS COSTERAS - TURBO,0.3396,8
CAUCASIA,FACULTAD DE CIENCIAS ECONOMICAS,CAUCASIA,CONTADURIA PUBLICA- CAUCASIA,0.3395,8
TURBO,FACULTAD DE EDUCACION,RIOSUCIO,PEDAGOGIA EN RURALIDAD Y PAZ - TURBO,0.3395,8
CAREPA,FACULTAD DE CIENCIAS AGRARIAS,CHIGORODO,INGENIERIA AGROPECUARIA-CAREPA,0.3393,8
P-BERRIO,FACULTAD DE DERECHO Y CIENCIAS POLITICAS,CARACOLI,DERECHO - PUERTO BERRIO,0.3392,8
CARMENVI,ESCUELA DE IDIOMAS,CAUCASIA,LICENCIATURA EN LENGUAS EXTRANJERAS CON ENFASIS EN INGLES- CARMEN DE VIBORAL,0.3391,8
CAUCASIA,FACULTAD DE CIENCIAS ECONOMICAS,PLANETA RICA,ADMINISTRACION DE EMPRESAS - CAUCASIA,0.3391,8
CAUCASIA,INSTITUTO UNIVERSITARIO DE EDUCACION FISICA Y DEPORTES,CACERES,LICENCIATURA EN EDUCACION FISICA - CAUCASIA,0.3389,8
ANDES,FACULTAD DE CIENCIAS AGRARIAS,ANDES,INGENIERIA AGROPECUARIA - ANDES,0.3389,8
SEGOVIA,FACULTAD DE DERECHO Y CIENCIAS POLITICAS,SEGOVIA,DERECHO SEGOVIA,0.3387,8
CAUCASIA,FACULTAD DE CIENCIAS ECONOMICAS,CAUCASIA,ADMINISTRACION DE EMPRESAS - CAUCASIA,0.3383,8
CARMENVI,FACULTAD DE CIENCIAS FARMACEUTICAS Y ALIMENTARIAS,BELLO,CIENCIAS CULINARIAS - CARMEN DE VIBORAL,0.3382,8
SEGOVIA,FACULTAD DE DERECHO Y CIENCIAS POLITICAS,BELLO,DERECHO SEGOVIA,0.3381,8
CAUCASIA,FACULTAD DE CIENCIAS FARMACEUTICAS Y ALIMENTARIAS,BUENAVISTA,TECNOLOGIA EN REGENCIA DE FARMACIA - CAUCASIA,0.338,8
CARMENVI,INSTITUTO UNIVERSITARIO DE EDUCACION FISICA Y DEPORTES,EL CARMEN DE VIBORAL,LICENCIATURA EN EDUCACION FISICA - CARMEN DE VIBORAL,0.3378,8
ANDES,FACULTAD DE CIENCIAS EXACTAS Y NATURALES,JARDIN,BIOLOGIA - ANDES,0.3374,8
CARMENVI,FACULTAD DE EDUCACION,GUARNE,LICENCIATURA EN LITERATURA Y LENGUA CASTELLANA-CV,0.3373,8
CARMENVI,FACULTAD DE EDUCACION,GUARNE,LICENCIATURA EN CIENCIAS SOCIALES-CARMEN DE VIBORAL,0.3372,8
CARMENVI,FACULTAD DE CIENCIAS FARMACEUTICAS Y ALIMENTARIAS,RIONEGRO,CIENCIAS CULINARIAS - CARMEN DE VIBORAL,0.3369,8
TURBO,FACULTAD DE CIENCIAS EXACTAS Y NATURALES,TURBO,ECOLOGIA DE ZONAS COSTERAS - TURBO,0.3365,8
APARTADO,FACULTAD DE INGENIERIA,CHIGORODO,INGENIERIA SANITARIA-APARTADO,0.3359,8
CARMENVI,FACULTAD DE EDUCACION,EL CARMEN DE VIBORAL,LICENCIATURA EN LITERATURA Y LENGUA CASTELLANA-CV,0.3358,8
CARMENVI,FACULTAD DE EDUCACION,EL CARMEN DE VIBORAL,LICENCIATURA EN EDUCACION ESPECIAL - CARMEN DE VIBORAL,0.3357,8
TURBO,FACULTAD DE CIENCIAS ECONOMICAS,TURBO,DESARROLLO TERRITORIAL- TURBO,0.3357,8
P-BERRIO,FACULTAD NACIONAL DE SALUD PUBLICA,PUERTO BERRIO,ADMINISTRACION AMBIENTAL Y SANITARIA-PUERTO BERRIO,0.3344,8
CAREPA,FACULTAD DE CIENCIAS AGRARIAS,CHIGORODO,INGENIERIA AGROPECUARIA-CAREPA,0.3343,8
MEDELLIN,FACULTAD DE CIENCIAS AGRARIAS,MEDELLIN,TECNOLOGIA EN GESTION DE INSUMOS AGROPECUARIOS,0.3342,8
APARTADO,FACULTAD DE ARTES,CHIGORODO,LICENCIATURA EN DANZA -APARTADO,0.3339,8
TURBO,FACULTAD DE EDUCACION,APARTADO,PEDAGOGIA EN RURALIDAD Y PAZ - TURBO,0.3328,8
TURBO,FACULTAD DE CIENCIAS EXACTAS Y NATURALES,TURBO,ECOLOGIA DE ZONAS COSTERAS - TURBO,0.3324,8
APARTADO,FACULTAD DE EDUCACION,CHIGORODO,LICENCIATURA EN LITERATURA Y LENGUA CASTELLANA-APARTADO,0.3321,8
CARMENVI,FACULTAD DE EDUCACION,COGUA,LICENCIATURA EN EDUCACION INFANTIL-CARMEN DE VIBORAL,0.3315,8
MEDELLIN,FACULTAD DE INGENIERIA,APARTADO,INGENIERIA DE SISTEMAS - REGION,0.3308,8
APARTADO,FACULTAD DE EDUCACION,CAREPA,LICENCIATURA EN LITERATURA Y LENGUA CASTELLANA-APARTADO,0.3308,8
CAREPA,INSTITUTO UNIVERSITARIO DE EDUCACION FISICA Y DEPORTES,CAREPA,LICENCIATURA EN EDUCACION FISICA - CAREPA,0.3304,8
ANDES,FACULTAD DE CIENCIAS AGRARIAS,ANDES,INGENIERIA AGROPECUARIA - ANDES,0.3297,8
TURBO,FACULTAD DE EDUCACION,APARTADO,PEDAGOGIA EN RURALIDAD Y PAZ - TURBO,0.3297,8
P-BERRIO,FACULTAD DE EDUCACION,PUERTO BERRIO,LICENCIATURA EN MATEMATICAS - PUERTO BERRIO,0.3286,8
CAREPA,FACULTAD DE CIENCIAS AGRARIAS,APARTADO,INGENIERIA AGROPECUARIA-CAREPA,0.3285,8
ANDES,FACULTAD DE DERECHO Y CIENCIAS POLITICAS,ANDES,DERECHO - ANDES,0.3283,8
CAREPA,FACULTAD DE CIENCIAS AGRARIAS,APARTADO,INGENIERIA AGROPECUARIA-CAREPA,0.3282,8
CARMENVI,FACULTAD DE ARTES,MARINILLA,LICENCIATURA EN ARTES PLASTICAS - CARMEN DE VIBORAL,0.3281,8
APARTADO,FACULTAD DE ARTES,APARTADO,LICENCIATURA EN MUSICA - APARTADO,0.328,8
CARMENVI,FACULTAD DE CIENCIAS ECONOMICAS,EL CARMEN DE VIBORAL,DESARROLLO TERRITORIAL- CARMEN DE VIBORAL,0.3278,8
CARMENVI,FACULTAD DE CIENCIAS ECONOMICAS,EL PENOL,CONTADURIA PUBLICA - CARMEN DE VIBORAL,0.3278,8
ANDES,FACULTAD DE DERECHO Y CIENCIAS POLITICAS,ANDES,DERECHO - ANDES,0.3276,8
CARMENVI,FACULTAD DE CIENCIAS AGRARIAS,SAN VICENTE,INGENIERIA AGROPECUARIA - CARMEN DE VIBORAL,0.3275,8
CARMENVI,FACULTAD DE EDUCACION,EL CARMEN DE VIBORAL,LICENCIATURA EN CIENCIAS SOCIALES-CARMEN DE VIBORAL,0.3274,8
YARUMAL,FACULTAD DE EDUCACION,YARUMAL,LICENCIATURA EN CIENCIAS NATURALES- YARUMAL,0.3273,8
CARMENVI,FACULTAD DE EDUCACION,MARINILLA,LICENCIATURA EN CIENCIAS SOCIALES-CARMEN DE VIBORAL,0.3272,8
SEGOVIA,FACULTAD NACIONAL DE SALUD PUBLICA,PEQUE,ADMINISTRACION AMBIENTAL Y SANITARIA- SEGOVIA,0.327,8
STAFEANT,FACULTAD DE EDUCACION,BELLO,LICENCIATURA EN CIENCIAS NATURALES - SANTA FE DE ANTIOQUIA,0.3269,8
CAREPA,FACULTAD DE CIENCIAS AGRARIAS,CHIGORODO,INGENIERIA AGROPECUARIA-CAREPA,0.3264,8
CARMENVI,FACULTAD DE CIENCIAS ECONOMICAS,RIONEGRO,ADMINISTRACION DE EMPRESAS - CARMEN DE VIBORAL,0.3263,8
TURBO,FACULTAD DE EDUCACION,TURBO,LICENCIATURA EN CIENCIAS NATURALES-TURBO,0.3263,8
MEDELLIN,FACULTAD DE CIENCIAS AGRARIAS,MEDELLIN,TECNOLOGIA EN GESTION DE INSUMOS AGROPECUARIOS,0.3262,8
CARMENVI,FACULTAD DE EDUCACION,GUARNE,LICENCIATURA EN LITERATURA Y LENGUA CASTELLANA-CV,0.3261,8
STAFEANT,FACULTAD DE EDUCACION,SANTAFE DE ANTIOQUIA,LICENCIATURA EN CIENCIAS NATURALES - SANTA FE DE ANTIOQUIA,0.3254,8
CARMENVI,FACULTAD DE EDUCACION,GACHANTIVA,LICENCIATURA EN CIENCIAS SOCIALES-CARMEN DE VIBORAL,0.3254,8
MEDELLIN,FACULTAD DE CIENCIAS AGRARIAS,MEDELLIN,TECNOLOGIA EN GESTION DE INSUMOS AGROPECUARIOS,0.3242,8
APARTADO,FACULTAD DE CIENCIAS ECONOMICAS,SAN PEDRO DE URABA,CONTADURIA PUBLICA- URABA (APARTADO),0.3242,8
CAREPA,FACULTAD DE CIENCIAS AGRARIAS,CHIGORODO,INGENIERIA AGROPECUARIA-CAREPA,0.3242,8
MEDELLIN,FACULTAD DE CIENCIAS AGRARIAS,BUENAVISTA,TECNOLOGIA EN GESTION DE INSUMOS AGROPECUARIOS,0.3239,8
TURBO,FACULTAD DE COMUNICACIONES Y FILOLOGIA,TURBO,COMUNICACION SOCIAL - PERIODISMO TURBO,0.3236,8
CAUCASIA,FACULTAD DE CIENCIAS FARMACEUTICAS Y ALIMENTARIAS,CAUCASIA,TECNOLOGIA EN REGENCIA DE FARMACIA - CAUCASIA,0.3234,8
CAUCASIA,FACULTAD DE CIENCIAS ECONOMICAS,CAUCASIA,ADMINISTRACION DE EMPRESAS - CAUCASIA,0.323,8
APARTADO,FACULTAD DE COMUNICACIONES Y FILOLOGIA,APARTADO,COMUNICACION SOCIAL - PERIODISMO APARTADO,0.3229,8
TURBO,FACULTAD DE COMUNICACIONES Y FILOLOGIA,TURBO,COMUNICACION SOCIAL - PERIODISMO TURBO,0.3229,8
MEDELLIN,FACULTAD DE CIENCIAS AGRARIAS,SANTAFE DE ANTIOQUIA,TECNOLOGIA EN GESTION DE INSUMOS AGROPECUARIOS,0.3219,8
CAUCASIA,FACULTAD DE CIENCIAS ECONOMICAS,CAUCASIA,ADMINISTRACION DE EMPRESAS - CAUCASIA,0.3216,8
TURBO,FACULTAD DE CIENCIAS ECONOMICAS,TURBO,DESARROLLO TERRITORIAL- TURBO,0.3215,8
SEGOVIA,FACULTAD DE DERECHO Y CIENCIAS POLITICAS,SEGOVIA,DERECHO SEGOVIA,0.3206,8
CAREPA,FACULTAD DE CIENCIAS AGRARIAS,NECOCLI,INGENIERIA AGROPECUARIA-CAREPA,0.3206,8
ANDES,FACULTAD DE DERECHO Y CIENCIAS POLITICAS,ANDES,DERECHO - ANDES,0.3197,8
MEDELLIN,FACULTAD DE CIENCIAS AGRARIAS,TURBO,TECNOLOGIA EN GESTION DE INSUMOS AGROPECUARIOS,0.3197,8
TURBO,FACULTAD DE EDUCACION,CARMEN DEL DARIEN,PEDAGOGIA EN RURALIDAD Y PAZ - TURBO,0.3195,8
AMALFI,FACULTAD DE EDUCACION,AMALFI,LICENCIATURA EN CIENCIAS NATURALES - AMALFI,0.3193,8
CARMENVI,FACULTAD DE EDUCACION,EL CARMEN DE VIBORAL,LICENCIATURA EN CIENCIAS NATURALES-CARMEN DE VIBORAL,0.3193,8
TURBO,FACULTAD DE CIENCIAS ECONOMICAS,CHIGORODO,ADMINISTRACION DE EMPRESAS - TURBO,0.3193,8
CAREPA,FACULTAD DE CIENCIAS AGRARIAS,DABEIBA,INGENIERIA AGROPECUARIA-CAREPA,0.3192,8
CAREPA,FACULTAD DE CIENCIAS AGRARIAS,TURBO,INGENIERIA AGROPECUARIA-CAREPA,0.319,8
AMALFI,FACULTAD DE EDUCACION,AMALFI,LICENCIATURA EN CIENCIAS NATURALES - AMALFI,0.3189,8
CAUCASIA,FACULTAD DE CIENCIAS AGRARIAS,CACERES,INGENIERIA AGROPECUARIA - CAUCASIA,0.3189,8
TURBO,FACULTAD DE CIENCIAS ECONOMICAS,TURBO,ADMINISTRACION DE EMPRESAS - TURBO,0.3188,8
MEDELLIN,FACULTAD DE CIENCIAS AGRARIAS,PUEBLORRICO,TECNOLOGIA EN GESTION DE INSUMOS AGROPECUARIOS,0.3179,8
P-BERRIO,FACULTAD DE DERECHO Y CIENCIAS POLITICAS,PUERTO BERRIO,DERECHO - PUERTO BERRIO,0.3174,8
SONSON,FACULTAD DE EDUCACION,SONSON,LICENCIATURA EN LITERATURA Y LENGUA CASTELLANA SONSON,0.3173,8
STAFEANT,FACULTAD DE EDUCACION,ANZA,LICENCIATURA EN MATEMATICAS - SANTA FE DE ANTIOQUIA,0.317,8
APARTADO,FACULTAD DE INGENIERIA,CAREPA,INGENIERIA SANITARIA-APARTADO,0.3169,8
CAREPA,INSTITUTO UNIVERSITARIO DE EDUCACION FISICA Y DEPORTES,CHIGORODO,LICENCIATURA EN EDUCACION FISICA - CAREPA,0.3169,8
P-BERRIO,FACULTAD DE DERECHO Y CIENCIAS POLITICAS,PUERTO BERRIO,DERECHO - PUERTO BERRIO,0.3168,8
CAREPA,INSTITUTO UNIVERSITARIO DE EDUCACION FISICA Y DEPORTES,CAREPA,LICENCIATURA EN EDUCACION FISICA - CAREPA,0.3167,8
ANDES,FACULTAD DE EDUCACION,JARDIN,LICENCIATURA EN CIENCIAS NATURALES - ANDES,0.3166,8
APARTADO,ESCUELA DE MICROBIOLOGIA,TURBO,MICROBIOLOGIA INDUSTRIAL Y AMBIENTAL-URABA (APARTADO),0.3163,8
TURBO,FACULTAD DE CIENCIAS ECONOMICAS,TURBO,DESARROLLO TERRITORIAL- TURBO,0.3163,8
P-BERRIO,FACULTAD DE EDUCACION,PUERTO BERRIO,LICENCIATURA EN MATEMATICAS - PUERTO BERRIO,0.3162,8
MEDELLIN,FACULTAD DE CIENCIAS AGRARIAS,MEDELLIN,TECNOLOGIA EN GESTION DE INSUMOS AGROPECUARIOS,0.3157,8
APARTADO,FACULTAD DE INGENIERIA,TURBO,INGENIERIA SANITARIA-APARTADO,0.3154,8
APARTADO,FACULTAD DE INGENIERIA,TURBO,INGENIERIA SANITARIA-APARTADO,0.3154,8
CAUCASIA,FACULTAD DE CIENCIAS ECONOMICAS,EL BAGRE,ADMINISTRACION DE EMPRESAS - CAUCASIA,0.3151,8
ANDES,FACULTAD DE CIENCIAS AGRARIAS,ANDES,INGENIERIA AGROPECUARIA - ANDES,0.3148,8
APARTADO,FACULTAD DE INGENIERIA,APARTADO,INGENIERIA CIVIL-APARTADO,0.3147,8
CARMENVI,FACULTAD DE CIENCIAS AGRARIAS,SAN CARLOS,INGENIERIA AGROPECUARIA - CARMEN DE VIBORAL,0.3146,8
CARMENVI,FACULTAD DE ARTES,EL SANTUARIO,LICENCIATURA EN MUSICA-CARMEN DE VIBORAL,0.3145,8
CAUCASIA,FACULTAD DE CIENCIAS AGRARIAS,CAUCASIA,INGENIERIA AGROPECUARIA - CAUCASIA,0.3137,8
CAREPA,FACULTAD DE CIENCIAS EXACTAS Y NATURALES,CAREPA,BIOLOGIA- CAREPA,0.3135,7
CARMENVI,FACULTAD DE COMUNICACIONES Y FILOLOGIA,LA CEJA,FILOLOGIA HISPANICA-CARMEN DE VIBORAL,0.3135,7
CARMENVI,ESCUELA DE NUTRICION Y DIETETICA,LA CEJA,NUTRICION Y DIETETICA - CARMEN DE VIBORAL,0.3135,7
APARTADO,FACULTAD DE EDUCACION,TURBO,LICENCIATURA EN LITERATURA Y LENGUA CASTELLANA-APARTADO,0.3129,7
CAUCASIA,FACULTAD DE ARTES,CAUCASIA,GESTION CULTURAL - CAUCASIA,0.3127,7
CARMENVI,FACULTAD DE ARTES,LA CEJA,LICENCIATURA EN ARTES PLASTICAS - CARMEN DE VIBORAL,0.3123,7
CAUCASIA,FACULTAD DE CIENCIAS AGRARIAS,TARAZA,INGENIERIA AGROPECUARIA - CAUCASIA,0.3117,7
CAUCASIA,FACULTAD DE CIENCIAS AGRARIAS,CAUCASIA,INGENIERIA AGROPECUARIA - CAUCASIA,0.3117,7
CARMENVI,FACULTAD DE CIENCIAS AGRARIAS,RIONEGRO,INGENIERIA AGROPECUARIA - CARMEN DE VIBORAL,0.3117,7
SEGOVIA,INSTITUTO UNIVERSITARIO DE EDUCACION FISICA Y DEPORTES,SEGOVIA,LICENCIATURA EN EDUCACION FISICA - SEGOVIA,0.3115,7
CARMENVI,FACULTAD DE ARTES,LA UNION,LICENCIATURA EN ARTES PLASTICAS - CARMEN DE VIBORAL,0.3114,7
APARTADO,ESCUELA DE MICROBIOLOGIA,APARTADO,MICROBIOLOGIA INDUSTRIAL Y AMBIENTAL-URABA (APARTADO),0.3112,7
CAUCASIA,FACULTAD DE EDUCACION,PUERTO LIBERTADOR,LICENCIATURA EN EDUCACION INFANTIL - CAUCASIA,0.3112,7
ANDES,FACULTAD DE EDUCACION,JARDIN,LICENCIATURA EN CIENCIAS NATURALES - ANDES,0.3109,7
TURBO,FACULTAD DE EDUCACION,TURBO,LICENCIATURA EN MATEMATICAS-TURBO,0.3108,7
P-BERRIO,FACULTAD DE EDUCACION,PUERTO BERRIO,LICENCIATURA EN MATEMATICAS - PUERTO BERRIO,0.3107,7
SEGOVIA,INSTITUTO UNIVERSITARIO DE EDUCACION FISICA Y DEPORTES,SEGOVIA,LICENCIATURA EN EDUCACION FISICA - SEGOVIA,0.3104,7
CAUCASIA,FACULTAD DE CIENCIAS AGRARIAS,CAUCASIA,INGENIERIA AGROPECUARIA - CAUCASIA,0.3103,7
MEDELLIN,FACULTAD DE CIENCIAS AGRARIAS,MEDELLIN,TECNOLOGIA EN GESTION DE INSUMOS AGROPECUARIOS,0.3097,7
APARTADO,FACULTAD DE INGENIERIA,APARTADO,INGENIERIA CIVIL-APARTADO,0.3097,7
CARMENVI,FACULTAD DE EDUCACION,EL CARMEN DE VIBORAL,LICENCIATURA EN FISICA - CARMEN DE VIBORAL,0.3096,7
ANDES,INSTITUTO UNIVERSITARIO DE EDUCACION FISICA Y DEPORTES,ANDES,ENTRENAMIENTO DEPORTIVO - ANDES,0.3094,7
CAUCASIA,FACULTAD NACIONAL DE SALUD PUBLICA,CAUCASIA,ADMINISTRACION EN SALUD-CAUCASIA,0.3093,7
YARUMAL,FACULTAD DE ARTES,YARUMAL,GESTION CULTURAL - YARUMAL,0.3093,7
TURBO,FACULTAD DE EDUCACION,TURBO,PEDAGOGIA EN RURALIDAD Y PAZ - TURBO,0.3091,7
MEDELLIN,FACULTAD DE CIENCIAS AGRARIAS,MONTELIBANO,TECNOLOGIA EN GESTION DE INSUMOS AGROPECUARIOS,0.309,7
STAFEANT,FACULTAD DE CIENCIAS FARMACEUTICAS Y ALIMENTARIAS,SANTAFE DE ANTIOQUIA,TECNOLOGIA EN REGENCIA DE FARMACIA - SANTA FE DE ANTIOQUIA,0.3087,7
CARMENVI,FACULTAD DE EDUCACION,EL CARMEN DE VIBORAL,LICENCIATURA EN CIENCIAS NATURALES-CARMEN DE VIBORAL,0.3085,7
MEDELLIN,FACULTAD DE CIENCIAS AGRARIAS,BETULIA,TECNOLOGIA EN GESTION DE INSUMOS AGROPECUARIOS,0.3084,7
CAUCASIA,FACULTAD DE CIENCIAS AGRARIAS,CAUCASIA,INGENIERIA AGROPECUARIA - CAUCASIA,0.3084,7
CAUCASIA,FACULTAD DE CIENCIAS ECONOMICAS,MONTELIBANO,ADMINISTRACION DE EMPRESAS - CAUCASIA,0.3084,7
SEGOVIA,INSTITUTO UNIVERSITARIO DE EDUCACION FISICA Y DEPORTES,REMEDIOS,LICENCIATURA EN EDUCACION FISICA - SEGOVIA,0.308,7
APARTADO,FACULTAD DE ARTES,SAN PEDRO DE URABA,LICENCIATURA EN MUSICA - APARTADO,0.3075,7
CAUCASIA,FACULTAD DE ARTES,CAUCASIA,GESTION CULTURAL - CAUCASIA,0.3073,7
CAUCASIA,FACULTAD DE EDUCACION,PUERTO LIBERTADOR,LICENCIATURA EN MATEMATICAS-CAUCASIA,0.3073,7
TURBO,FACULTAD DE EDUCACION,TURBO,LICENCIATURA EN MATEMATICAS-TURBO,0.3072,7
TURBO,FACULTAD DE EDUCACION,TURBO,LICENCIATURA EN FISICA - TURBO,0.3072,7
CARMENVI,ESCUELA DE IDIOMAS,SAN CARLOS,LICENCIATURA EN LENGUAS EXTRANJERAS CON ENFASIS EN INGLES- CARMEN DE VIBORAL,0.3071,7
ANDES,FACULTAD DE CIENCIAS AGRARIAS,JARDIN,INGENIERIA AGROPECUARIA - ANDES,0.3069,7
CARMENVI,FACULTAD DE CIENCIAS ECONOMICAS,OROCUE,GESTION EN ECOLOGIA Y TURISMO - CARMEN DE VIBORAL,0.3068,7
CAREPA,FACULTAD DE CIENCIAS AGRARIAS,CHIGORODO,INGENIERIA AGROPECUARIA-CAREPA,0.3068,7
CAUCASIA,FACULTAD DE CIENCIAS AGRARIAS,EL BAGRE,INGENIERIA AGROPECUARIA - CAUCASIA,0.3066,7
CAUCASIA,FACULTAD DE ARTES,CACERES,GESTION CULTURAL - CAUCASIA,0.3066,7
CARMENVI,FACULTAD DE EDUCACION,MARINILLA,LICENCIATURA EN FISICA - CARMEN DE VIBORAL,0.3064,7
ANDES,INSTITUTO UNIVERSITARIO DE EDUCACION FISICA Y DEPORTES,JARDIN,ENTRENAMIENTO DEPORTIVO - ANDES,0.3064,7
CARMENVI,FACULTAD DE EDUCACION,RIONEGRO,LICENCIATURA EN LITERATURA Y LENGUA CASTELLANA-CV,0.3063,7
CARMENVI,FACULTAD DE ARTES,EL PENOL,LICENCIATURA EN TEATRO- CARMEN DE VIBORAL,0.3059,7
CAREPA,FACULTAD DE CIENCIAS AGRARIAS,CAREPA,INGENIERIA AGROPECUARIA-CAREPA,0.3052,7
CAUCASIA,FACULTAD DE CIENCIAS AGRARIAS,EL BAGRE,INGENIERIA AGROPECUARIA - CAUCASIA,0.3049,7
CARMENVI,FACULTAD DE CIENCIAS ECONOMICAS,RIONEGRO,DESARROLLO TERRITORIAL- CARMEN DE VIBORAL,0.3048,7
TURBO,FACULTAD DE CIENCIAS ECONOMICAS,TURBO,DESARROLLO TERRITORIAL- TURBO,0.3048,7
MEDELLIN,FACULTAD DE CIENCIAS AGRARIAS,PUERTO BERRIO,TECNOLOGIA EN GESTION DE INSUMOS AGROPECUARIOS,0.3046,7
CAUCASIA,FACULTAD DE EDUCACION,EL BAGRE,LICENCIATURA EN MATEMATICAS-CAUCASIA,0.3046,7
CARMENVI,FACULTAD DE EDUCACION,LA CEJA,LICENCIATURA EN EDUCACION INFANTIL-CARMEN DE VIBORAL,0.3044,7
YARUMAL,FACULTAD DE EDUCACION,YARUMAL,LICENCIATURA EN CIENCIAS NATURALES- YARUMAL,0.3043,7
APARTADO,FACULTAD DE EDUCACION,CHIGORODO,LICENCIATURA EN EDUCACION ESPECIAL - APARTADO,0.3043,7
APARTADO,FACULTAD DE COMUNICACIONES Y FILOLOGIA,APARTADO,COMUNICACION SOCIAL - PERIODISMO APARTADO,0.3039,7
SONSON,INSTITUTO UNIVERSITARIO DE EDUCACION FISICA Y DEPORTES,LA UNION,LICENCIATURA EN EDUCACION FISICA - SONSON,0.3038,7
CAUCASIA,FACULTAD DE EDUCACION,PUEBLO NUEVO,LICENCIATURA EN MATEMATICAS-CAUCASIA,0.3036,7
MEDELLIN,FACULTAD DE CIENCIAS AGRARIAS,TURBO,TECNOLOGIA EN GESTION DE INSUMOS AGROPECUARIOS,0.3035,7
ANDES,FACULTAD DE EDUCACION,TARSO,LICENCIATURA EN EDUCACION ESPECIAL - ANDES,0.3026,7
CARMENVI,FACULTAD DE CIENCIAS ECONOMICAS,MARINILLA,DESARROLLO TERRITORIAL- CARMEN DE VIBORAL,0.3025,7
CAUCASIA,FACULTAD DE CIENCIAS FARMACEUTICAS Y ALIMENTARIAS,CAUCASIA,TECNOLOGIA EN REGENCIA DE FARMACIA - CAUCASIA,0.3022,7
SEGOVIA,FACULTAD DE DERECHO Y CIENCIAS POLITICAS,SEGOVIA,DERECHO SEGOVIA,0.302,7
CAUCASIA,FACULTAD DE CIENCIAS ECONOMICAS,CAUCASIA,ADMINISTRACION DE EMPRESAS - CAUCASIA,0.3018,7
ANDES,FACULTAD DE CIENCIAS EXACTAS Y NATURALES,ANDES,BIOLOGIA - ANDES,0.3016,7
CARMENVI,FACULTAD DE EDUCACION,MARINILLA,LICENCIATURA EN CIENCIAS NATURALES-CARMEN DE VIBORAL,0.3015,7
APARTADO,FACULTAD DE INGENIERIA,APARTADO,INGENIERIA CIVIL-APARTADO,0.3012,7
MEDELLIN,FACULTAD DE CIENCIAS AGRARIAS,ANDES,TECNOLOGIA EN GESTION DE INSUMOS AGROPECUARIOS,0.3003,7
CARMENVI,FACULTAD DE EDUCACION,SAN VICENTE,LICENCIATURA EN EDUCACION INFANTIL-CARMEN DE VIBORAL,0.3003,7
ANDES,FACULTAD DE CIENCIAS AGRARIAS,ANDES,INGENIERIA AGROPECUARIA - ANDES,0.3001,7
CAREPA,FACULTAD DE CIENCIAS AGRARIAS,CAREPA,INGENIERIA AGROPECUARIA-CAREPA,0.2996,7
SONSON,INSTITUTO UNIVERSITARIO DE EDUCACION FISICA Y DEPORTES,NARINO,LICENCIATURA EN EDUCACION FISICA - SONSON,0.2992,7
CARMENVI,FACULTAD DE ARTES,MARINILLA,LICENCIATURA EN MUSICA-CARMEN DE VIBORAL,0.2991,7
TURBO,FACULTAD DE EDUCACION,SAN JUAN DE URABA,PEDAGOGIA EN RURALIDAD Y PAZ - TURBO,0.2989,7
CARMENVI,FACULTAD DE CIENCIAS AGRARIAS,LA CEJA,INGENIERIA AGROPECUARIA - CARMEN DE VIBORAL,0.2983,7
APARTADO,FACULTAD DE ARTES,APARTADO,LICENCIATURA EN ARTES PLASTICAS-APARTADO,0.2981,7
TURBO,FACULTAD DE CIENCIAS ECONOMICAS,TURBO,DESARROLLO TERRITORIAL- TURBO,0.2979,7
CARMENVI,FACULTAD NACIONAL DE SALUD PUBLICA,RIONEGRO,ADMINISTRACION AMBIENTAL Y SANITARIA-CARMEN DE VIBORAL,0.2971,7
CAUCASIA,FACULTAD DE CIENCIAS ECONOMICAS,CAUCASIA,CONTADURIA PUBLICA- CAUCASIA,0.2971,7
ANDES,FACULTAD NACIONAL DE SALUD PUBLICA,JARDIN,ADMINISTRACION AMBIENTAL Y SANITARIA- ANDES,0.2969,7
MEDELLIN,FACULTAD DE CIENCIAS AGRARIAS,MEDELLIN,TECNOLOGIA EN GESTION DE INSUMOS AGROPECUARIOS,0.2969,7
CARMENVI,FACULTAD DE ARTES,RIONEGRO,LICENCIATURA EN ARTES PLASTICAS - CARMEN DE VIBORAL,0.2967,7
ANDES,FACULTAD DE CIENCIAS AGRARIAS,ANDES,INGENIERIA AGROPECUARIA - ANDES,0.2967,7
CARMENVI,ESCUELA DE IDIOMAS,LA CEJA,LICENCIATURA EN LENGUAS EXTRANJERAS CON ENFASIS EN INGLES- CARMEN DE VIBORAL,0.2965,7
CARMENVI,FACULTAD DE CIENCIAS EXACTAS Y NATURALES,MARINILLA,BIOLOGIA - CARMEN DE VIBORAL,0.2964,7
APARTADO,FACULTAD DE INGENIERIA,APARTADO,INGENIERIA CIVIL-APARTADO,0.2961,7
TURBO,FACULTAD DE CIENCIAS FARMACEUTICAS Y ALIMENTARIAS,APARTADO,TECNOLOGIA EN REGENCIA DE FARMACIA - TURBO,0.2959,7
SEGOVIA,FACULTAD NACIONAL DE SALUD PUBLICA,SEGOVIA,ADMINISTRACION AMBIENTAL Y SANITARIA- SEGOVIA,0.2958,7
CARMENVI,FACULTAD DE EDUCACION,EL CARMEN DE VIBORAL,LICENCIATURA EN CIENCIAS SOCIALES-CARMEN DE VIBORAL,0.2955,7
CAUCASIA,FACULTAD DE CIENCIAS AGRARIAS,CACERES,INGENIERIA AGROPECUARIA - CAUCASIA,0.2953,7
TURBO,FACULTAD DE CIENCIAS EXACTAS Y NATURALES,CAREPA,ECOLOGIA DE ZONAS COSTERAS - TURBO,0.2952,7
SEGOVIA,FACULTAD NACIONAL DE SALUD PUBLICA,SEGOVIA,ADMINISTRACION AMBIENTAL Y SANITARIA- SEGOVIA,0.2952,7
CAREPA,FACULTAD DE INGENIERIA,CHIGORODO,INGENIERIA BIOQUIMICA-URABA,0.2948,7
CARMENVI,FACULTAD DE CIENCIAS FARMACEUTICAS Y ALIMENTARIAS,LA UNION,TECNOLOGIA EN REGENCIA DE FARMACIA - CARMEN DE VIBORAL,0.2947,7
MEDELLIN,FACULTAD DE CIENCIAS AGRARIAS,ANGOSTURA,TECNOLOGIA EN GESTION DE INSUMOS AGROPECUARIOS,0.2944,7
ANDES,FACULTAD DE CIENCIAS EXACTAS Y NATURALES,ANDES,BIOLOGIA - ANDES,0.2937,7
CARMENVI,FACULTAD DE CIENCIAS ECONOMICAS,GUARNE,GESTION EN ECOLOGIA Y TURISMO - CARMEN DE VIBORAL,0.2936,7
CAUCASIA,FACULTAD DE EDUCACION,PUEBLO NUEVO,LICENCIATURA EN MATEMATICAS-CAUCASIA,0.2936,7
CAUCASIA,FACULTAD NACIONAL DE SALUD PUBLICA,CAUCASIA,ADMINISTRACION AMBIENTAL Y SANITARIA- CAUCASIA,0.2933,7
CAREPA,INSTITUTO UNIVERSITARIO DE EDUCACION FISICA Y DEPORTES,CAREPA,LICENCIATURA EN EDUCACION FISICA - CAREPA,0.2932,7
YARUMAL,FACULTAD DE EDUCACION,YARUMAL,LICENCIATURA EN CIENCIAS NATURALES- YARUMAL,0.2929,7
TURBO,FACULTAD DE EDUCACION,TURBO,LICENCIATURA EN MATEMATICAS-TURBO,0.2927,7
MEDELLIN,FACULTAD DE CIENCIAS AGRARIAS,YARUMAL,TECNOLOGIA EN GESTION DE INSUMOS AGROPECUARIOS,0.2925,7
CAUCASIA,FACULTAD DE CIENCIAS ECONOMICAS,CAUCASIA,ADMINISTRACION DE EMPRESAS - CAUCASIA,0.2924,7
ANDES,FACULTAD DE DERECHO Y CIENCIAS POLITICAS,ANDES,DERECHO - ANDES,0.2921,7
APARTADO,FACULTAD NACIONAL DE SALUD PUBLICA,APARTADO,GERENCIA EN SISTEMAS DE INFORMACION EN SALUD - APARTADO,0.292,7
CAUCASIA,FACULTAD DE DERECHO Y CIENCIAS POLITICAS,MEDELLIN,DERECHO - CAUCASIA,0.2919,7
CAUCASIA,FACULTAD DE CIENCIAS ECONOMICAS,TARAZA,ADMINISTRACION DE EMPRESAS - CAUCASIA,0.2917,7
CAUCASIA,FACULTAD NACIONAL DE SALUD PUBLICA,CAUCASIA,ADMINISTRACION AMBIENTAL Y SANITARIA- CAUCASIA,0.2917,7
P-BERRIO,FACULTAD DE CIENCIAS FARMACEUTICAS Y ALIMENTARIAS,PUERTO BERRIO,TECNOLOGIA EN REGENCIA DE FARMACIA - PUERTO BERRIO,0.2914,7
APARTADO,FACULTAD DE ARTES,TURBO,ARTE DRAMATICO- APARTADO,0.2911,7
CARMENVI,FACULTAD DE CIENCIAS ECONOMICAS,EL CARMEN DE VIBORAL,DESARROLLO TERRITORIAL- CARMEN DE VIBORAL,0.291,7
CAUCASIA,FACULTAD DE CIENCIAS ECONOMICAS,CAUCASIA,ADMINISTRACION DE EMPRESAS - CAUCASIA,0.291,7
APARTADO,FACULTAD DE INGENIERIA,APARTADO,INGENIERIA CIVIL-APARTADO,0.2907,7
APARTADO,FACULTAD DE INGENIERIA,APARTADO,INGENIERIA CIVIL-APARTADO,0.2907,7
P-BERRIO,FACULTAD DE DERECHO Y CIENCIAS POLITICAS,PUERTO BERRIO,DERECHO - PUERTO BERRIO,0.2906,7
TURBO,FACULTAD DE CIENCIAS EXACTAS Y NATURALES,APARTADO,ECOLOGIA DE ZONAS COSTERAS - TURBO,0.2905,7
CAUCASIA,FACULTAD DE CIENCIAS ECONOMICAS,CACERES,GESTION EN ECOLOGIA Y TURISMO - CAUCASIA,0.2899,7
AMALFI,FACULTAD DE CIENCIAS ECONOMICAS,AMALFI,GESTION EN ECOLOGIA Y TURISMO - AMALFI,0.2899,7
CAREPA,FACULTAD DE ARTES,TURBO,LICENCIATURA EN MUSICA- CAREPA,0.2895,7
SEGOVIA,INSTITUTO UNIVERSITARIO DE EDUCACION FISICA Y DEPORTES,REMEDIOS,LICENCIATURA EN EDUCACION FISICA - SEGOVIA,0.2894,7
CAUCASIA,FACULTAD DE CIENCIAS FARMACEUTICAS Y ALIMENTARIAS,CAUCASIA,TECNOLOGIA EN REGENCIA DE FARMACIA - CAUCASIA,0.2894,7
CAUCASIA,FACULTAD DE CIENCIAS FARMACEUTICAS Y ALIMENTARIAS,CAUCASIA,TECNOLOGIA EN REGENCIA DE FARMACIA - CAUCASIA,0.2893,7
CAUCASIA,FACULTAD NACIONAL DE SALUD PUBLICA,CACERES,ADMINISTRACION EN SALUD-CAUCASIA,0.2892,7
TURBO,FACULTAD DE CIENCIAS ECONOMICAS,CAREPA,DESARROLLO TERRITORIAL- TURBO,0.2887,7
MEDELLIN,FACULTAD DE INGENIERIA,NECOCLI,INGENIERIA DE SISTEMAS - REGION,0.2884,7
CAREPA,FACULTAD DE CIENCIAS AGRARIAS,CAREPA,INGENIERIA AGROPECUARIA-CAREPA,0.2882,7
ANDES,FACULTAD DE DERECHO Y CIENCIAS POLITICAS,ANDES,DERECHO - ANDES,0.2881,7
MEDELLIN,FACULTAD DE CIENCIAS AGRARIAS,MEDELLIN,TECNOLOGIA EN GESTION DE INSUMOS AGROPECUARIOS,0.288,7
SEGOVIA,INSTITUTO UNIVERSITARIO DE EDUCACION FISICA Y DEPORTES,SEGOVIA,LICENCIATURA EN EDUCACION FISICA - SEGOVIA,0.2875,7
MEDELLIN,FACULTAD DE CIENCIAS AGRARIAS,EL CARMEN DE VIBORAL,TECNOLOGIA EN GESTION DE INSUMOS AGROPECUARIOS,0.2874,7
SEGOVIA,FACULTAD NACIONAL DE SALUD PUBLICA,SEGOVIA,ADMINISTRACION AMBIENTAL Y SANITARIA- SEGOVIA,0.2871,7
ANDES,FACULTAD DE DERECHO Y CIENCIAS POLITICAS,ANDES,DERECHO - ANDES,0.2868,7
TURBO,FACULTAD DE CIENCIAS ECONOMICAS,TURBO,DESARROLLO TERRITORIAL- TURBO,0.2867,7
P-BERRIO,INSTITUTO UNIVERSITARIO DE EDUCACION FISICA Y DEPORTES,PUERTO BERRIO,LICENCIATURA EN EDUCACION FISICA - PUERTO BERRIO,0.2865,7
CAREPA,FACULTAD DE CIENCIAS AGRARIAS,APARTADO,INGENIERIA AGROPECUARIA-CAREPA,0.2865,7
CAREPA,FACULTAD DE CIENCIAS AGRARIAS,APARTADO,INGENIERIA AGROPECUARIA-CAREPA,0.2864,7
SEGOVIA,FACULTAD NACIONAL DE SALUD PUBLICA,REMEDIOS,ADMINISTRACION AMBIENTAL Y SANITARIA- SEGOVIA,0.2861,7
CARMENVI,ESCUELA DE IDIOMAS,GUARNE,LICENCIATURA EN LENGUAS EXTRANJERAS CON ENFASIS EN INGLES- CARMEN DE VIBORAL,0.2858,7
AMALFI,FACULTAD DE EDUCACION,AMALFI,PEDAGOGIA EN RURALIDAD Y PAZ- AMALFI,0.2857,7
APARTADO,ESCUELA DE MICROBIOLOGIA,APARTADO,MICROBIOLOGIA INDUSTRIAL Y AMBIENTAL-URABA (APARTADO),0.2857,7
CAREPA,FACULTAD DE INGENIERIA,APARTADO,INGENIERIA AGROINDUSTRIAL-URABA,0.2855,7
APARTADO,FACULTAD DE EDUCACION,APARTADO,LICENCIATURA EN LITERATURA Y LENGUA CASTELLANA-APARTADO,0.2855,7
TURBO,FACULTAD DE INGENIERIA,ACANDI,INGENIERIA OCEANOGRAFICA - TURBO,0.285,7
TURBO,FACULTAD DE CIENCIAS FARMACEUTICAS Y ALIMENTARIAS,CAREPA,TECNOLOGIA EN REGENCIA DE FARMACIA - TURBO,0.2848,7
TURBO,FACULTAD DE COMUNICACIONES Y FILOLOGIA,ARBOLETES,COMUNICACION SOCIAL - PERIODISMO TURBO,0.2846,7
ANDES,FACULTAD DE DERECHO Y CIENCIAS POLITICAS,BETANIA,DERECHO - ANDES,0.2843,7
CAUCASIA,FACULTAD DE CIENCIAS ECONOMICAS,MONTELIBANO,ADMINISTRACION DE EMPRESAS - CAUCASIA,0.2841,7
CARMENVI,FACULTAD DE CIENCIAS EXACTAS Y NATURALES,RIONEGRO,BIOLOGIA - CARMEN DE VIBORAL,0.284,7
AMALFI,FACULTAD DE CIENCIAS ECONOMICAS,AMALFI,GESTION EN ECOLOGIA Y TURISMO - AMALFI,0.284,7
SEGOVIA,FACULTAD NACIONAL DE SALUD PUBLICA,SEGOVIA,ADMINISTRACION AMBIENTAL Y SANITARIA- SEGOVIA,0.2839,7
TURBO,FACULTAD DE EDUCACION,NECOCLI,LICENCIATURA EN MATEMATICAS-TURBO,0.2837,7
CARMENVI,FACULTAD DE CIENCIAS ECONOMICAS,LA CEJA,DESARROLLO TERRITORIAL- CARMEN DE VIBORAL,0.2835,7
CARMENVI,INSTITUTO UNIVERSITARIO DE EDUCACION FISICA Y DEPORTES,MARINILLA,LICENCIATURA EN EDUCACION FISICA - CARMEN DE VIBORAL,0.2831,7
CARMENVI,FACULTAD DE EDUCACION,RIONEGRO,LICENCIATURA EN CIENCIAS SOCIALES-CARMEN DE VIBORAL,0.283,7
CAUCASIA,FACULTAD DE DERECHO Y CIENCIAS POLITICAS,CAUCASIA,DERECHO - CAUCASIA,0.283,7
CARMENVI,FACULTAD DE EDUCACION,RETIRO,LICENCIATURA EN CIENCIAS SOCIALES-CARMEN DE VIBORAL,0.2825,7
CARMENVI,FACULTAD DE EDUCACION,COCORNA,LICENCIATURA EN EDUCACION INFANTIL-CARMEN DE VIBORAL,0.2824,7
ANDES,FACULTAD DE DERECHO Y CIENCIAS POLITICAS,ANDES,DERECHO - ANDES,0.282,7
CAUCASIA,FACULTAD DE CIENCIAS ECONOMICAS,CACERES,ADMINISTRACION DE EMPRESAS - CAUCASIA,0.2819,7
TURBO,FACULTAD DE CIENCIAS EXACTAS Y NATURALES,TURBO,OCEANOGRAFIA - TURBO,0.2818,7
AMALFI,FACULTAD DE EDUCACION,ANORI,PEDAGOGIA EN RURALIDAD Y PAZ- AMALFI,0.2818,7
TURBO,FACULTAD DE EDUCACION,TURBO,LICENCIATURA EN EDUCACION INFANTIL-TURBO,0.2816,7
AMALFI,FACULTAD DE CIENCIAS ECONOMICAS,AMALFI,GESTION EN ECOLOGIA Y TURISMO - AMALFI,0.2816,7
TURBO,FACULTAD DE EDUCACION,NECOCLI,PEDAGOGIA EN RURALIDAD Y PAZ - TURBO,0.2812,7
ANDES,FACULTAD DE CIENCIAS FARMACEUTICAS Y ALIMENTARIAS,JARDIN,TECNOLOGIA EN REGENCIA DE FARMACIA - ANDES,0.2811,7
P-BERRIO,INSTITUTO UNIVERSITARIO DE EDUCACION FISICA Y DEPORTES,PUERTO BERRIO,LICENCIATURA EN EDUCACION FISICA - PUERTO BERRIO,0.2809,7
YARUMAL,FACULTAD DE EDUCACION,CAMPAMENTO,LICENCIATURA EN CIENCIAS NATURALES- YARUMAL,0.2807,7
CAREPA,ESCUELA DE IDIOMAS,APARTADO,LICENCIATURA EN LENGUAS EXTRANJERAS CON ENFASIS EN INGLES - CAREPA,0.2806,7
CAUCASIA,FACULTAD DE CIENCIAS ECONOMICAS,CAUCASIA,ADMINISTRACION DE EMPRESAS - CAUCASIA,0.2806,7
CARMENVI,ESCUELA DE IDIOMAS,LA UNION,LICENCIATURA EN LENGUAS EXTRANJERAS CON ENFASIS EN INGLES- CARMEN DE VIBORAL,0.2805,7
TURBO,FACULTAD DE INGENIERIA,APARTADO,INGENIERIA OCEANOGRAFICA - TURBO,0.2803,7
CAUCASIA,FACULTAD DE EDUCACION,CAUCASIA,LICENCIATURA EN MATEMATICAS-CAUCASIA,0.2803,7
CAUCASIA,FACULTAD DE EDUCACION,CAUCASIA,LICENCIATURA EN MATEMATICAS-CAUCASIA,0.2803,7
P-BERRIO,FACULTAD DE DERECHO Y CIENCIAS POLITICAS,PUERTO BERRIO,DERECHO - PUERTO BERRIO,0.2802,7
CAUCASIA,FACULTAD DE CIENCIAS ECONOMICAS,CAUCASIA,GESTION EN ECOLOGIA Y TURISMO - CAUCASIA,0.2799,7
TURBO,FACULTAD DE CIENCIAS FARMACEUTICAS Y ALIMENTARIAS,NECOCLI,TECNOLOGIA EN REGENCIA DE FARMACIA - TURBO,0.2797,7
TURBO,FACULTAD DE CIENCIAS ECONOMICAS,TURBO,DESARROLLO TERRITORIAL- TURBO,0.2796,7
CARMENVI,FACULTAD DE EDUCACION,RIONEGRO,LICENCIATURA EN EDUCACION INFANTIL-CARMEN DE VIBORAL,0.2791,7
CAUCASIA,FACULTAD NACIONAL DE SALUD PUBLICA,MONTELIBANO,ADMINISTRACION EN SALUD-CAUCASIA,0.2787,7
CARMENVI,FACULTAD DE EDUCACION,LA CEJA,LICENCIATURA EN CIENCIAS NATURALES-CARMEN DE VIBORAL,0.2785,7
CARMENVI,FACULTAD DE ARTES,LA UNION,LICENCIATURA EN ARTES PLASTICAS - CARMEN DE VIBORAL,0.2782,7
SEGOVIA,FACULTAD DE DERECHO Y CIENCIAS POLITICAS,SEGOVIA,DERECHO SEGOVIA,0.2781,7
ANDES,FACULTAD DE DERECHO Y CIENCIAS POLITICAS,PUEBLORRICO,DERECHO - ANDES,0.2778,7
APARTADO,FACULTAD DE CIENCIAS ECONOMICAS,CAREPA,CONTADURIA PUBLICA- URABA (APARTADO),0.2776,7
CAUCASIA,FACULTAD DE CIENCIAS ECONOMICAS,CACERES,GESTION EN ECOLOGIA Y TURISMO - CAUCASIA,0.2775,7
CAUCASIA,FACULTAD DE DERECHO Y CIENCIAS POLITICAS,CAUCASIA,DERECHO - CAUCASIA,0.2774,7
CARMENVI,FACULTAD DE EDUCACION,MARINILLA,LICENCIATURA EN MATEMATICAS-CARMEN DE VIBORAL,0.2771,7
CARMENVI,ESCUELA DE IDIOMAS,MEDELLIN,LICENCIATURA EN LENGUAS EXTRANJERAS CON ENFASIS EN INGLES- CARMEN DE VIBORAL,0.277,7
AMALFI,FACULTAD DE EDUCACION,AMALFI,LICENCIATURA EN CIENCIAS NATURALES - AMALFI,0.277,7
CAUCASIA,FACULTAD DE CIENCIAS ECONOMICAS,CAUCASIA,ADMINISTRACION DE EMPRESAS - CAUCASIA,0.2767,7
SEGOVIA,INSTITUTO UNIVERSITARIO DE EDUCACION FISICA Y DEPORTES,REMEDIOS,LICENCIATURA EN EDUCACION FISICA - SEGOVIA,0.2766,7
CARMENVI,FACULTAD DE EDUCACION,ITAGUI,PEDAGOGIA EN RURALIDAD Y PAZ -CARMEN DE VIBORAL,0.2763,7
CAUCASIA,FACULTAD DE CIENCIAS ECONOMICAS,MONTELIBANO,GESTION EN ECOLOGIA Y TURISMO - CAUCASIA,0.2763,7
CARMENVI,FACULTAD DE CIENCIAS EXACTAS Y NATURALES,RIONEGRO,BIOLOGIA - CARMEN DE VIBORAL,0.2762,7
CARMENVI,FACULTAD DE CIENCIAS AGRARIAS,MARINILLA,INGENIERIA AGROPECUARIA - CARMEN DE VIBORAL,0.2762,7
CAUCASIA,FACULTAD DE CIENCIAS ECONOMICAS,CAUCASIA,ADMINISTRACION DE EMPRESAS - CAUCASIA,0.2762,7
MEDELLIN,FACULTAD DE CIENCIAS AGRARIAS,ABEJORRAL,TECNOLOGIA EN GESTION DE INSUMOS AGROPECUARIOS,0.2761,7
P-BERRIO,FACULTAD DE DERECHO Y CIENCIAS POLITICAS,PUERTO BERRIO,DERECHO - PUERTO BERRIO,0.2761,7
MEDELLIN,FACULTAD DE CIENCIAS AGRARIAS,YARUMAL,TECNOLOGIA EN GESTION DE INSUMOS AGROPECUARIOS,0.2757,7
CARMENVI,FACULTAD DE EDUCACION,RIONEGRO,LICENCIATURA EN MATEMATICAS-CARMEN DE VIBORAL,0.2757,7
CARMENVI,INSTITUTO UNIVERSITARIO DE EDUCACION FISICA Y DEPORTES,LA CEJA,LICENCIATURA EN EDUCACION FISICA - CARMEN DE VIBORAL,0.2756,7
CARMENVI,FACULTAD DE EDUCACION,SAN FRANCISCO,PEDAGOGIA EN RURALIDAD Y PAZ -CARMEN DE VIBORAL,0.2754,7
ANDES,FACULTAD DE EDUCACION,HISPANIA,LICENCIATURA EN CIENCIAS NATURALES - ANDES,0.2751,7
CAREPA,FACULTAD DE CIENCIAS AGRARIAS,CAREPA,INGENIERIA AGROPECUARIA-CAREPA,0.2747,7
CARMENVI,FACULTAD DE CIENCIAS ECONOMICAS,EL CARMEN DE VIBORAL,DESARROLLO TERRITORIAL- CARMEN DE VIBORAL,0.2747,7
CAUCASIA,FACULTAD DE ARTES,CAUCASIA,GESTION CULTURAL - CAUCASIA,0.2747,7
SEGOVIA,FACULTAD NACIONAL DE SALUD PUBLICA,SEGOVIA,TECNOLOGIA EN ADMINISTRACION DE SERVICIOS DE SALUD-SEGOVIA,0.2746,7
APARTADO,FACULTAD DE COMUNICACIONES Y FILOLOGIA,MEDELLIN,COMUNICACION SOCIAL - PERIODISMO APARTADO,0.2744,7
SEGOVIA,FACULTAD DE DERECHO Y CIENCIAS POLITICAS,SEGOVIA,DERECHO SEGOVIA,0.2741,7
CAREPA,FACULTAD DE CIENCIAS EXACTAS Y NATURALES,TURBO,BIOLOGIA- CAREPA,0.2741,7
CARMENVI,FACULTAD DE CIENCIAS FARMACEUTICAS Y ALIMENTARIAS,LA CEJA,INGENIERIA DE ALIMENTOS - CARMEN DE VIBORAL,0.274,7
CAREPA,FACULTAD DE CIENCIAS AGRARIAS,CHIGORODO,INGENIERIA AGROPECUARIA-CAREPA,0.2739,7
ANDES,FACULTAD DE CIENCIAS AGRARIAS,CIUDAD BOLIVAR,INGENIERIA AGROPECUARIA - ANDES,0.2737,7
CAUCASIA,FACULTAD DE CIENCIAS ECONOMICAS,CACERES,ADMINISTRACION DE EMPRESAS - CAUCASIA,0.2737,7
SEGOVIA,FACULTAD NACIONAL DE SALUD PUBLICA,SEGOVIA,ADMINISTRACION AMBIENTAL Y SANITARIA- SEGOVIA,0.2737,7
APARTADO,FACULTAD DE CIENCIAS ECONOMICAS,APARTADO,GESTION EN ECOLOGIA Y TURISMO - APARTADO,0.2733,7
CARMENVI,FACULTAD DE ARTES,EL CARMEN DE VIBORAL,LICENCIATURA EN ARTES PLASTICAS - CARMEN DE VIBORAL,0.2732,7
CAREPA,FACULTAD DE CIENCIAS AGRARIAS,CAREPA,INGENIERIA AGROPECUARIA-CAREPA,0.273,7
APARTADO,FACULTAD DE CIENCIAS ECONOMICAS,TURBO,GESTION EN ECOLOGIA Y TURISMO - APARTADO,0.2727,7
TURBO,FACULTAD NACIONAL DE SALUD PUBLICA,NECOCLI,ADMINISTRACION AMBIENTAL Y SANITARIA- TURBO,0.2722,7
CARMENVI,ESCUELA DE IDIOMAS,GUARNE,LICENCIATURA EN LENGUAS EXTRANJERAS CON ENFASIS EN INGLES- CARMEN DE VIBORAL,0.2719,7
CARMENVI,FACULTAD DE ARTES,GUARNE,LICENCIATURA EN MUSICA-CARMEN DE VIBORAL,0.2717,7
SEGOVIA,FACULTAD NACIONAL DE SALUD PUBLICA,SEGOVIA,ADMINISTRACION AMBIENTAL Y SANITARIA- SEGOVIA,0.2715,7
MEDELLIN,FACULTAD DE CIENCIAS AGRARIAS,BETANIA,TECNOLOGIA EN GESTION DE INSUMOS AGROPECUARIOS,0.2715,7
P-BERRIO,FACULTAD DE CIENCIAS FARMACEUTICAS Y ALIMENTARIAS,PUERTO BERRIO,TECNOLOGIA EN REGENCIA DE FARMACIA - PUERTO BERRIO,0.2714,7
APARTADO,FACULTAD DE CIENCIAS ECONOMICAS,TURBO,GESTION EN ECOLOGIA Y TURISMO - APARTADO,0.2712,7
SEGOVIA,FACULTAD NACIONAL DE SALUD PUBLICA,REMEDIOS,TECNOLOGIA EN ADMINISTRACION DE SERVICIOS DE SALUD-SEGOVIA,0.2711,7
CARMENVI,FACULTAD DE EDUCACION,RIONEGRO,LICENCIATURA EN CIENCIAS SOCIALES-CARMEN DE VIBORAL,0.2708,7
AMALFI,FACULTAD DE CIENCIAS ECONOMICAS,AMALFI,GESTION EN ECOLOGIA Y TURISMO - AMALFI,0.2706,7
CARMENVI,FACULTAD DE CIENCIAS FARMACEUTICAS Y ALIMENTARIAS,RIONEGRO,CIENCIAS CULINARIAS - CARMEN DE VIBORAL,0.2705,7
CARMENVI,FACULTAD DE CIENCIAS FARMACEUTICAS Y ALIMENTARIAS,LA UNION,TECNOLOGIA EN REGENCIA DE FARMACIA - CARMEN DE VIBORAL,0.2704,7
APARTADO,FACULTAD DE ARTES,RIOSUCIO,LICENCIATURA EN MUSICA - APARTADO,0.2704,7
CAUCASIA,FACULTAD DE CIENCIAS ECONOMICAS,CACERES,GESTION EN ECOLOGIA Y TURISMO - CAUCASIA,0.2701,7
TURBO,FACULTAD DE EDUCACION,TURBO,LICENCIATURA EN CIENCIAS NATURALES-TURBO,0.2699,7
SEGOVIA,INSTITUTO UNIVERSITARIO DE EDUCACION FISICA Y DEPORTES,SEGOVIA,LICENCIATURA EN EDUCACION FISICA - SEGOVIA,0.2698,7
CARMENVI,FACULTAD DE CIENCIAS ECONOMICAS,GUARNE,DESARROLLO TERRITORIAL- CARMEN DE VIBORAL,0.2698,7
CAREPA,FACULTAD DE CIENCIAS EXACTAS Y NATURALES,CHIGORODO,BIOLOGIA- CAREPA,0.2695,7
CARMENVI,FACULTAD DE CIENCIAS FARMACEUTICAS Y ALIMENTARIAS,SABANETA,CIENCIAS CULINARIAS - CARMEN DE VIBORAL,0.2693,7
CARMENVI,FACULTAD DE CIENCIAS ECONOMICAS,RIONEGRO,DESARROLLO TERRITORIAL- CARMEN DE VIBORAL,0.2691,7
ANDES,FACULTAD DE EDUCACION,SALGAR,LICENCIATURA EN LITERATURA Y LENGUA CASTELLANA-ANDES,0.2691,7
APARTADO,FACULTAD DE EDUCACION,CHIGORODO,LICENCIATURA EN EDUCACION ESPECIAL - APARTADO,0.2689,7
ANDES,FACULTAD DE DERECHO Y CIENCIAS POLITICAS,CALDAS,DERECHO - ANDES,0.2688,7
YARUMAL,FACULTAD DE EDUCACION,YARUMAL,LICENCIATURA EN MATEMATICAS-YARUMAL,0.2684,7
STAFEANT,INSTITUTO UNIVERSITARIO DE EDUCACION FISICA Y DEPORTES,CANASGORDAS,LICENCIATURA EN EDUCACION FISICA - SANTA FE DE ANTIOQUIA,0.2682,7
APARTADO,FACULTAD DE ARTES,MUTATA,LICENCIATURA EN ARTES PLASTICAS-APARTADO,0.2682,7
CAUCASIA,FACULTAD DE EDUCACION,AYAPEL,LICENCIATURA EN MATEMATICAS-CAUCASIA,0.268,7
TURBO,FACULTAD DE CIENCIAS ECONOMICAS,APARTADO,DESARROLLO TERRITORIAL- TURBO,0.2678,7
CAUCASIA,FACULTAD DE EDUCACION,CAUCASIA,LICENCIATURA EN EDUCACION INFANTIL - CAUCASIA,0.2678,7
MEDELLIN,FACULTAD DE INGENIERIA,CAREPA,INGENIERIA INDUSTRIAL REGION,0.2675,7
YARUMAL,FACULTAD DE COMUNICACIONES Y FILOLOGIA,YARUMAL,COMUNICACION SOCIAL - PERIODISMO YARUMAL,0.2671,7
CARMENVI,FACULTAD DE EDUCACION,MARINILLA,LICENCIATURA EN CIENCIAS SOCIALES-CARMEN DE VIBORAL,0.2671,7
SEGOVIA,FACULTAD NACIONAL DE SALUD PUBLICA,SEGOVIA,TECNOLOGIA EN ADMINISTRACION DE SERVICIOS DE SALUD-SEGOVIA,0.2671,7
MEDELLIN,FACULTAD DE INGENIERIA,APARTADO,INGENIERIA INDUSTRIAL REGION,0.267,7
ANDES,FACULTAD DE EDUCACION,ANDES,LICENCIATURA EN LITERATURA Y LENGUA CASTELLANA-ANDES,0.2669,7
CARMENVI,FACULTAD DE EDUCACION,RIONEGRO,LICENCIATURA EN MATEMATICAS-CARMEN DE VIBORAL,0.2668,7
YARUMAL,FACULTAD DE EDUCACION,YARUMAL,LICENCIATURA EN MATEMATICAS-YARUMAL,0.2666,7
CARMENVI,FACULTAD DE EDUCACION,MARINILLA,LICENCIATURA EN MATEMATICAS-CARMEN DE VIBORAL,0.2664,7
SEGOVIA,FACULTAD DE DERECHO Y CIENCIAS POLITICAS,REMEDIOS,DERECHO SEGOVIA,0.2659,7
TURBO,FACULTAD DE EDUCACION,TURBO,LICENCIATURA EN CIENCIAS NATURALES-TURBO,0.2658,7
TURBO,FACULTAD DE EDUCACION,CAREPA,LICENCIATURA EN EDUCACION INFANTIL-TURBO,0.2657,7
APARTADO,FACULTAD DE CIENCIAS ECONOMICAS,NECOCLI,CONTADURIA PUBLICA- URABA (APARTADO),0.2655,7
CAREPA,FACULTAD DE CIENCIAS AGRARIAS,APARTADO,INGENIERIA AGROPECUARIA-CAREPA,0.2653,7
APARTADO,FACULTAD DE CIENCIAS EXACTAS Y NATURALES,TURBO,MATEMATICAS - APARTADO,0.2653,7
TURBO,FACULTAD DE INGENIERIA,TURBO,INGENIERIA OCEANOGRAFICA - TURBO,0.2652,7
CARMENVI,FACULTAD DE CIENCIAS ECONOMICAS,RIONEGRO,DESARROLLO TERRITORIAL- CARMEN DE VIBORAL,0.2652,7
TURBO,FACULTAD DE EDUCACION,MUTATA,PEDAGOGIA EN RURALIDAD Y PAZ - TURBO,0.2651,7
CARMENVI,FACULTAD DE ARTES,RETIRO,LICENCIATURA EN ARTES PLASTICAS - CARMEN DE VIBORAL,0.2645,7
CAREPA,FACULTAD DE INGENIERIA,CAREPA,INGENIERIA AGROINDUSTRIAL-URABA,0.2644,7
APARTADO,FACULTAD DE INGENIERIA,CHIGORODO,INGENIERIA CIVIL-APARTADO,0.2643,7
TURBO,FACULTAD DE EDUCACION,UNGUIA,LICENCIATURA EN EDUCACION INFANTIL-TURBO,0.2642,7
AMALFI,FACULTAD DE EDUCACION,AMALFI,PEDAGOGIA EN RURALIDAD Y PAZ- AMALFI,0.2641,7
CAUCASIA,INSTITUTO UNIVERSITARIO DE EDUCACION FISICA Y DEPORTES,CAUCASIA,LICENCIATURA EN EDUCACION FISICA - CAUCASIA,0.2641,7
SEGOVIA,FACULTAD DE DERECHO Y CIENCIAS POLITICAS,SEGOVIA,DERECHO SEGOVIA,0.264,7
CARMENVI,FACULTAD DE CIENCIAS AGRARIAS,LA CEJA,INGENIERIA AGROPECUARIA - CARMEN DE VIBORAL,0.2635,7
CAUCASIA,FACULTAD DE CIENCIAS FARMACEUTICAS Y ALIMENTARIAS,CAUCASIA,TECNOLOGIA EN REGENCIA DE FARMACIA - CAUCASIA,0.2631,7
TURBO,FACULTAD DE CIENCIAS ECONOMICAS,TURBO,DESARROLLO TERRITORIAL- TURBO,0.263,7
MEDELLIN,FACULTAD DE CIENCIAS AGRARIAS,YARUMAL,TECNOLOGIA EN GESTION DE INSUMOS AGROPECUARIOS,0.263,7
TURBO,FACULTAD DE CIENCIAS ECONOMICAS,ARBOLETES,ADMINISTRACION DE EMPRESAS - TURBO,0.2629,7
P-BERRIO,FACULTAD DE EDUCACION,PUERTO BERRIO,LICENCIATURA EN MATEMATICAS - PUERTO BERRIO,0.2629,7
CARMENVI,FACULTAD DE CIENCIAS ECONOMICAS,BELLO,GESTION EN ECOLOGIA Y TURISMO - CARMEN DE VIBORAL,0.2628,7
SEGOVIA,INSTITUTO UNIVERSITARIO DE EDUCACION FISICA Y DEPORTES,SEGOVIA,LICENCIATURA EN EDUCACION FISICA - SEGOVIA,0.2628,7
CARMENVI,FACULTAD DE EDUCACION,ABEJORRAL,PEDAGOGIA EN RURALIDAD Y PAZ -CARMEN DE VIBORAL,0.2627,7
CARMENVI,FACULTAD DE CIENCIAS ECONOMICAS,EL CARMEN DE VIBORAL,GESTION EN ECOLOGIA Y TURISMO - CARMEN DE VIBORAL,0.2624,7
CARMENVI,FACULTAD DE CIENCIAS AGRARIAS,SAN VICENTE,INGENIERIA AGROPECUARIA - CARMEN DE VIBORAL,0.2623,7
TURBO,FACULTAD DE EDUCACION,TURBO,PEDAGOGIA EN RURALIDAD Y PAZ - TURBO,0.2623,7
CARMENVI,FACULTAD DE CIENCIAS ECONOMICAS,RIONEGRO,DESARROLLO TERRITORIAL- CARMEN DE VIBORAL,0.2619,7
MEDELLIN,FACULTAD DE CIENCIAS AGRARIAS,APARTADO,TECNOLOGIA EN GESTION DE INSUMOS AGROPECUARIOS,0.2619,7
STAFEANT,FACULTAD DE CIENCIAS ECONOMICAS,LIBORINA,CONTADURIA PUBLICA- SANTA FE DE ANTIOQUIA,0.2614,7
CARMENVI,FACULTAD DE CIENCIAS ECONOMICAS,EL CARMEN DE VIBORAL,DESARROLLO TERRITORIAL- CARMEN DE VIBORAL,0.2611,7
SEGOVIA,FACULTAD NACIONAL DE SALUD PUBLICA,REMEDIOS,ADMINISTRACION AMBIENTAL Y SANITARIA- SEGOVIA,0.2611,7
TURBO,FACULTAD DE EDUCACION,SAN PEDRO DE URABA,LICENCIATURA EN EDUCACION INFANTIL-TURBO,0.2609,7
AMALFI,FACULTAD DE EDUCACION,YOLOMBO,PEDAGOGIA EN RURALIDAD Y PAZ- AMALFI,0.2609,7
ANDES,FACULTAD DE DERECHO Y CIENCIAS POLITICAS,JARDIN,DERECHO - ANDES,0.2609,7
CAREPA,INSTITUTO UNIVERSITARIO DE EDUCACION FISICA Y DEPORTES,APARTADO,LICENCIATURA EN EDUCACION FISICA - CAREPA,0.2608,7
CARMENVI,ESCUELA DE IDIOMAS,GUARNE,LICENCIATURA EN LENGUAS EXTRANJERAS CON ENFASIS EN INGLES- CARMEN DE VIBORAL,0.2603,7
CARMENVI,FACULTAD DE CIENCIAS ECONOMICAS,LA UNION,CONTADURIA PUBLICA - CARMEN DE VIBORAL,0.2601,7
CAUCASIA,FACULTAD DE CIENCIAS SOCIALES Y HUMANAS,CACERES,TRABAJO SOCIAL - CAUCASIA,0.26,7
ANDES,FACULTAD DE CIENCIAS ECONOMICAS,JARDIN,GESTION EN ECOLOGIA Y TURISMO - ANDES,0.26,7
ANDES,FACULTAD DE DERECHO Y CIENCIAS POLITICAS,JARDIN,DERECHO - ANDES,0.2599,7
SEGOVIA,FACULTAD NACIONAL DE SALUD PUBLICA,SEGOVIA,TECNOLOGIA EN ADMINISTRACION DE SERVICIOS DE SALUD-SEGOVIA,0.2599,7
CARMENVI,FACULTAD DE EDUCACION,LA CEJA,LICENCIATURA EN EDUCACION INFANTIL-CARMEN DE VIBORAL,0.2598,7
TURBO,FACULTAD DE EDUCACION,TURBO,PEDAGOGIA EN RURALIDAD Y PAZ - TURBO,0.2596,7
CAREPA,INSTITUTO UNIVERSITARIO DE EDUCACION FISICA Y DEPORTES,CAREPA,LICENCIATURA EN EDUCACION FISICA - CAREPA,0.2595,7
CAREPA,FACULTAD DE CIENCIAS AGRARIAS,APARTADO,INGENIERIA AGROPECUARIA-CAREPA,0.2594,7
SEGOVIA,FACULTAD DE DERECHO Y CIENCIAS POLITICAS,REMEDIOS,DERECHO SEGOVIA,0.2594,7
CARMENVI,FACULTAD DE CIENCIAS FARMACEUTICAS Y ALIMENTARIAS,ENVIGADO,CIENCIAS CULINARIAS - CARMEN DE VIBORAL,0.2593,7
P-BERRIO,FACULTAD DE DERECHO Y CIENCIAS POLITICAS,PUERTO BERRIO,DERECHO - PUERTO BERRIO,0.2592,7
CAREPA,INSTITUTO UNIVERSITARIO DE EDUCACION FISICA Y DEPORTES,CAREPA,LICENCIATURA EN EDUCACION FISICA - CAREPA,0.259,7
TURBO,FACULTAD DE CIENCIAS ECONOMICAS,TURBO,DESARROLLO TERRITORIAL- TURBO,0.2589,7
CAREPA,FACULTAD DE ARTES,CHIGORODO,LICENCIATURA EN MUSICA- CAREPA,0.2588,7
CAUCASIA,FACULTAD DE CIENCIAS AGRARIAS,LA APARTADA,INGENIERIA AGROPECUARIA - CAUCASIA,0.2587,7
MEDELLIN,FACULTAD DE CIENCIAS AGRARIAS,MONTELIBANO,TECNOLOGIA EN GESTION DE INSUMOS AGROPECUARIOS,0.2585,7
CAUCASIA,INSTITUTO UNIVERSITARIO DE EDUCACION FISICA Y DEPORTES,MONTELIBANO,LICENCIATURA EN EDUCACION FISICA - CAUCASIA,0.2584,7
SEGOVIA,INSTITUTO UNIVERSITARIO DE EDUCACION FISICA Y DEPORTES,SEGOVIA,LICENCIATURA EN EDUCACION FISICA - SEGOVIA,0.2584,7
ANDES,FACULTAD DE DERECHO Y CIENCIAS POLITICAS,CIUDAD BOLIVAR,DERECHO - ANDES,0.2583,7
SONSON,FACULTAD DE EDUCACION,ARGELIA,LICENCIATURA EN LITERATURA Y LENGUA CASTELLANA SONSON,0.2581,7
CARMENVI,FACULTAD DE ARTES,LA CEJA,LICENCIATURA EN DANZA -CARMEN DE VIBORAL,0.2581,7
ANDES,FACULTAD DE EDUCACION,ANDES,LICENCIATURA EN CIENCIAS NATURALES - ANDES,0.2579,7
SEGOVIA,FACULTAD DE DERECHO Y CIENCIAS POLITICAS,REMEDIOS,DERECHO SEGOVIA,0.2579,7
APARTADO,FACULTAD DE EDUCACION,SAN PEDRO DE URABA,LICENCIATURA EN LITERATURA Y LENGUA CASTELLANA-APARTADO,0.2578,7
CAREPA,FACULTAD DE CIENCIAS AGRARIAS,MUTATA,INGENIERIA AGROPECUARIA-CAREPA,0.2577,7
STAFEANT,FACULTAD NACIONAL DE SALUD PUBLICA,SANTAFE DE ANTIOQUIA,ADMINISTRACION EN SALUD - SANTA FE,0.2572,7
CAUCASIA,INSTITUTO UNIVERSITARIO DE EDUCACION FISICA Y DEPORTES,AYAPEL,LICENCIATURA EN EDUCACION FISICA - CAUCASIA,0.2571,7
CAUCASIA,FACULTAD DE CIENCIAS FARMACEUTICAS Y ALIMENTARIAS,CAUCASIA,TECNOLOGIA EN REGENCIA DE FARMACIA - CAUCASIA,0.2569,7
CAREPA,ESCUELA DE IDIOMAS,CHIGORODO,LICENCIATURA EN LENGUAS EXTRANJERAS CON ENFASIS EN INGLES - CAREPA,0.2569,7
ANDES,FACULTAD DE DERECHO Y CIENCIAS POLITICAS,ANDES,DERECHO - ANDES,0.2568,7
CAUCASIA,FACULTAD DE CIENCIAS ECONOMICAS,MONTELIBANO,CONTADURIA PUBLICA- CAUCASIA,0.2566,7
CARMENVI,FACULTAD DE EDUCACION,RIONEGRO,LICENCIATURA EN CIENCIAS SOCIALES-CARMEN DE VIBORAL,0.2565,7
CARMENVI,FACULTAD DE EDUCACION,MARINILLA,LICENCIATURA EN CIENCIAS SOCIALES-CARMEN DE VIBORAL,0.2561,7
SEGOVIA,FACULTAD NACIONAL DE SALUD PUBLICA,SEGOVIA,ADMINISTRACION AMBIENTAL Y SANITARIA- SEGOVIA,0.256,7
CAUCASIA,FACULTAD DE CIENCIAS ECONOMICAS,MONTELIBANO,ADMINISTRACION DE EMPRESAS - CAUCASIA,0.2557,7
TURBO,FACULTAD DE EDUCACION,TURBO,LICENCIATURA EN EDUCACION INFANTIL-TURBO,0.2556,7
P-BERRIO,FACULTAD DE DERECHO Y CIENCIAS POLITICAS,PUERTO BERRIO,DERECHO - PUERTO BERRIO,0.2554,7
MEDELLIN,FACULTAD DE CIENCIAS AGRARIAS,SEGOVIA,TECNOLOGIA EN GESTION DE INSUMOS AGROPECUARIOS,0.2554,7
APARTADO,FACULTAD DE COMUNICACIONES Y FILOLOGIA,CAREPA,COMUNICACION SOCIAL - PERIODISMO APARTADO,0.2554,7
TURBO,FACULTAD DE EDUCACION,TURBO,LICENCIATURA EN EDUCACION INFANTIL-TURBO,0.2553,7
TURBO,FACULTAD DE EDUCACION,TURBO,LICENCIATURA EN MATEMATICAS-TURBO,0.2553,7
CARMENVI,FACULTAD DE CIENCIAS AGRARIAS,LA CEJA,INGENIERIA AGROPECUARIA - CARMEN DE VIBORAL,0.2553,7
TURBO,FACULTAD DE EDUCACION,TURBO,LICENCIATURA EN EDUCACION INFANTIL-TURBO,0.2553,7
CAREPA,INSTITUTO UNIVERSITARIO DE EDUCACION FISICA Y DEPORTES,APARTADO,LICENCIATURA EN EDUCACION FISICA - CAREPA,0.255,7
CARMENVI,FACULTAD DE ARTES,EL SANTUARIO,LICENCIATURA EN MUSICA-CARMEN DE VIBORAL,0.255,7
CAREPA,INSTITUTO UNIVERSITARIO DE EDUCACION FISICA Y DEPORTES,MUTATA,LICENCIATURA EN EDUCACION FISICA - CAREPA,0.2549,7
CARMENVI,FACULTAD DE ARTES,EL CARMEN DE VIBORAL,GESTION CULTURAL - CARMEN DE VIBORAL,0.2547,7
CARMENVI,FACULTAD DE EDUCACION,EL CARMEN DE VIBORAL,LICENCIATURA EN EDUCACION INFANTIL-CARMEN DE VIBORAL,0.2547,7
SEGOVIA,FACULTAD NACIONAL DE SALUD PUBLICA,SEGOVIA,ADMINISTRACION AMBIENTAL Y SANITARIA- SEGOVIA,0.2545,7
SEGOVIA,FACULTAD NACIONAL DE SALUD PUBLICA,SEGOVIA,ADMINISTRACION AMBIENTAL Y SANITARIA- SEGOVIA,0.2545,7
CARMENVI,FACULTAD DE EDUCACION,EL CARMEN DE VIBORAL,LICENCIATURA EN MATEMATICAS-CARMEN DE VIBORAL,0.2545,7
YARUMAL,INSTITUTO UNIVERSITARIO DE EDUCACION FISICA Y DEPORTES,YARUMAL,LICENCIATURA EN EDUCACION FISICA - YARUMAL,0.2544,7
TURBO,FACULTAD DE CIENCIAS ECONOMICAS,APARTADO,DESARROLLO TERRITORIAL- TURBO,0.2543,7
CARMENVI,FACULTAD DE EDUCACION,RIONEGRO,LICENCIATURA EN CIENCIAS NATURALES-CARMEN DE VIBORAL,0.2543,7
CAUCASIA,FACULTAD DE DERECHO Y CIENCIAS POLITICAS,CACERES,DERECHO - CAUCASIA,0.254,7
ANDES,FACULTAD DE DERECHO Y CIENCIAS POLITICAS,ANDES,DERECHO - ANDES,0.2537,7
ANDES,FACULTAD DE CIENCIAS EXACTAS Y NATURALES,LA PINTADA,BIOLOGIA - ANDES,0.2536,7
MEDELLIN,FACULTAD DE CIENCIAS AGRARIAS,SEGOVIA,TECNOLOGIA EN GESTION DE INSUMOS AGROPECUARIOS,0.2533,7
YARUMAL,FACULTAD DE COMUNICACIONES Y FILOLOGIA,VALDIVIA,COMUNICACION SOCIAL - PERIODISMO YARUMAL,0.2531,7
SEGOVIA,FACULTAD DE DERECHO Y CIENCIAS POLITICAS,REMEDIOS,DERECHO SEGOVIA,0.2529,7
SEGOVIA,INSTITUTO UNIVERSITARIO DE EDUCACION FISICA Y DEPORTES,SEGOVIA,LICENCIATURA EN EDUCACION FISICA - SEGOVIA,0.2529,7
CAUCASIA,FACULTAD DE CIENCIAS FARMACEUTICAS Y ALIMENTARIAS,CAUCASIA,TECNOLOGIA EN REGENCIA DE FARMACIA - CAUCASIA,0.2529,7
ANDES,FACULTAD DE CIENCIAS AGRARIAS,ANDES,INGENIERIA AGROPECUARIA - ANDES,0.2528,7
ANDES,FACULTAD DE CIENCIAS AGRARIAS,ANDES,INGENIERIA AGROPECUARIA - ANDES,0.2527,7
CARMENVI,FACULTAD DE ARTES,RIONEGRO,LICENCIATURA EN ARTES PLASTICAS - CARMEN DE VIBORAL,0.2527,7
ANDES,FACULTAD DE EDUCACION,BETANIA,LICENCIATURA EN LITERATURA Y LENGUA CASTELLANA-ANDES,0.2527,7
CARMENVI,FACULTAD DE ARTES,ABEJORRAL,LICENCIATURA EN ARTES ESCENICAS- CARMEN DE VIBORAL,0.2527,7
CAUCASIA,FACULTAD DE EDUCACION,MONTELIBANO,LICENCIATURA EN MATEMATICAS-CAUCASIA,0.2524,7
CAUCASIA,FACULTAD DE CIENCIAS FARMACEUTICAS Y ALIMENTARIAS,EL BAGRE,TECNOLOGIA EN REGENCIA DE FARMACIA - CAUCASIA,0.2522,7
ANDES,FACULTAD DE DERECHO Y CIENCIAS POLITICAS,JARDIN,DERECHO - ANDES,0.2521,7
APARTADO,FACULTAD DE INGENIERIA,TURBO,INGENIERIA CIVIL-APARTADO,0.2519,7
P-BERRIO,FACULTAD DE DERECHO Y CIENCIAS POLITICAS,PUERTO BERRIO,DERECHO - PUERTO BERRIO,0.2515,7
CARMENVI,FACULTAD DE EDUCACION,MARINILLA,LICENCIATURA EN LITERATURA Y LENGUA CASTELLANA-CV,0.2515,7
ANDES,FACULTAD DE CIENCIAS ECONOMICAS,ANDES,GESTION EN ECOLOGIA Y TURISMO - ANDES,0.2513,7
CAREPA,FACULTAD DE CIENCIAS AGRARIAS,CHIGORODO,INGENIERIA AGROPECUARIA-CAREPA,0.2512,7
CARMENVI,FACULTAD DE EDUCACION,RIONEGRO,LICENCIATURA EN CIENCIAS SOCIALES-CARMEN DE VIBORAL,0.2512,7
CARMENVI,FACULTAD DE EDUCACION,RIONEGRO,LICENCIATURA EN CIENCIAS NATURALES-CARMEN DE VIBORAL,0.2508,7
STAFEANT,FACULTAD DE EDUCACION,SAN JERONIMO,LICENCIATURA EN CIENCIAS NATURALES - SANTA FE DE ANTIOQUIA,0.2506,7
TURBO,FACULTAD NACIONAL DE SALUD PUBLICA,TURBO,ADMINISTRACION AMBIENTAL Y SANITARIA- TURBO,0.2505,7
CARMENVI,FACULTAD DE EDUCACION,EL CARMEN DE VIBORAL,LICENCIATURA EN MATEMATICAS-CARMEN DE VIBORAL,0.2501,7
APARTADO,FACULTAD DE ARTES,APARTADO,ARTE DRAMATICO- APARTADO,0.2499,7
APARTADO,FACULTAD NACIONAL DE SALUD PUBLICA,NECOCLI,GERENCIA EN SISTEMAS DE INFORMACION EN SALUD - APARTADO,0.2497,7
CARMENVI,FACULTAD DE EDUCACION,EL CARMEN DE VIBORAL,PEDAGOGIA EN RURALIDAD Y PAZ -CARMEN DE VIBORAL,0.2497,7
AMALFI,FACULTAD DE EDUCACION,AMALFI,LICENCIATURA EN CIENCIAS NATURALES - AMALFI,0.2496,7
SEGOVIA,FACULTAD NACIONAL DE SALUD PUBLICA,SEGOVIA,ADMINISTRACION AMBIENTAL Y SANITARIA- SEGOVIA,0.2494,7
TURBO,FACULTAD DE INGENIERIA,TURBO,INGENIERIA OCEANOGRAFICA - TURBO,0.2493,7
TURBO,FACULTAD DE CIENCIAS ECONOMICAS,APARTADO,ADMINISTRACION DE EMPRESAS - TURBO,0.2492,7
ANDES,FACULTAD DE CIENCIAS EXACTAS Y NATURALES,ANDES,BIOLOGIA - ANDES,0.2491,7
TURBO,FACULTAD DE CIENCIAS EXACTAS Y NATURALES,APARTADO,OCEANOGRAFIA - TURBO,0.249,7
CARMENVI,FACULTAD DE EDUCACION,EL CARMEN DE VIBORAL,LICENCIATURA EN EDUCACION INFANTIL-CARMEN DE VIBORAL,0.2489,7
TURBO,FACULTAD DE EDUCACION,TURBO,LICENCIATURA EN MATEMATICAS-TURBO,0.2488,7
CARMENVI,FACULTAD DE CIENCIAS ECONOMICAS,MARINILLA,GESTION EN ECOLOGIA Y TURISMO - CARMEN DE VIBORAL,0.2487,7
CAREPA,ESCUELA DE IDIOMAS,SAN JOSE DEL GUAVIARE,LICENCIATURA EN LENGUAS EXTRANJERAS CON ENFASIS EN INGLES - CAREPA,0.2486,7
TURBO,FACULTAD DE CIENCIAS ECONOMICAS,TURBO,DESARROLLO TERRITORIAL- TURBO,0.2482,7
STAFEANT,FACULTAD DE CIENCIAS ECONOMICAS,SANTAFE DE ANTIOQUIA,CONTADURIA PUBLICA- SANTA FE DE ANTIOQUIA,0.2477,7
CARMENVI,FACULTAD DE EDUCACION,MARINILLA,LICENCIATURA EN LITERATURA Y LENGUA CASTELLANA-CV,0.2476,7
CARMENVI,FACULTAD DE CIENCIAS ECONOMICAS,ABEJORRAL,ADMINISTRACION DE EMPRESAS - CARMEN DE VIBORAL,0.2474,7
SEGOVIA,FACULTAD DE DERECHO Y CIENCIAS POLITICAS,SEGOVIA,DERECHO SEGOVIA,0.2474,7
CAREPA,INSTITUTO UNIVERSITARIO DE EDUCACION FISICA Y DEPORTES,APARTADO,LICENCIATURA EN EDUCACION FISICA - CAREPA,0.2473,7
CARMENVI,FACULTAD DE EDUCACION,SAN FRANCISCO,PEDAGOGIA EN RURALIDAD Y PAZ -CARMEN DE VIBORAL,0.2473,7
MEDELLIN,FACULTAD DE CIENCIAS AGRARIAS,CACERES,TECNOLOGIA EN GESTION DE INSUMOS AGROPECUARIOS,0.2472,7
CAUCASIA,FACULTAD DE DERECHO Y CIENCIAS POLITICAS,CAUCASIA,DERECHO - CAUCASIA,0.247,7
STAFEANT,FACULTAD DE EDUCACION,SAN JERONIMO,LICENCIATURA EN MATEMATICAS - SANTA FE DE ANTIOQUIA,0.2468,7
CAUCASIA,FACULTAD DE CIENCIAS ECONOMICAS,CAUCASIA,GESTION EN ECOLOGIA Y TURISMO - CAUCASIA,0.2467,7
MEDELLIN,FACULTAD DE CIENCIAS AGRARIAS,SONSON,TECNOLOGIA EN GESTION DE INSUMOS AGROPECUARIOS,0.2467,7
TURBO,FACULTAD DE EDUCACION,TURBO,LICENCIATURA EN CIENCIAS NATURALES-TURBO,0.2465,7
CAUCASIA,FACULTAD DE CIENCIAS ECONOMICAS,EL BAGRE,ADMINISTRACION DE EMPRESAS - CAUCASIA,0.2464,7
TURBO,FACULTAD DE EDUCACION,TURBO,LICENCIATURA EN CIENCIAS NATURALES-TURBO,0.2462,7
AMALFI,FACULTAD DE EDUCACION,YOLOMBO,PEDAGOGIA EN RURALIDAD Y PAZ- AMALFI,0.246,7
MEDELLIN,FACULTAD DE CIENCIAS AGRARIAS,CAUCASIA,TECNOLOGIA EN GESTION DE INSUMOS AGROPECUARIOS,0.2457,7
CARMENVI,FACULTAD DE EDUCACION,EL CARMEN DE VIBORAL,PEDAGOGIA EN RURALIDAD Y PAZ -CARMEN DE VIBORAL,0.2455,7
CAUCASIA,FACULTAD DE CIENCIAS FARMACEUTICAS Y ALIMENTARIAS,CACERES,TECNOLOGIA EN REGENCIA DE FARMACIA - CAUCASIA,0.2453,7
CAREPA,FACULTAD DE CIENCIAS AGRARIAS,CHIGORODO,INGENIERIA AGROPECUARIA-CAREPA,0.2451,7
ANDES,FACULTAD DE CIENCIAS AGRARIAS,HISPANIA,INGENIERIA AGROPECUARIA - ANDES,0.2449,7
CARMENVI,FACULTAD DE CIENCIAS ECONOMICAS,EL CARMEN DE VIBORAL,DESARROLLO TERRITORIAL- CARMEN DE VIBORAL,0.2448,7
APARTADO,FACULTAD DE INGENIERIA,NECOCLI,INGENIERIA CIVIL-APARTADO,0.2447,7
MEDELLIN,FACULTAD DE CIENCIAS AGRARIAS,NARINO,TECNOLOGIA EN GESTION DE INSUMOS AGROPECUARIOS,0.2447,7
CARMENVI,ESCUELA DE NUTRICION Y DIETETICA,MEDELLIN,NUTRICION Y DIETETICA - CARMEN DE VIBORAL,0.2444,7
CAUCASIA,FACULTAD DE DERECHO Y CIENCIAS POLITICAS,CAUCASIA,DERECHO - CAUCASIA,0.2443,7
CARMENVI,FACULTAD DE CIENCIAS FARMACEUTICAS Y ALIMENTARIAS,MEDINA,INGENIERIA DE ALIMENTOS - CARMEN DE VIBORAL,0.2443,7
YARUMAL,FACULTAD DE COMUNICACIONES Y FILOLOGIA,CAMPAMENTO,COMUNICACION SOCIAL - PERIODISMO YARUMAL,0.2443,7
YARUMAL,FACULTAD DE EDUCACION,SANTA ROSA DE OSOS,LICENCIATURA EN CIENCIAS NATURALES- YARUMAL,0.244,7
AMALFI,FACULTAD DE EDUCACION,SAN PABLO,PEDAGOGIA EN RURALIDAD Y PAZ- AMALFI,0.2439,7
STAFEANT,FACULTAD DE EDUCACION,SABANALARGA,LICENCIATURA EN CIENCIAS NATURALES - SANTA FE DE ANTIOQUIA,0.2439,7
MEDELLIN,FACULTAD DE CIENCIAS AGRARIAS,PUERTO BERRIO,TECNOLOGIA EN GESTION DE INSUMOS AGROPECUARIOS,0.2439,7
CAUCASIA,FACULTAD DE EDUCACION,CAUCASIA,LICENCIATURA EN MATEMATICAS-CAUCASIA,0.2438,7
APARTADO,FACULTAD DE INGENIERIA,APARTADO,INGENIERIA SANITARIA-APARTADO,0.2438,7
SEGOVIA,FACULTAD NACIONAL DE SALUD PUBLICA,SEGOVIA,ADMINISTRACION AMBIENTAL Y SANITARIA- SEGOVIA,0.2438,7
CARMENVI,ESCUELA INTERAMERICANA DE BIBLIOTECOLOGIA,MARINILLA,ARCHIVISTICA -CARMEN DE VIBORAL,0.2433,7
CAUCASIA,FACULTAD DE ARTES,SAN JOSE DE URE,GESTION CULTURAL - CAUCASIA,0.243,7
CAUCASIA,FACULTAD DE CIENCIAS ECONOMICAS,EL BAGRE,CONTADURIA PUBLICA- CAUCASIA,0.2427,7
SEGOVIA,FACULTAD DE DERECHO Y CIENCIAS POLITICAS,SEGOVIA,DERECHO SEGOVIA,0.2426,7
CARMENVI,FACULTAD DE MEDICINA,GUARNE,TECNOLOGIA EN ATENCION PREHOSPITALARIA- CARMEN DE VIBORAL,0.2424,7
CAUCASIA,FACULTAD DE CIENCIAS ECONOMICAS,CAUCASIA,GESTION EN ECOLOGIA Y TURISMO - CAUCASIA,0.2424,7
ANDES,FACULTAD DE CIENCIAS AGRARIAS,TOTA,INGENIERIA AGROPECUARIA - ANDES,0.2422,7
CARMENVI,FACULTAD DE CIENCIAS AGRARIAS,LA CEJA,INGENIERIA AGROPECUARIA - CARMEN DE VIBORAL,0.2422,7
SEGOVIA,FACULTAD DE DERECHO Y CIENCIAS POLITICAS,SEGOVIA,DERECHO SEGOVIA,0.2418,7
CAREPA,FACULTAD DE INGENIERIA,CHIGORODO,INGENIERIA AGROINDUSTRIAL-URABA,0.2417,7
APARTADO,FACULTAD DE INGENIERIA,APARTADO,INGENIERIA CIVIL-APARTADO,0.2414,7
CAUCASIA,FACULTAD NACIONAL DE SALUD PUBLICA,LA APARTADA,ADMINISTRACION AMBIENTAL Y SANITARIA- CAUCASIA,0.2411,7
ANDES,FACULTAD DE DERECHO Y CIENCIAS POLITICAS,ANDES,DERECHO - ANDES,0.2411,7
P-BERRIO,FACULTAD DE EDUCACION,PUERTO BERRIO,LICENCIATURA EN MATEMATICAS - PUERTO BERRIO,0.241,7
MEDELLIN,FACULTAD DE CIENCIAS AGRARIAS,YARUMAL,TECNOLOGIA EN GESTION DE INSUMOS AGROPECUARIOS,0.2408,7
CAUCASIA,INSTITUTO UNIVERSITARIO DE EDUCACION FISICA Y DEPORTES,CAUCASIA,LICENCIATURA EN EDUCACION FISICA - CAUCASIA,0.2407,7
AMALFI,FACULTAD DE EDUCACION,YOLOMBO,PEDAGOGIA EN RURALIDAD Y PAZ- AMALFI,0.2402,7
ANDES,FACULTAD DE DERECHO Y CIENCIAS POLITICAS,ANDES,DERECHO - ANDES,0.2401,7
SEGOVIA,FACULTAD DE DERECHO Y CIENCIAS POLITICAS,VEGACHI,DERECHO SEGOVIA,0.2401,7
CARMENVI,FACULTAD DE CIENCIAS ECONOMICAS,EL CARMEN DE VIBORAL,ADMINISTRACION DE EMPRESAS - CARMEN DE VIBORAL,0.2401,7
TURBO,FACULTAD DE EDUCACION,TURBO,LICENCIATURA EN MATEMATICAS-TURBO,0.2401,7
SEGOVIA,FACULTAD NACIONAL DE SALUD PUBLICA,REMEDIOS,ADMINISTRACION AMBIENTAL Y SANITARIA- SEGOVIA,0.2397,7
CAUCASIA,FACULTAD DE DERECHO Y CIENCIAS POLITICAS,CAUCASIA,DERECHO - CAUCASIA,0.2394,7
APARTADO,FACULTAD DE ARTES,CHIGORODO,LICENCIATURA EN MUSICA - APARTADO,0.2393,7
TURBO,FACULTAD DE CIENCIAS FARMACEUTICAS Y ALIMENTARIAS,RIO DE JANEIRO,TECNOLOGIA EN REGENCIA DE FARMACIA - TURBO,0.2392,7
CARMENVI,FACULTAD DE EDUCACION,COCORNA,PEDAGOGIA EN RURALIDAD Y PAZ -CARMEN DE VIBORAL,0.2391,7
AMALFI,FACULTAD DE CIENCIAS ECONOMICAS,AMALFI,GESTION EN ECOLOGIA Y TURISMO - AMALFI,0.239,7
CARMENVI,FACULTAD DE ARTES,LA CEJA,LICENCIATURA EN MUSICA-CARMEN DE VIBORAL,0.2387,7
CARMENVI,FACULTAD DE CIENCIAS FARMACEUTICAS Y ALIMENTARIAS,GUARNE,CIENCIAS CULINARIAS - CARMEN DE VIBORAL,0.2386,7
CARMENVI,FACULTAD DE ARTES,SABANETA,LICENCIATURA EN ARTES PLASTICAS - CARMEN DE VIBORAL,0.2386,7
CARMENVI,FACULTAD DE CIENCIAS AGRARIAS,RIONEGRO,INGENIERIA AGROPECUARIA - CARMEN DE VIBORAL,0.2386,7
CARMENVI,FACULTAD DE EDUCACION,EL CARMEN DE VIBORAL,LICENCIATURA EN EDUCACION INFANTIL-CARMEN DE VIBORAL,0.2386,7
CAUCASIA,FACULTAD DE CIENCIAS ECONOMICAS,MEDELLIN,ADMINISTRACION DE EMPRESAS - CAUCASIA,0.2383,7
TURBO,FACULTAD DE EDUCACION,TURBO,LICENCIATURA EN EDUCACION INFANTIL-TURBO,0.2383,7
TURBO,FACULTAD DE EDUCACION,APARTADO,PEDAGOGIA EN RURALIDAD Y PAZ - TURBO,0.2383,7
CARMENVI,FACULTAD DE CIENCIAS FARMACEUTICAS Y ALIMENTARIAS,BELLO,CIENCIAS CULINARIAS - CARMEN DE VIBORAL,0.2382,7
AMALFI,FACULTAD DE CIENCIAS ECONOMICAS,AMALFI,GESTION EN ECOLOGIA Y TURISMO - AMALFI,0.2382,7
APARTADO,ESCUELA DE MICROBIOLOGIA,APARTADO,MICROBIOLOGIA INDUSTRIAL Y AMBIENTAL-URABA (APARTADO),0.2382,7
CARMENVI,FACULTAD DE CIENCIAS FARMACEUTICAS Y ALIMENTARIAS,GUARNE,CIENCIAS CULINARIAS - CARMEN DE VIBORAL,0.2381,7
TURBO,FACULTAD DE EDUCACION,TURBO,LICENCIATURA EN CIENCIAS NATURALES-TURBO,0.2379,7
SEGOVIA,FACULTAD DE DERECHO Y CIENCIAS POLITICAS,SEGOVIA,DERECHO SEGOVIA,0.2377,7
CAREPA,INSTITUTO UNIVERSITARIO DE EDUCACION FISICA Y DEPORTES,NECOCLI,LICENCIATURA EN EDUCACION FISICA - CAREPA,0.2376,7
CAREPA,INSTITUTO UNIVERSITARIO DE EDUCACION FISICA Y DEPORTES,CHIGORODO,LICENCIATURA EN EDUCACION FISICA - CAREPA,0.2376,7
CAREPA,INSTITUTO UNIVERSITARIO DE EDUCACION FISICA Y DEPORTES,CAREPA,LICENCIATURA EN EDUCACION FISICA - CAREPA,0.2374,7
SONSON,FACULTAD DE EDUCACION,MEDELLIN,LICENCIATURA EN LITERATURA Y LENGUA CASTELLANA SONSON,0.2374,7
CARMENVI,FACULTAD DE CIENCIAS ECONOMICAS,MEDELLIN,GESTION EN ECOLOGIA Y TURISMO - CARMEN DE VIBORAL,0.237,7
CAUCASIA,FACULTAD DE CIENCIAS ECONOMICAS,CAUCASIA,CONTADURIA PUBLICA- CAUCASIA,0.237,7
CARMENVI,FACULTAD DE ARTES,RIONEGRO,LICENCIATURA EN ARTES PLASTICAS - CARMEN DE VIBORAL,0.2367,7
CAREPA,FACULTAD DE CIENCIAS AGRARIAS,CHIGORODO,INGENIERIA AGROPECUARIA-CAREPA,0.2364,7
CAREPA,FACULTAD DE CIENCIAS EXACTAS Y NATURALES,APARTADO,BIOLOGIA- CAREPA,0.2364,7
SEGOVIA,FACULTAD DE DERECHO Y CIENCIAS POLITICAS,SEGOVIA,DERECHO SEGOVIA,0.2362,7
P-BERRIO,FACULTAD DE EDUCACION,PUERTO BERRIO,LICENCIATURA EN MATEMATICAS - PUERTO BERRIO,0.2361,7
CARMENVI,FACULTAD DE CIENCIAS EXACTAS Y NATURALES,RIONEGRO,BIOLOGIA - CARMEN DE VIBORAL,0.2359,7
CARMENVI,FACULTAD DE EDUCACION,RIONEGRO,LICENCIATURA EN EDUCACION INFANTIL-CARMEN DE VIBORAL,0.2359,7
CAREPA,INSTITUTO UNIVERSITARIO DE EDUCACION FISICA Y DEPORTES,APARTADO,LICENCIATURA EN EDUCACION FISICA - CAREPA,0.2356,7
SONSON,FACULTAD DE CIENCIAS ECONOMICAS,ARGELIA,GESTION EN ECOLOGIA Y TURISMO - SONSON,0.2355,7
TURBO,FACULTAD DE EDUCACION,TURBO,LICENCIATURA EN CIENCIAS NATURALES-TURBO,0.2355,7
CARMENVI,FACULTAD DE EDUCACION,EL CARMEN DE VIBORAL,LICENCIATURA EN FISICA - CARMEN DE VIBORAL,0.2354,7
CARMENVI,FACULTAD DE CIENCIAS AGRARIAS,LA CEJA,INGENIERIA AGROPECUARIA - CARMEN DE VIBORAL,0.2352,7
CAUCASIA,FACULTAD DE CIENCIAS AGRARIAS,CAUCASIA,INGENIERIA AGROPECUARIA - CAUCASIA,0.2349,7
ANDES,FACULTAD DE DERECHO Y CIENCIAS POLITICAS,ANDES,DERECHO - ANDES,0.2348,7
CARMENVI,INSTITUTO UNIVERSITARIO DE EDUCACION FISICA Y DEPORTES,LA CEJA,LICENCIATURA EN EDUCACION FISICA - CARMEN DE VIBORAL,0.2345,7
CARMENVI,FACULTAD DE CIENCIAS AGRARIAS,EL SANTUARIO,INGENIERIA AGROPECUARIA - CARMEN DE VIBORAL,0.2344,7
CAREPA,INSTITUTO UNIVERSITARIO DE EDUCACION FISICA Y DEPORTES,CHIGORODO,LICENCIATURA EN EDUCACION FISICA - CAREPA,0.234,7
CARMENVI,FACULTAD DE COMUNICACIONES Y FILOLOGIA,RIONEGRO,FILOLOGIA HISPANICA-CARMEN DE VIBORAL,0.234,7
CARMENVI,FACULTAD DE EDUCACION,LA CEJA,LICENCIATURA EN LITERATURA Y LENGUA CASTELLANA-CV,0.2339,7
TURBO,FACULTAD DE EDUCACION,ARBOLETES,LICENCIATURA EN CIENCIAS NATURALES-TURBO,0.2337,7
AMALFI,FACULTAD DE EDUCACION,AMALFI,LICENCIATURA EN CIENCIAS NATURALES - AMALFI,0.2337,7
CAUCASIA,FACULTAD DE EDUCACION,PUERTO LIBERTADOR,LICENCIATURA EN MATEMATICAS-CAUCASIA,0.2336,7
CAUCASIA,FACULTAD DE CIENCIAS SOCIALES Y HUMANAS,CACERES,TRABAJO SOCIAL - CAUCASIA,0.2335,7
CARMENVI,FACULTAD DE ARTES,SAN RAFAEL,LICENCIATURA EN DANZA -CARMEN DE VIBORAL,0.2335,7
APARTADO,FACULTAD DE COMUNICACIONES Y FILOLOGIA,DESCONOCIDO,COMUNICACION SOCIAL - PERIODISMO APARTADO,0.2335,7
SEGOVIA,FACULTAD NACIONAL DE SALUD PUBLICA,SEGOVIA,ADMINISTRACION AMBIENTAL Y SANITARIA- SEGOVIA,0.2333,7
TURBO,FACULTAD DE EDUCACION,SAN PEDRO DE URABA,PEDAGOGIA EN RURALIDAD Y PAZ - TURBO,0.2332,7
CARMENVI,FACULTAD DE CIENCIAS ECONOMICAS,MARINILLA,DESARROLLO TERRITORIAL- CARMEN DE VIBORAL,0.2328,7
CARMENVI,FACULTAD DE CIENCIAS ECONOMICAS,RIONEGRO,DESARROLLO TERRITORIAL- CARMEN DE VIBORAL,0.2327,7
MEDELLIN,FACULTAD DE CIENCIAS AGRARIAS,LIBORINA,TECNOLOGIA EN GESTION DE INSUMOS AGROPECUARIOS,0.2327,7
CAUCASIA,FACULTAD DE CIENCIAS FARMACEUTICAS Y ALIMENTARIAS,CAUCASIA,TECNOLOGIA EN REGENCIA DE FARMACIA - CAUCASIA,0.2327,7
CAREPA,FACULTAD DE CIENCIAS AGRARIAS,CHIGORODO,INGENIERIA AGROPECUARIA-CAREPA,0.2326,7
CAUCASIA,FACULTAD DE EDUCACION,CAUCASIA,LICENCIATURA EN EDUCACION INFANTIL - CAUCASIA,0.2325,7
CARMENVI,FACULTAD DE CIENCIAS ECONOMICAS,LA CEJA,GESTION EN ECOLOGIA Y TURISMO - CARMEN DE VIBORAL,0.2324,7
CAUCASIA,FACULTAD DE CIENCIAS FARMACEUTICAS Y ALIMENTARIAS,CAUCASIA,TECNOLOGIA EN REGENCIA DE FARMACIA - CAUCASIA,0.2319,7
SEGOVIA,FACULTAD DE DERECHO Y CIENCIAS POLITICAS,SEGOVIA,DERECHO SEGOVIA,0.2314,7
CARMENVI,FACULTAD DE CIENCIAS EXACTAS Y NATURALES,EL CARMEN DE VIBORAL,BIOLOGIA - CARMEN DE VIBORAL,0.2314,7
CARMENVI,FACULTAD DE ARTES,GUARNE,LICENCIATURA EN ARTES PLASTICAS - CARMEN DE VIBORAL,0.2314,7
CAUCASIA,FACULTAD NACIONAL DE SALUD PUBLICA,NECHI,ADMINISTRACION EN SALUD-CAUCASIA,0.2313,7
ANDES,FACULTAD DE CIENCIAS AGRARIAS,ANDES,INGENIERIA AGROPECUARIA - ANDES,0.2313,7
YARUMAL,FACULTAD DE EDUCACION,YARUMAL,LICENCIATURA EN MATEMATICAS-YARUMAL,0.2311,7
TURBO,FACULTAD DE EDUCACION,TURBO,LICENCIATURA EN MATEMATICAS-TURBO,0.2308,7
SEGOVIA,INSTITUTO UNIVERSITARIO DE EDUCACION FISICA Y DEPORTES,REMEDIOS,LICENCIATURA EN EDUCACION FISICA - SEGOVIA,0.2307,7
CAUCASIA,FACULTAD DE EDUCACION,MONTELIBANO,LICENCIATURA EN MATEMATICAS-CAUCASIA,0.2304,7
MEDELLIN,FACULTAD DE CIENCIAS AGRARIAS,NECOCLI,TECNOLOGIA EN GESTION DE INSUMOS AGROPECUARIOS,0.2303,7
SEGOVIA,FACULTAD NACIONAL DE SALUD PUBLICA,SEGOVIA,TECNOLOGIA EN ADMINISTRACION DE SERVICIOS DE SALUD-SEGOVIA,0.2302,7
CARMENVI,ESCUELA DE MICROBIOLOGIA,EL CARMEN DE VIBORAL,MICROBIOLOGIA INDUSTRIAL Y AMBIENTAL-CARMEN DE VIBORAL,0.2301,7
CAUCASIA,FACULTAD DE CIENCIAS ECONOMICAS,CAUCASIA,CONTADURIA PUBLICA- CAUCASIA,0.2299,7
TURBO,FACULTAD DE EDUCACION,CAREPA,PEDAGOGIA EN RURALIDAD Y PAZ - TURBO,0.2298,7
TURBO,FACULTAD DE CIENCIAS FARMACEUTICAS Y ALIMENTARIAS,TURBO,TECNOLOGIA EN REGENCIA DE FARMACIA - TURBO,0.2297,7
CAUCASIA,FACULTAD NACIONAL DE SALUD PUBLICA,CAUCASIA,ADMINISTRACION AMBIENTAL Y SANITARIA- CAUCASIA,0.2297,7
SEGOVIA,FACULTAD DE DERECHO Y CIENCIAS POLITICAS,SEGOVIA,DERECHO SEGOVIA,0.2295,7
CAREPA,FACULTAD DE CIENCIAS EXACTAS Y NATURALES,APARTADO,BIOLOGIA- CAREPA,0.2293,7
CARMENVI,FACULTAD DE EDUCACION,EL SANTUARIO,LICENCIATURA EN CIENCIAS SOCIALES-CARMEN DE VIBORAL,0.2291,7
CARMENVI,FACULTAD DE CIENCIAS AGRARIAS,MARINILLA,INGENIERIA AGROPECUARIA - CARMEN DE VIBORAL,0.2288,7
CARMENVI,FACULTAD DE ARTES,RIONEGRO,LICENCIATURA EN ARTES ESCENICAS- CARMEN DE VIBORAL,0.2283,7
SEGOVIA,FACULTAD DE DERECHO Y CIENCIAS POLITICAS,SEGOVIA,DERECHO SEGOVIA,0.2281,7
MEDELLIN,FACULTAD DE CIENCIAS AGRARIAS,TURBO,TECNOLOGIA EN GESTION DE INSUMOS AGROPECUARIOS,0.2277,7
CAUCASIA,FACULTAD NACIONAL DE SALUD PUBLICA,CAUCASIA,ADMINISTRACION AMBIENTAL Y SANITARIA- CAUCASIA,0.2274,7
P-BERRIO,FACULTAD DE DERECHO Y CIENCIAS POLITICAS,PUERTO BERRIO,DERECHO - PUERTO BERRIO,0.2271,7
CARMENVI,FACULTAD DE CIENCIAS ECONOMICAS,RIONEGRO,DESARROLLO TERRITORIAL- CARMEN DE VIBORAL,0.2271,7
ANDES,FACULTAD DE CIENCIAS FARMACEUTICAS Y ALIMENTARIAS,SALGAR,TECNOLOGIA EN REGENCIA DE FARMACIA - ANDES,0.2271,7
CAUCASIA,FACULTAD DE CIENCIAS FARMACEUTICAS Y ALIMENTARIAS,CAUCASIA,TECNOLOGIA EN REGENCIA DE FARMACIA - CAUCASIA,0.2271,7
CAUCASIA,FACULTAD DE DERECHO Y CIENCIAS POLITICAS,CAUCASIA,DERECHO - CAUCASIA,0.227,7
CAREPA,INSTITUTO UNIVERSITARIO DE EDUCACION FISICA Y DEPORTES,CAREPA,LICENCIATURA EN EDUCACION FISICA - CAREPA,0.2269,7
ANDES,FACULTAD DE EDUCACION,ANDES,LICENCIATURA EN CIENCIAS NATURALES - ANDES,0.2264,7
SEGOVIA,INSTITUTO UNIVERSITARIO DE EDUCACION FISICA Y DEPORTES,REMEDIOS,LICENCIATURA EN EDUCACION FISICA - SEGOVIA,0.2263,7
CAREPA,FACULTAD DE CIENCIAS EXACTAS Y NATURALES,APARTADO,BIOLOGIA- CAREPA,0.2261,7
TURBO,FACULTAD DE EDUCACION,TURBO,PEDAGOGIA EN RURALIDAD Y PAZ - TURBO,0.2259,7
SEGOVIA,FACULTAD DE DERECHO Y CIENCIAS POLITICAS,SEGOVIA,DERECHO SEGOVIA,0.2258,7
CAUCASIA,FACULTAD DE CIENCIAS FARMACEUTICAS Y ALIMENTARIAS,TARAZA,TECNOLOGIA EN REGENCIA DE FARMACIA - CAUCASIA,0.2258,7
STAFEANT,FACULTAD DE CIENCIAS ECONOMICAS,OLAYA,CONTADURIA PUBLICA- SANTA FE DE ANTIOQUIA,0.2258,7
TURBO,FACULTAD DE CIENCIAS ECONOMICAS,TURBO,DESARROLLO TERRITORIAL- TURBO,0.2255,7
CARMENVI,FACULTAD DE CIENCIAS ECONOMICAS,RIONEGRO,GESTION EN ECOLOGIA Y TURISMO - CARMEN DE VIBORAL,0.2253,7
CAUCASIA,FACULTAD DE CIENCIAS AGRARIAS,LA APARTADA,INGENIERIA AGROPECUARIA - CAUCASIA,0.2251,7
CARMENVI,FACULTAD DE CIENCIAS ECONOMICAS,LA UNION,DESARROLLO TERRITORIAL- CARMEN DE VIBORAL,0.2251,7
TURBO,FACULTAD DE COMUNICACIONES Y FILOLOGIA,APARTADO,COMUNICACION SOCIAL - PERIODISMO TURBO,0.225,7
CARMENVI,FACULTAD DE ARTES,LA CEJA,LICENCIATURA EN MUSICA-CARMEN DE VIBORAL,0.2249,7
CAUCASIA,FACULTAD NACIONAL DE SALUD PUBLICA,CACERES,ADMINISTRACION AMBIENTAL Y SANITARIA- CAUCASIA,0.2249,7
CAREPA,FACULTAD DE CIENCIAS AGRARIAS,CAREPA,INGENIERIA AGROPECUARIA-CAREPA,0.2249,7
CARMENVI,FACULTAD DE ARTES,EL CARMEN DE VIBORAL,LICENCIATURA EN ARTES PLASTICAS - CARMEN DE VIBORAL,0.2247,7
SEGOVIA,INSTITUTO UNIVERSITARIO DE EDUCACION FISICA Y DEPORTES,SEGOVIA,LICENCIATURA EN EDUCACION FISICA - SEGOVIA,0.2246,7
CARMENVI,FACULTAD DE CIENCIAS ECONOMICAS,LA CEJA,GESTION EN ECOLOGIA Y TURISMO - CARMEN DE VIBORAL,0.2246,7
CARMENVI,FACULTAD DE EDUCACION,RIONEGRO,LICENCIATURA EN CIENCIAS SOCIALES-CARMEN DE VIBORAL,0.2246,7
TURBO,FACULTAD DE EDUCACION,TURBO,LICENCIATURA EN EDUCACION INFANTIL-TURBO,0.2245,7
CAUCASIA,FACULTAD DE CIENCIAS FARMACEUTICAS Y ALIMENTARIAS,CAUCASIA,TECNOLOGIA EN REGENCIA DE FARMACIA - CAUCASIA,0.2242,7
CARMENVI,FACULTAD DE EDUCACION,SONSON,LICENCIATURA EN CIENCIAS SOCIALES-CARMEN DE VIBORAL,0.2241,7
CAUCASIA,FACULTAD DE CIENCIAS FARMACEUTICAS Y ALIMENTARIAS,CAUCASIA,TECNOLOGIA EN REGENCIA DE FARMACIA - CAUCASIA,0.224,7
CARMENVI,FACULTAD DE ARTES,LA CEJA,LICENCIATURA EN ARTES PLASTICAS - CARMEN DE VIBORAL,0.2236,7
SEGOVIA,FACULTAD NACIONAL DE SALUD PUBLICA,SEGOVIA,ADMINISTRACION AMBIENTAL Y SANITARIA- SEGOVIA,0.2236,7
CAUCASIA,FACULTAD DE CIENCIAS ECONOMICAS,CAUCASIA,GESTION EN ECOLOGIA Y TURISMO - CAUCASIA,0.2236,7
AMALFI,FACULTAD DE CIENCIAS ECONOMICAS,AMALFI,GESTION EN ECOLOGIA Y TURISMO - AMALFI,0.2235,7
APARTADO,FACULTAD DE EDUCACION,APARTADO,LICENCIATURA EN LITERATURA Y LENGUA CASTELLANA-APARTADO,0.2235,7
CAUCASIA,FACULTAD DE CIENCIAS FARMACEUTICAS Y ALIMENTARIAS,CAUCASIA,TECNOLOGIA EN REGENCIA DE FARMACIA - CAUCASIA,0.2235,7
CAUCASIA,FACULTAD DE CIENCIAS FARMACEUTICAS Y ALIMENTARIAS,CAUCASIA,TECNOLOGIA EN REGENCIA DE FARMACIA - CAUCASIA,0.2234,7
CARMENVI,FACULTAD DE CIENCIAS AGRARIAS,GUARNE,INGENIERIA AGROPECUARIA - CARMEN DE VIBORAL,0.2222,7
P-BERRIO,FACULTAD DE DERECHO Y CIENCIAS POLITICAS,PUERTO BERRIO,DERECHO - PUERTO BERRIO,0.2221,7
CARMENVI,FACULTAD DE CIENCIAS ECONOMICAS,EL CARMEN DE VIBORAL,GESTION EN ECOLOGIA Y TURISMO - CARMEN DE VIBORAL,0.222,7
AMALFI,FACULTAD DE EDUCACION,AMALFI,LICENCIATURA EN CIENCIAS NATURALES - AMALFI,0.222,7
P-BERRIO,FACULTAD DE CIENCIAS FARMACEUTICAS Y ALIMENTARIAS,PUERTO BERRIO,TECNOLOGIA EN REGENCIA DE FARMACIA - PUERTO BERRIO,0.222,7
SONSON,FACULTAD NACIONAL DE SALUD PUBLICA,NARINO,ADMINISTRACION EN SALUD - SONSON,0.2213,7
P-BERRIO,FACULTAD DE CIENCIAS FARMACEUTICAS Y ALIMENTARIAS,PUERTO BERRIO,TECNOLOGIA EN REGENCIA DE FARMACIA - PUERTO BERRIO,0.221,7
CARMENVI,FACULTAD DE CIENCIAS ECONOMICAS,LA CEJA,DESARROLLO TERRITORIAL- CARMEN DE VIBORAL,0.2196,7
AMALFI,FACULTAD DE EDUCACION,CANTAGALLO,PEDAGOGIA EN RURALIDAD Y PAZ- AMALFI,0.2196,7
MEDELLIN,FACULTAD DE CIENCIAS AGRARIAS,ANZA,TECNOLOGIA EN GESTION DE INSUMOS AGROPECUARIOS,0.2195,7
CARMENVI,FACULTAD DE MEDICINA,MARINILLA,TECNOLOGIA EN ATENCION PREHOSPITALARIA- CARMEN DE VIBORAL,0.2189,7
YARUMAL,INSTITUTO UNIVERSITARIO DE EDUCACION FISICA Y DEPORTES,YARUMAL,LICENCIATURA EN EDUCACION FISICA - YARUMAL,0.2188,7
SEGOVIA,FACULTAD DE DERECHO Y CIENCIAS POLITICAS,SEGOVIA,DERECHO SEGOVIA,0.2185,7
CARMENVI,FACULTAD DE EDUCACION,EL SANTUARIO,LICENCIATURA EN CIENCIAS SOCIALES-CARMEN DE VIBORAL,0.2183,7
CARMENVI,FACULTAD DE CIENCIAS EXACTAS Y NATURALES,LA CEJA,BIOLOGIA - CARMEN DE VIBORAL,0.2183,7
CAUCASIA,FACULTAD DE DERECHO Y CIENCIAS POLITICAS,CAUCASIA,DERECHO - CAUCASIA,0.2182,7
MEDELLIN,FACULTAD DE CIENCIAS AGRARIAS,NARINO,TECNOLOGIA EN GESTION DE INSUMOS AGROPECUARIOS,0.218,7
SEGOVIA,INSTITUTO UNIVERSITARIO DE EDUCACION FISICA Y DEPORTES,SEGOVIA,LICENCIATURA EN EDUCACION FISICA - SEGOVIA,0.2179,7
CAUCASIA,FACULTAD DE EDUCACION,CAUCASIA,LICENCIATURA EN MATEMATICAS-CAUCASIA,0.2178,7
CAUCASIA,FACULTAD DE CIENCIAS FARMACEUTICAS Y ALIMENTARIAS,CAUCASIA,TECNOLOGIA EN REGENCIA DE FARMACIA - CAUCASIA,0.2178,7
STAFEANT,FACULTAD DE CIENCIAS ECONOMICAS,SANTAFE DE ANTIOQUIA,CONTADURIA PUBLICA- SANTA FE DE ANTIOQUIA,0.2176,7
CAUCASIA,FACULTAD DE DERECHO Y CIENCIAS POLITICAS,CAUCASIA,DERECHO - CAUCASIA,0.2175,7
P-BERRIO,FACULTAD DE CIENCIAS FARMACEUTICAS Y ALIMENTARIAS,PUERTO BERRIO,TECNOLOGIA EN REGENCIA DE FARMACIA - PUERTO BERRIO,0.2174,7
CARMENVI,FACULTAD DE EDUCACION,MARINILLA,LICENCIATURA EN CIENCIAS SOCIALES-CARMEN DE VIBORAL,0.2171,7
CARMENVI,FACULTAD DE EDUCACION,ALEJANDRIA,PEDAGOGIA EN RURALIDAD Y PAZ -CARMEN DE VIBORAL,0.217,7
CARMENVI,FACULTAD DE ARTES,GUARNE,LICENCIATURA EN MUSICA-CARMEN DE VIBORAL,0.2169,7
STAFEANT,FACULTAD DE CIENCIAS ECONOMICAS,SANTAFE DE ANTIOQUIA,CONTADURIA PUBLICA- SANTA FE DE ANTIOQUIA,0.2169,7
AMALFI,FACULTAD DE EDUCACION,ANORI,PEDAGOGIA EN RURALIDAD Y PAZ- AMALFI,0.2168,7
ANDES,FACULTAD DE DERECHO Y CIENCIAS POLITICAS,MEDELLIN,DERECHO - ANDES,0.2166,7
CARMENVI,FACULTAD DE ARTES,RIONEGRO,LICENCIATURA EN ARTES PLASTICAS - CARMEN DE VIBORAL,0.2166,7
SEGOVIA,FACULTAD NACIONAL DE SALUD PUBLICA,SEGOVIA,ADMINISTRACION AMBIENTAL Y SANITARIA- SEGOVIA,0.2165,7
CARMENVI,FACULTAD DE COMUNICACIONES Y FILOLOGIA,EL CARMEN DE VIBORAL,FILOLOGIA HISPANICA-CARMEN DE VIBORAL,0.2164,7
TURBO,FACULTAD DE EDUCACION,TURBO,LICENCIATURA EN CIENCIAS NATURALES-TURBO,0.2163,7
MEDELLIN,FACULTAD DE CIENCIAS AGRARIAS,MEDELLIN,TECNOLOGIA EN GESTION DE INSUMOS AGROPECUARIOS,0.216,7
P-BERRIO,FACULTAD DE EDUCACION,PUERTO BERRIO,LICENCIATURA EN MATEMATICAS - PUERTO BERRIO,0.2158,7
TURBO,FACULTAD DE EDUCACION,APARTADO,LICENCIATURA EN MATEMATICAS-TURBO,0.2156,7
CAUCASIA,FACULTAD NACIONAL DE SALUD PUBLICA,CAUCASIA,ADMINISTRACION AMBIENTAL Y SANITARIA- CAUCASIA,0.2156,7
ANDES,FACULTAD DE CIENCIAS ECONOMICAS,ANDES,GESTION EN ECOLOGIA Y TURISMO - ANDES,0.2154,7
CARMENVI,FACULTAD DE EDUCACION,RIONEGRO,LICENCIATURA EN LITERATURA Y LENGUA CASTELLANA-CV,0.2151,7
AMALFI,FACULTAD DE EDUCACION,BARRANCABERMEJA,PEDAGOGIA EN RURALIDAD Y PAZ- AMALFI,0.215,7
ANDES,FACULTAD DE CIENCIAS ECONOMICAS,ANDES,GESTION EN ECOLOGIA Y TURISMO - ANDES,0.2149,7
CAUCASIA,FACULTAD DE CIENCIAS FARMACEUTICAS Y ALIMENTARIAS,EL BAGRE,TECNOLOGIA EN REGENCIA DE FARMACIA - CAUCASIA,0.2147,7
MEDELLIN,FACULTAD DE CIENCIAS AGRARIAS,SEGOVIA,TECNOLOGIA EN GESTION DE INSUMOS AGROPECUARIOS,0.2145,7
TURBO,FACULTAD DE EDUCACION,TURBO,LICENCIATURA EN CIENCIAS NATURALES-TURBO,0.2145,7
CAUCASIA,FACULTAD DE CIENCIAS ECONOMICAS,CAUCASIA,GESTION EN ECOLOGIA Y TURISMO - CAUCASIA,0.2144,7
APARTADO,FACULTAD DE EDUCACION,MEDELLIN,LICENCIATURA EN LITERATURA Y LENGUA CASTELLANA-APARTADO,0.2143,7
ANDES,FACULTAD DE CIENCIAS FARMACEUTICAS Y ALIMENTARIAS,ANDES,TECNOLOGIA EN REGENCIA DE FARMACIA - ANDES,0.2143,7
CAUCASIA,FACULTAD DE DERECHO Y CIENCIAS POLITICAS,CAUCASIA,DERECHO - CAUCASIA,0.2141,7
CARMENVI,FACULTAD NACIONAL DE SALUD PUBLICA,RIONEGRO,ADMINISTRACION AMBIENTAL Y SANITARIA-CARMEN DE VIBORAL,0.214,7
SEGOVIA,FACULTAD NACIONAL DE SALUD PUBLICA,SEGOVIA,TECNOLOGIA EN ADMINISTRACION DE SERVICIOS DE SALUD-SEGOVIA,0.214,7
CARMENVI,FACULTAD DE CIENCIAS AGRARIAS,RIONEGRO,INGENIERIA AGROPECUARIA - CARMEN DE VIBORAL,0.214,7
CAUCASIA,FACULTAD DE CIENCIAS FARMACEUTICAS Y ALIMENTARIAS,CAUCASIA,TECNOLOGIA EN REGENCIA DE FARMACIA - CAUCASIA,0.2139,7
SEGOVIA,INSTITUTO UNIVERSITARIO DE EDUCACION FISICA Y DEPORTES,REMEDIOS,LICENCIATURA EN EDUCACION FISICA - SEGOVIA,0.2139,7
P-BERRIO,FACULTAD NACIONAL DE SALUD PUBLICA,MACEO,ADMINISTRACION AMBIENTAL Y SANITARIA-PUERTO BERRIO,0.2135,7
ANDES,FACULTAD DE EDUCACION,ANDES,LICENCIATURA EN CIENCIAS NATURALES - ANDES,0.2135,7
CARMENVI,INSTITUTO UNIVERSITARIO DE EDUCACION FISICA Y DEPORTES,EL CARMEN DE VIBORAL,LICENCIATURA EN EDUCACION FISICA - CARMEN DE VIBORAL,0.2134,7
CARMENVI,FACULTAD DE CIENCIAS FARMACEUTICAS Y ALIMENTARIAS,COCORNA,TECNOLOGIA EN REGENCIA DE FARMACIA - CARMEN DE VIBORAL,0.2132,7
ANDES,FACULTAD DE CIENCIAS ECONOMICAS,ANDES,GESTION EN ECOLOGIA Y TURISMO - ANDES,0.2131,7
MEDELLIN,FACULTAD DE CIENCIAS AGRARIAS,APARTADO,TECNOLOGIA EN GESTION DE INSUMOS AGROPECUARIOS,0.2131,7
CAUCASIA,FACULTAD DE CIENCIAS FARMACEUTICAS Y ALIMENTARIAS,CAUCASIA,TECNOLOGIA EN REGENCIA DE FARMACIA - CAUCASIA,0.213,7
CARMENVI,FACULTAD DE EDUCACION,SAN JUAN DE URABA,LICENCIATURA EN CIENCIAS NATURALES-CARMEN DE VIBORAL,0.2129,7
CARMENVI,FACULTAD DE CIENCIAS FARMACEUTICAS Y ALIMENTARIAS,RIONEGRO,CIENCIAS CULINARIAS - CARMEN DE VIBORAL,0.2128,7
CAUCASIA,FACULTAD DE EDUCACION,CAUCASIA,LICENCIATURA EN MATEMATICAS-CAUCASIA,0.2127,7
CAUCASIA,INSTITUTO UNIVERSITARIO DE EDUCACION FISICA Y DEPORTES,CACERES,LICENCIATURA EN EDUCACION FISICA - CAUCASIA,0.2126,7
CAUCASIA,FACULTAD DE DERECHO Y CIENCIAS POLITICAS,CAUCASIA,DERECHO - CAUCASIA,0.2125,7
CAUCASIA,FACULTAD NACIONAL DE SALUD PUBLICA,CAUCASIA,ADMINISTRACION AMBIENTAL Y SANITARIA- CAUCASIA,0.2125,7
ANDES,INSTITUTO UNIVERSITARIO DE EDUCACION FISICA Y DEPORTES,MEDELLIN,LICENCIATURA EN EDUCACION FISICA - ANDES,0.2125,7
CARMENVI,FACULTAD DE ARTES,LA UNION,LICENCIATURA EN ARTES PLASTICAS - CARMEN DE VIBORAL,0.2124,7
SEGOVIA,FACULTAD DE DERECHO Y CIENCIAS POLITICAS,SEGOVIA,DERECHO SEGOVIA,0.2121,7
APARTADO,FACULTAD DE CIENCIAS ECONOMICAS,CHIGORODO,GESTION EN ECOLOGIA Y TURISMO - APARTADO,0.2119,7
CARMENVI,FACULTAD DE EDUCACION,RIONEGRO,LICENCIATURA EN EDUCACION ESPECIAL - CARMEN DE VIBORAL,0.2118,7
CARMENVI,FACULTAD DE CIENCIAS EXACTAS Y NATURALES,MARINILLA,MATEMATICAS - CARMEN DE VIBORAL,0.2117,7
TURBO,FACULTAD DE COMUNICACIONES Y FILOLOGIA,APARTADO,COMUNICACION SOCIAL - PERIODISMO TURBO,0.2115,7
MEDELLIN,FACULTAD DE CIENCIAS AGRARIAS,ANDES,TECNOLOGIA EN GESTION DE INSUMOS AGROPECUARIOS,0.2114,7
CARMENVI,ESCUELA DE MICROBIOLOGIA,EL SANTUARIO,MICROBIOLOGIA INDUSTRIAL Y AMBIENTAL-CARMEN DE VIBORAL,0.2113,7
CARMENVI,FACULTAD DE CIENCIAS ECONOMICAS,RIONEGRO,GESTION EN ECOLOGIA Y TURISMO - CARMEN DE VIBORAL,0.2112,7
CAUCASIA,FACULTAD DE CIENCIAS FARMACEUTICAS Y ALIMENTARIAS,CAUCASIA,TECNOLOGIA EN REGENCIA DE FARMACIA - CAUCASIA,0.2112,7
CAREPA,INSTITUTO UNIVERSITARIO DE EDUCACION FISICA Y DEPORTES,CHIGORODO,LICENCIATURA EN EDUCACION FISICA - CAREPA,0.2111,7
CAUCASIA,FACULTAD DE CIENCIAS ECONOMICAS,CAUCASIA,ADMINISTRACION DE EMPRESAS - CAUCASIA,0.211,6
SEGOVIA,FACULTAD NACIONAL DE SALUD PUBLICA,SEGOVIA,TECNOLOGIA EN ADMINISTRACION DE SERVICIOS DE SALUD-SEGOVIA,0.2109,6
CAUCASIA,FACULTAD DE CIENCIAS FARMACEUTICAS Y ALIMENTARIAS,CAUCASIA,TECNOLOGIA EN REGENCIA DE FARMACIA - CAUCASIA,0.2109,6
ANDES,FACULTAD DE CIENCIAS ECONOMICAS,ANDES,GESTION EN ECOLOGIA Y TURISMO - ANDES,0.2109,6
STAFEANT,FACULTAD DE CIENCIAS ECONOMICAS,SAN JERONIMO,CONTADURIA PUBLICA- SANTA FE DE ANTIOQUIA,0.2108,6
APARTADO,FACULTAD DE CIENCIAS EXACTAS Y NATURALES,CHIGORODO,MATEMATICAS - APARTADO,0.2106,6
APARTADO,FACULTAD DE ARTES,CAREPA,LICENCIATURA EN ARTES PLASTICAS-APARTADO,0.2104,6
AMALFI,FACULTAD DE EDUCACION,ANORI,PEDAGOGIA EN RURALIDAD Y PAZ- AMALFI,0.2102,6
CARMENVI,FACULTAD DE CIENCIAS ECONOMICAS,RIONEGRO,DESARROLLO TERRITORIAL- CARMEN DE VIBORAL,0.2102,6
CAUCASIA,FACULTAD DE EDUCACION,CAUCASIA,LICENCIATURA EN MATEMATICAS-CAUCASIA,0.2101,6
P-BERRIO,FACULTAD DE EDUCACION,PUERTO BERRIO,LICENCIATURA EN MATEMATICAS - PUERTO BERRIO,0.21,6
CAUCASIA,INSTITUTO UNIVERSITARIO DE EDUCACION FISICA Y DEPORTES,ZARAGOZA,LICENCIATURA EN EDUCACION FISICA - CAUCASIA,0.2099,6
SEGOVIA,FACULTAD NACIONAL DE SALUD PUBLICA,SEGOVIA,ADMINISTRACION AMBIENTAL Y SANITARIA- SEGOVIA,0.2098,6
CAREPA,FACULTAD DE INGENIERIA,APARTADO,INGENIERIA BIOQUIMICA-URABA,0.2097,6
AMALFI,FACULTAD DE EDUCACION,AMALFI,LICENCIATURA EN CIENCIAS NATURALES - AMALFI,0.2097,6
CARMENVI,FACULTAD DE CIENCIAS ECONOMICAS,RIONEGRO,DESARROLLO TERRITORIAL- CARMEN DE VIBORAL,0.2091,6
CAUCASIA,FACULTAD DE CIENCIAS FARMACEUTICAS Y ALIMENTARIAS,NECHI,TECNOLOGIA EN REGENCIA DE FARMACIA - CAUCASIA,0.2089,6
CAUCASIA,FACULTAD NACIONAL DE SALUD PUBLICA,CAUCASIA,ADMINISTRACION AMBIENTAL Y SANITARIA- CAUCASIA,0.2089,6
APARTADO,FACULTAD DE CIENCIAS EXACTAS Y NATURALES,NECOCLI,MATEMATICAS - APARTADO,0.2088,6
CAUCASIA,FACULTAD DE CIENCIAS ECONOMICAS,CAUCASIA,ADMINISTRACION DE EMPRESAS - CAUCASIA,0.2081,6
CAUCASIA,FACULTAD DE CIENCIAS ECONOMICAS,CAUCASIA,ADMINISTRACION DE EMPRESAS - CAUCASIA,0.208,6
CAUCASIA,FACULTAD NACIONAL DE SALUD PUBLICA,EL BAGRE,ADMINISTRACION AMBIENTAL Y SANITARIA- CAUCASIA,0.208,6
CARMENVI,FACULTAD DE EDUCACION,EL PENOL,PEDAGOGIA EN RURALIDAD Y PAZ -CARMEN DE VIBORAL,0.2076,6
CAUCASIA,FACULTAD DE CIENCIAS ECONOMICAS,CACERES,ADMINISTRACION DE EMPRESAS - CAUCASIA,0.2075,6
SEGOVIA,FACULTAD NACIONAL DE SALUD PUBLICA,SEGOVIA,TECNOLOGIA EN ADMINISTRACION DE SERVICIOS DE SALUD-SEGOVIA,0.2075,6
APARTADO,FACULTAD DE INGENIERIA,SAN PEDRO DE URABA,INGENIERIA SANITARIA-APARTADO,0.2074,6
CARMENVI,FACULTAD DE EDUCACION,COCORNA,PEDAGOGIA EN RURALIDAD Y PAZ -CARMEN DE VIBORAL,0.2073,6
CARMENVI,FACULTAD DE EDUCACION,EL CARMEN DE VIBORAL,PEDAGOGIA EN RURALIDAD Y PAZ -CARMEN DE VIBORAL,0.2072,6
CARMENVI,FACULTAD DE CIENCIAS ECONOMICAS,RIONEGRO,GESTION EN ECOLOGIA Y TURISMO - CARMEN DE VIBORAL,0.2071,6
TURBO,FACULTAD DE EDUCACION,CAREPA,LICENCIATURA EN EDUCACION INFANTIL-TURBO,0.2069,6
TURBO,FACULTAD DE EDUCACION,TURBO,LICENCIATURA EN MATEMATICAS-TURBO,0.2067,6
CARMENVI,INSTITUTO DE FILOSOFIA,RIONEGRO,LICENCIATURA EN FILOSOFIA - CARMEN DE VIBORAL,0.2066,6
CAREPA,ESCUELA DE IDIOMAS,CHIGORODO,LICENCIATURA EN LENGUAS EXTRANJERAS CON ENFASIS EN INGLES - CAREPA,0.2062,6
TURBO,FACULTAD DE EDUCACION,CAREPA,PEDAGOGIA EN RURALIDAD Y PAZ - TURBO,0.2062,6
SEGOVIA,FACULTAD DE DERECHO Y CIENCIAS POLITICAS,SEGOVIA,DERECHO SEGOVIA,0.2061,6
MEDELLIN,FACULTAD DE CIENCIAS AGRARIAS,TURBO,TECNOLOGIA EN GESTION DE INSUMOS AGROPECUARIOS,0.206,6
CARMENVI,FACULTAD DE ARTES,BELLO,LICENCIATURA EN ARTES PLASTICAS - CARMEN DE VIBORAL,0.206,6
CARMENVI,FACULTAD DE ARTES,LA CEJA,LICENCIATURA EN ARTES PLASTICAS - CARMEN DE VIBORAL,0.2059,6
ANDES,FACULTAD DE DERECHO Y CIENCIAS POLITICAS,ANDES,DERECHO - ANDES,0.2059,6
CARMENVI,ESCUELA INTERAMERICANA DE BIBLIOTECOLOGIA,LA CEJA,ARCHIVISTICA -CARMEN DE VIBORAL,0.2058,6
CARMENVI,FACULTAD DE EDUCACION,EL CARMEN DE VIBORAL,LICENCIATURA EN MATEMATICAS-CARMEN DE VIBORAL,0.2058,6
CARMENVI,FACULTAD DE CIENCIAS FARMACEUTICAS Y ALIMENTARIAS,LA CEJA,INGENIERIA DE ALIMENTOS - CARMEN DE VIBORAL,0.2057,6
CARMENVI,FACULTAD DE EDUCACION,SAN LUIS,PEDAGOGIA EN RURALIDAD Y PAZ -CARMEN DE VIBORAL,0.2055,6
CARMENVI,INSTITUTO UNIVERSITARIO DE EDUCACION FISICA Y DEPORTES,LA CEJA,LICENCIATURA EN EDUCACION FISICA - CARMEN DE VIBORAL,0.2054,6
CARMENVI,FACULTAD DE CIENCIAS ECONOMICAS,LA UNION,GESTION EN ECOLOGIA Y TURISMO - CARMEN DE VIBORAL,0.205,6
CARMENVI,FACULTAD DE CIENCIAS ECONOMICAS,LA CEJA,DESARROLLO TERRITORIAL- CARMEN DE VIBORAL,0.205,6
TURBO,FACULTAD DE COMUNICACIONES Y FILOLOGIA,TURBO,COMUNICACION SOCIAL - PERIODISMO TURBO,0.2048,6
SEGOVIA,FACULTAD DE DERECHO Y CIENCIAS POLITICAS,REMEDIOS,DERECHO SEGOVIA,0.2048,6
CAUCASIA,FACULTAD DE EDUCACION,ZARAGOZA,LICENCIATURA EN EDUCACION INFANTIL - CAUCASIA,0.2046,6
CARMENVI,FACULTAD DE CIENCIAS EXACTAS Y NATURALES,LA UNION,BIOLOGIA - CARMEN DE VIBORAL,0.204,6
CARMENVI,FACULTAD DE EDUCACION,MEDELLIN,PEDAGOGIA EN RURALIDAD Y PAZ -CARMEN DE VIBORAL,0.2039,6
CARMENVI,FACULTAD DE CIENCIAS ECONOMICAS,RIONEGRO,ADMINISTRACION DE EMPRESAS - CARMEN DE VIBORAL,0.2038,6
YARUMAL,FACULTAD DE EDUCACION,YARUMAL,LICENCIATURA EN CIENCIAS NATURALES- YARUMAL,0.2037,6
CAUCASIA,FACULTAD DE ARTES,CAUCASIA,GESTION CULTURAL - CAUCASIA,0.2036,6
SEGOVIA,INSTITUTO UNIVERSITARIO DE EDUCACION FISICA Y DEPORTES,REMEDIOS,LICENCIATURA EN EDUCACION FISICA - SEGOVIA,0.2036,6
MEDELLIN,FACULTAD DE CIENCIAS AGRARIAS,REMEDIOS,TECNOLOGIA EN GESTION DE INSUMOS AGROPECUARIOS,0.2035,6
TURBO,FACULTAD DE EDUCACION,TURBO,PEDAGOGIA EN RURALIDAD Y PAZ - TURBO,0.2033,6
SEGOVIA,FACULTAD DE DERECHO Y CIENCIAS POLITICAS,TURBO,DERECHO SEGOVIA,0.2031,6
CARMENVI,FACULTAD DE EDUCACION,RIONEGRO,LICENCIATURA EN EDUCACION INFANTIL-CARMEN DE VIBORAL,0.2031,6
TURBO,FACULTAD DE CIENCIAS FARMACEUTICAS Y ALIMENTARIAS,TURBO,TECNOLOGIA EN REGENCIA DE FARMACIA - TURBO,0.2031,6
CAUCASIA,FACULTAD DE CIENCIAS FARMACEUTICAS Y ALIMENTARIAS,EL BAGRE,TECNOLOGIA EN REGENCIA DE FARMACIA - CAUCASIA,0.203,6
CAUCASIA,FACULTAD DE CIENCIAS ECONOMICAS,CAUCASIA,ADMINISTRACION DE EMPRESAS - CAUCASIA,0.203,6
CARMENVI,FACULTAD DE EDUCACION,RIONEGRO,LICENCIATURA EN CIENCIAS SOCIALES-CARMEN DE VIBORAL,0.2029,6
CAUCASIA,INSTITUTO UNIVERSITARIO DE EDUCACION FISICA Y DEPORTES,TARAZA,LICENCIATURA EN EDUCACION FISICA - CAUCASIA,0.2024,6
CARMENVI,FACULTAD DE EDUCACION,SAN CARLOS,PEDAGOGIA EN RURALIDAD Y PAZ -CARMEN DE VIBORAL,0.2024,6
TURBO,FACULTAD DE EDUCACION,TURBO,LICENCIATURA EN MATEMATICAS-TURBO,0.2023,6
CAUCASIA,FACULTAD NACIONAL DE SALUD PUBLICA,CACERES,ADMINISTRACION AMBIENTAL Y SANITARIA- CAUCASIA,0.2022,6
SEGOVIA,FACULTAD DE DERECHO Y CIENCIAS POLITICAS,SEGOVIA,DERECHO SEGOVIA,0.202,6
TURBO,FACULTAD DE EDUCACION,TURBO,LICENCIATURA EN MATEMATICAS-TURBO,0.2016,6
CARMENVI,FACULTAD DE CIENCIAS EXACTAS Y NATURALES,RIONEGRO,BIOLOGIA - CARMEN DE VIBORAL,0.2015,6
CAUCASIA,FACULTAD DE EDUCACION,CACERES,LICENCIATURA EN EDUCACION INFANTIL - CAUCASIA,0.2015,6
CAUCASIA,FACULTAD DE EDUCACION,MONTELIBANO,LICENCIATURA EN EDUCACION INFANTIL - CAUCASIA,0.2015,6
CARMENVI,FACULTAD DE EDUCACION,RETIRO,LICENCIATURA EN EDUCACION INFANTIL-CARMEN DE VIBORAL,0.2014,6
TURBO,FACULTAD DE EDUCACION,TURBO,LICENCIATURA EN FISICA - TURBO,0.2013,6
YARUMAL,FACULTAD DE EDUCACION,YARUMAL,LICENCIATURA EN MATEMATICAS-YARUMAL,0.2011,6
TURBO,FACULTAD DE EDUCACION,TURBO,LICENCIATURA EN MATEMATICAS-TURBO,0.2009,6
CAUCASIA,FACULTAD DE EDUCACION,CACERES,LICENCIATURA EN MATEMATICAS-CAUCASIA,0.2008,6
STAFEANT,FACULTAD DE CIENCIAS ECONOMICAS,SANTAFE DE ANTIOQUIA,CONTADURIA PUBLICA- SANTA FE DE ANTIOQUIA,0.2006,6
SEGOVIA,FACULTAD NACIONAL DE SALUD PUBLICA,SEGOVIA,ADMINISTRACION AMBIENTAL Y SANITARIA- SEGOVIA,0.2006,6
APARTADO,FACULTAD DE CIENCIAS ECONOMICAS,SAN JUAN DE URABA,GESTION EN ECOLOGIA Y TURISMO - APARTADO,0.2006,6
SEGOVIA,FACULTAD NACIONAL DE SALUD PUBLICA,SEGOVIA,ADMINISTRACION AMBIENTAL Y SANITARIA- SEGOVIA,0.2005,6
CAREPA,ESCUELA DE IDIOMAS,CAREPA,LICENCIATURA EN LENGUAS EXTRANJERAS CON ENFASIS EN INGLES - CAREPA,0.2005,6
TURBO,FACULTAD DE EDUCACION,TURBO,LICENCIATURA EN MATEMATICAS-TURBO,0.2004,6
SEGOVIA,FACULTAD DE DERECHO Y CIENCIAS POLITICAS,SEGOVIA,DERECHO SEGOVIA,0.2001,6
STAFEANT,FACULTAD DE CIENCIAS ECONOMICAS,SOPETRAN,CONTADURIA PUBLICA- SANTA FE DE ANTIOQUIA,0.2,6
CARMENVI,FACULTAD DE CIENCIAS ECONOMICAS,LA CEJA,DESARROLLO TERRITORIAL- CARMEN DE VIBORAL,0.1996,6
CARMENVI,FACULTAD DE EDUCACION,NARINO,PEDAGOGIA EN RURALIDAD Y PAZ -CARMEN DE VIBORAL,0.1991,6
CARMENVI,FACULTAD DE CIENCIAS AGRARIAS,EL CARMEN DE VIBORAL,INGENIERIA AGROPECUARIA - CARMEN DE VIBORAL,0.199,6
CAUCASIA,INSTITUTO UNIVERSITARIO DE EDUCACION FISICA Y DEPORTES,TARAZA,LICENCIATURA EN EDUCACION FISICA - CAUCASIA,0.1989,6
CAUCASIA,INSTITUTO UNIVERSITARIO DE EDUCACION FISICA Y DEPORTES,CAUCASIA,LICENCIATURA EN EDUCACION FISICA - CAUCASIA,0.1989,6
STAFEANT,FACULTAD DE EDUCACION,SAN JERONIMO,LICENCIATURA EN CIENCIAS NATURALES - SANTA FE DE ANTIOQUIA,0.1989,6
TURBO,FACULTAD DE EDUCACION,NECOCLI,LICENCIATURA EN FISICA - TURBO,0.1986,6
CARMENVI,FACULTAD DE EDUCACION,ENVIGADO,PEDAGOGIA EN RURALIDAD Y PAZ -CARMEN DE VIBORAL,0.1985,6
APARTADO,FACULTAD DE COMUNICACIONES Y FILOLOGIA,MEDELLIN,COMUNICACION SOCIAL - PERIODISMO APARTADO,0.1985,6
ANDES,FACULTAD DE CIENCIAS AGRARIAS,ANDES,INGENIERIA AGROPECUARIA - ANDES,0.1983,6
SEGOVIA,INSTITUTO UNIVERSITARIO DE EDUCACION FISICA Y DEPORTES,SEGOVIA,LICENCIATURA EN EDUCACION FISICA - SEGOVIA,0.1983,6
CAREPA,FACULTAD DE DERECHO Y CIENCIAS POLITICAS,COPACABANA,DERECHO - CAREPA,0.1982,6
CAUCASIA,INSTITUTO UNIVERSITARIO DE EDUCACION FISICA Y DEPORTES,CAUCASIA,LICENCIATURA EN EDUCACION FISICA - CAUCASIA,0.1981,6
STAFEANT,FACULTAD DE CIENCIAS FARMACEUTICAS Y ALIMENTARIAS,SANTAFE DE ANTIOQUIA,TECNOLOGIA EN REGENCIA DE FARMACIA - SANTA FE DE ANTIOQUIA,0.1976,6
SEGOVIA,INSTITUTO UNIVERSITARIO DE EDUCACION FISICA Y DEPORTES,REMEDIOS,LICENCIATURA EN EDUCACION FISICA - SEGOVIA,0.1976,6
CAUCASIA,FACULTAD DE CIENCIAS ECONOMICAS,CAUCASIA,ADMINISTRACION DE EMPRESAS - CAUCASIA,0.1976,6
SEGOVIA,FACULTAD NACIONAL DE SALUD PUBLICA,SEGOVIA,TECNOLOGIA EN ADMINISTRACION DE SERVICIOS DE SALUD-SEGOVIA,0.1976,6
CAUCASIA,FACULTAD DE EDUCACION,CAUCASIA,LICENCIATURA EN EDUCACION INFANTIL - CAUCASIA,0.1973,6
CAUCASIA,FACULTAD DE CIENCIAS FARMACEUTICAS Y ALIMENTARIAS,LA APARTADA,TECNOLOGIA EN REGENCIA DE FARMACIA - CAUCASIA,0.197,6
CAUCASIA,FACULTAD DE CIENCIAS FARMACEUTICAS Y ALIMENTARIAS,CACERES,TECNOLOGIA EN REGENCIA DE FARMACIA - CAUCASIA,0.1963,6
CARMENVI,ESCUELA DE IDIOMAS,MEDELLIN,LICENCIATURA EN LENGUAS EXTRANJERAS CON ENFASIS EN INGLES- CARMEN DE VIBORAL,0.1962,6
ANDES,FACULTAD DE CIENCIAS AGRARIAS,ANDES,INGENIERIA AGROPECUARIA - ANDES,0.1961,6
CARMENVI,FACULTAD DE EDUCACION,RIONEGRO,LICENCIATURA EN EDUCACION ESPECIAL - CARMEN DE VIBORAL,0.1959,6
CAUCASIA,INSTITUTO UNIVERSITARIO DE EDUCACION FISICA Y DEPORTES,EL BAGRE,LICENCIATURA EN EDUCACION FISICA - CAUCASIA,0.1953,6
CAREPA,ESCUELA DE IDIOMAS,TURBO,LICENCIATURA EN LENGUAS EXTRANJERAS CON ENFASIS EN INGLES - CAREPA,0.1953,6
CARMENVI,FACULTAD DE CIENCIAS ECONOMICAS,RIONEGRO,GESTION EN ECOLOGIA Y TURISMO - CARMEN DE VIBORAL,0.1953,6
TURBO,FACULTAD DE CIENCIAS EXACTAS Y NATURALES,TURBO,ECOLOGIA DE ZONAS COSTERAS - TURBO,0.1948,6
CARMENVI,FACULTAD DE CIENCIAS ECONOMICAS,RIONEGRO,GESTION EN ECOLOGIA Y TURISMO - CARMEN DE VIBORAL,0.1946,6
ANDES,FACULTAD DE CIENCIAS AGRARIAS,HISPANIA,INGENIERIA AGROPECUARIA - ANDES,0.1946,6
CAUCASIA,FACULTAD NACIONAL DE SALUD PUBLICA,NECHI,ADMINISTRACION AMBIENTAL Y SANITARIA- CAUCASIA,0.1946,6
CAUCASIA,FACULTAD DE CIENCIAS ECONOMICAS,CAUCASIA,ADMINISTRACION DE EMPRESAS - CAUCASIA,0.1943,6
CAUCASIA,FACULTAD DE CIENCIAS ECONOMICAS,CAUCASIA,CONTADURIA PUBLICA- CAUCASIA,0.1942,6
ANDES,FACULTAD DE CIENCIAS EXACTAS Y NATURALES,ANDES,BIOLOGIA - ANDES,0.1939,6
TURBO,FACULTAD DE EDUCACION,CAREPA,LICENCIATURA EN EDUCACION INFANTIL-TURBO,0.1938,6
AMALFI,FACULTAD DE CIENCIAS ECONOMICAS,AMALFI,GESTION EN ECOLOGIA Y TURISMO - AMALFI,0.1937,6
TURBO,FACULTAD DE CIENCIAS FARMACEUTICAS Y ALIMENTARIAS,CAREPA,TECNOLOGIA EN REGENCIA DE FARMACIA - TURBO,0.1934,6
CARMENVI,INSTITUTO UNIVERSITARIO DE EDUCACION FISICA Y DEPORTES,RIONEGRO,LICENCIATURA EN EDUCACION FISICA - CARMEN DE VIBORAL,0.1933,6
AMALFI,FACULTAD DE CIENCIAS ECONOMICAS,MEDELLIN,GESTION EN ECOLOGIA Y TURISMO - AMALFI,0.193,6
SEGOVIA,FACULTAD DE DERECHO Y CIENCIAS POLITICAS,SEGOVIA,DERECHO SEGOVIA,0.1926,6
TURBO,FACULTAD DE EDUCACION,RIOSUCIO,PEDAGOGIA EN RURALIDAD Y PAZ - TURBO,0.1926,6
ANDES,FACULTAD DE DERECHO Y CIENCIAS POLITICAS,SILVIA,DERECHO - ANDES,0.1926,6
CARMENVI,FACULTAD DE EDUCACION,GRANADA,PEDAGOGIA EN RURALIDAD Y PAZ -CARMEN DE VIBORAL,0.1924,6
ANDES,ESCUELA DE MICROBIOLOGIA,JARDIN,MICROBIOLOGIA INDUSTRIAL Y AMBIENTAL-ANDES,0.192,6
CAUCASIA,FACULTAD DE DERECHO Y CIENCIAS POLITICAS,CAUCASIA,DERECHO - CAUCASIA,0.1919,6
TURBO,FACULTAD DE CIENCIAS FARMACEUTICAS Y ALIMENTARIAS,APARTADO,TECNOLOGIA EN REGENCIA DE FARMACIA - TURBO,0.1919,6
SEGOVIA,FACULTAD DE DERECHO Y CIENCIAS POLITICAS,SEGOVIA,DERECHO SEGOVIA,0.1916,6
CAUCASIA,FACULTAD DE CIENCIAS FARMACEUTICAS Y ALIMENTARIAS,CAUCASIA,TECNOLOGIA EN REGENCIA DE FARMACIA - CAUCASIA,0.1916,6
CAUCASIA,FACULTAD DE DERECHO Y CIENCIAS POLITICAS,LA APARTADA,DERECHO - CAUCASIA,0.1916,6
CAUCASIA,FACULTAD DE CIENCIAS FARMACEUTICAS Y ALIMENTARIAS,ZARAGOZA,TECNOLOGIA EN REGENCIA DE FARMACIA - CAUCASIA,0.1915,6
CARMENVI,FACULTAD DE CIENCIAS FARMACEUTICAS Y ALIMENTARIAS,MEDELLIN,CIENCIAS CULINARIAS - CARMEN DE VIBORAL,0.1915,6
CAUCASIA,FACULTAD DE EDUCACION,EL BAGRE,LICENCIATURA EN MATEMATICAS-CAUCASIA,0.1914,6
APARTADO,FACULTAD DE COMUNICACIONES Y FILOLOGIA,CAREPA,COMUNICACION SOCIAL - PERIODISMO APARTADO,0.191,6
APARTADO,FACULTAD DE INGENIERIA,APARTADO,INGENIERIA CIVIL-APARTADO,0.1908,6
APARTADO,FACULTAD DE EDUCACION,APARTADO,LICENCIATURA EN EDUCACION ESPECIAL - APARTADO,0.1906,6
CAUCASIA,INSTITUTO UNIVERSITARIO DE EDUCACION FISICA Y DEPORTES,CAUCASIA,LICENCIATURA EN EDUCACION FISICA - CAUCASIA,0.1906,6
TURBO,FACULTAD DE EDUCACION,APARTADO,LICENCIATURA EN EDUCACION INFANTIL-TURBO,0.1906,6
TURBO,FACULTAD DE CIENCIAS FARMACEUTICAS Y ALIMENTARIAS,TURBO,TECNOLOGIA EN REGENCIA DE FARMACIA - TURBO,0.1902,6
TURBO,FACULTAD DE EDUCACION,TURBO,LICENCIATURA EN CIENCIAS NATURALES-TURBO,0.1902,6
CAREPA,FACULTAD DE CIENCIAS EXACTAS Y NATURALES,CAREPA,BIOLOGIA- CAREPA,0.1899,6
CARMENVI,FACULTAD DE EDUCACION,GUARNE,LICENCIATURA EN LITERATURA Y LENGUA CASTELLANA-CV,0.1899,6
ANDES,FACULTAD NACIONAL DE SALUD PUBLICA,ANDES,ADMINISTRACION AMBIENTAL Y SANITARIA- ANDES,0.1897,6
TURBO,FACULTAD DE CIENCIAS ECONOMICAS,TURBO,DESARROLLO TERRITORIAL- TURBO,0.1894,6
CARMENVI,FACULTAD DE CIENCIAS FARMACEUTICAS Y ALIMENTARIAS,RIONEGRO,CIENCIAS CULINARIAS - CARMEN DE VIBORAL,0.1893,6
TURBO,FACULTAD DE EDUCACION,APARTADO,PEDAGOGIA EN RURALIDAD Y PAZ - TURBO,0.1893,6
CAUCASIA,INSTITUTO UNIVERSITARIO DE EDUCACION FISICA Y DEPORTES,CAUCASIA,LICENCIATURA EN EDUCACION FISICA - CAUCASIA,0.1893,6
TURBO,FACULTAD DE EDUCACION,APARTADO,LICENCIATURA EN MATEMATICAS-TURBO,0.189,6
CARMENVI,FACULTAD DE EDUCACION,EL CARMEN DE VIBORAL,PEDAGOGIA EN RURALIDAD Y PAZ -CARMEN DE VIBORAL,0.1887,6
CARMENVI,FACULTAD DE CIENCIAS ECONOMICAS,MEDELLIN,GESTION EN ECOLOGIA Y TURISMO - CARMEN DE VIBORAL,0.1884,6
ANDES,FACULTAD DE CIENCIAS ECONOMICAS,ANDES,GESTION EN ECOLOGIA Y TURISMO - ANDES,0.1882,6
TURBO,FACULTAD DE COMUNICACIONES Y FILOLOGIA,APARTADO,COMUNICACION SOCIAL - PERIODISMO TURBO,0.188,6
CARMENVI,FACULTAD DE CIENCIAS FARMACEUTICAS Y ALIMENTARIAS,RIONEGRO,INGENIERIA DE ALIMENTOS - CARMEN DE VIBORAL,0.188,6
CARMENVI,ESCUELA DE IDIOMAS,EL CARMEN DE VIBORAL,LICENCIATURA EN LENGUAS EXTRANJERAS CON ENFASIS EN INGLES- CARMEN DE VIBORAL,0.1876,6
CAREPA,ESCUELA DE IDIOMAS,APARTADO,LICENCIATURA EN LENGUAS EXTRANJERAS CON ENFASIS EN INGLES - CAREPA,0.1876,6
STAFEANT,FACULTAD DE CIENCIAS ECONOMICAS,SANTAFE DE ANTIOQUIA,CONTADURIA PUBLICA- SANTA FE DE ANTIOQUIA,0.1875,6
AMALFI,FACULTAD DE EDUCACION,ANORI,PEDAGOGIA EN RURALIDAD Y PAZ- AMALFI,0.1874,6
TURBO,FACULTAD DE EDUCACION,TURBO,LICENCIATURA EN MATEMATICAS-TURBO,0.1874,6
APARTADO,FACULTAD DE CIENCIAS EXACTAS Y NATURALES,APARTADO,MATEMATICAS - APARTADO,0.1874,6
SEGOVIA,INSTITUTO UNIVERSITARIO DE EDUCACION FISICA Y DEPORTES,SEGOVIA,LICENCIATURA EN EDUCACION FISICA - SEGOVIA,0.1873,6
CAREPA,INSTITUTO UNIVERSITARIO DE EDUCACION FISICA Y DEPORTES,ARBOLETES,LICENCIATURA EN EDUCACION FISICA - CAREPA,0.1872,6
CARMENVI,FACULTAD DE CIENCIAS FARMACEUTICAS Y ALIMENTARIAS,CAJIBIO,CIENCIAS CULINARIAS - CARMEN DE VIBORAL,0.1871,6
CAUCASIA,FACULTAD DE DERECHO Y CIENCIAS POLITICAS,CAUCASIA,DERECHO - CAUCASIA,0.1869,6
CARMENVI,FACULTAD DE ARTES,RETIRO,LICENCIATURA EN ARTES PLASTICAS - CARMEN DE VIBORAL,0.1868,6
TURBO,FACULTAD DE EDUCACION,TURBO,LICENCIATURA EN FISICA - TURBO,0.1866,6
CAUCASIA,FACULTAD DE CIENCIAS SOCIALES Y HUMANAS,CACERES,TRABAJO SOCIAL - CAUCASIA,0.1864,6
CARMENVI,ESCUELA DE IDIOMAS,LA CEJA,LICENCIATURA EN LENGUAS EXTRANJERAS CON ENFASIS EN INGLES- CARMEN DE VIBORAL,0.1864,6
CARMENVI,FACULTAD DE CIENCIAS FARMACEUTICAS Y ALIMENTARIAS,MARINILLA,CIENCIAS CULINARIAS - CARMEN DE VIBORAL,0.1863,6
CARMENVI,FACULTAD DE EDUCACION,GUARNE,LICENCIATURA EN MATEMATICAS-CARMEN DE VIBORAL,0.1862,6
CARMENVI,FACULTAD DE ARTES,MARINILLA,ARTE DRAMATICO- CARMEN DE VIBORAL,0.1862,6
APARTADO,FACULTAD DE EDUCACION,TURBO,LICENCIATURA EN EDUCACION ESPECIAL - APARTADO,0.186,6
CARMENVI,FACULTAD DE ARTES,LA UNION,LICENCIATURA EN ARTES PLASTICAS - CARMEN DE VIBORAL,0.1859,6
CARMENVI,FACULTAD DE EDUCACION,EL CARMEN DE VIBORAL,LICENCIATURA EN LITERATURA Y LENGUA CASTELLANA-CV,0.1859,6
TURBO,FACULTAD DE CIENCIAS ECONOMICAS,NECOCLI,DESARROLLO TERRITORIAL- TURBO,0.1859,6
P-BERRIO,INSTITUTO UNIVERSITARIO DE EDUCACION FISICA Y DEPORTES,PUERTO BERRIO,LICENCIATURA EN EDUCACION FISICA - PUERTO BERRIO,0.1857,6
CAUCASIA,FACULTAD DE DERECHO Y CIENCIAS POLITICAS,CACERES,DERECHO - CAUCASIA,0.1854,6
TURBO,FACULTAD DE EDUCACION,NECOCLI,LICENCIATURA EN FISICA - TURBO,0.1851,6
APARTADO,FACULTAD DE EDUCACION,TURBO,LICENCIATURA EN EDUCACION ESPECIAL - APARTADO,0.1851,6
CAUCASIA,FACULTAD DE CIENCIAS FARMACEUTICAS Y ALIMENTARIAS,CACERES,TECNOLOGIA EN REGENCIA DE FARMACIA - CAUCASIA,0.1851,6
CARMENVI,FACULTAD DE CIENCIAS FARMACEUTICAS Y ALIMENTARIAS,MARINILLA,INGENIERIA DE ALIMENTOS - CARMEN DE VIBORAL,0.185,6
CARMENVI,FACULTAD DE MEDICINA,EL CARMEN DE VIBORAL,TECNOLOGIA EN ATENCION PREHOSPITALARIA- CARMEN DE VIBORAL,0.1849,6
SEGOVIA,INSTITUTO UNIVERSITARIO DE EDUCACION FISICA Y DEPORTES,YOLOMBO,LICENCIATURA EN EDUCACION FISICA - SEGOVIA,0.1849,6
P-BERRIO,FACULTAD DE EDUCACION,PUERTO BERRIO,LICENCIATURA EN MATEMATICAS - PUERTO BERRIO,0.1845,6
CAUCASIA,FACULTAD DE CIENCIAS FARMACEUTICAS Y ALIMENTARIAS,CAUCASIA,TECNOLOGIA EN REGENCIA DE FARMACIA - CAUCASIA,0.1845,6
CAUCASIA,FACULTAD NACIONAL DE SALUD PUBLICA,CAUCASIA,ADMINISTRACION EN SALUD-CAUCASIA,0.1844,6
APARTADO,FACULTAD DE EDUCACION,TURBO,LICENCIATURA EN EDUCACION ESPECIAL - APARTADO,0.1844,6
APARTADO,FACULTAD DE COMUNICACIONES Y FILOLOGIA,NECOCLI,COMUNICACION SOCIAL - PERIODISMO APARTADO,0.1843,6
ANDES,FACULTAD DE DERECHO Y CIENCIAS POLITICAS,ANDES,DERECHO - ANDES,0.1843,6
TURBO,FACULTAD DE EDUCACION,CHIGORODO,LICENCIATURA EN CIENCIAS NATURALES-TURBO,0.1842,6
CAUCASIA,FACULTAD NACIONAL DE SALUD PUBLICA,CAUCASIA,ADMINISTRACION EN SALUD-CAUCASIA,0.1842,6
MEDELLIN,FACULTAD DE CIENCIAS AGRARIAS,YARUMAL,TECNOLOGIA EN GESTION DE INSUMOS AGROPECUARIOS,0.184,6
CARMENVI,FACULTAD DE CIENCIAS EXACTAS Y NATURALES,EL CARMEN DE VIBORAL,BIOLOGIA - CARMEN DE VIBORAL,0.1839,6
CARMENVI,FACULTAD DE CIENCIAS EXACTAS Y NATURALES,RIONEGRO,BIOLOGIA - CARMEN DE VIBORAL,0.1836,6
CARMENVI,FACULTAD DE MEDICINA,RIONEGRO,TECNOLOGIA EN ATENCION PREHOSPITALARIA- CARMEN DE VIBORAL,0.1835,6
STAFEANT,FACULTAD DE EDUCACION,GIRALDO,LICENCIATURA EN CIENCIAS NATURALES - SANTA FE DE ANTIOQUIA,0.1835,6
CAUCASIA,FACULTAD DE EDUCACION,CAUCASIA,LICENCIATURA EN EDUCACION INFANTIL - CAUCASIA,0.1834,6
TURBO,FACULTAD DE COMUNICACIONES Y FILOLOGIA,TURBO,COMUNICACION SOCIAL - PERIODISMO TURBO,0.1834,6
P-BERRIO,FACULTAD DE CIENCIAS SOCIALES Y HUMANAS,PUERTO BERRIO,PSICOLOGIA - PUERTO BERRIO,0.1832,6
CARMENVI,FACULTAD DE ARTES,EL SANTUARIO,LICENCIATURA EN ARTES ESCENICAS- CARMEN DE VIBORAL,0.1831,6
TURBO,FACULTAD DE CIENCIAS FARMACEUTICAS Y ALIMENTARIAS,SAN PEDRO DE URABA,TECNOLOGIA EN REGENCIA DE FARMACIA - TURBO,0.1828,6
SONSON,FACULTAD NACIONAL DE SALUD PUBLICA,SONSON,ADMINISTRACION EN SALUD - SONSON,0.1828,6
CARMENVI,FACULTAD DE ARTES,EL CARMEN DE VIBORAL,LICENCIATURA EN MUSICA-CARMEN DE VIBORAL,0.1828,6
CARMENVI,FACULTAD DE CIENCIAS FARMACEUTICAS Y ALIMENTARIAS,RIONEGRO,CIENCIAS CULINARIAS - CARMEN DE VIBORAL,0.1826,6
SONSON,FACULTAD NACIONAL DE SALUD PUBLICA,SONSON,ADMINISTRACION EN SALUD - SONSON,0.1824,6
CAUCASIA,FACULTAD DE CIENCIAS FARMACEUTICAS Y ALIMENTARIAS,EL BAGRE,TECNOLOGIA EN REGENCIA DE FARMACIA - CAUCASIA,0.1823,6
CARMENVI,FACULTAD DE EDUCACION,LA CEJA,LICENCIATURA EN CIENCIAS NATURALES-CARMEN DE VIBORAL,0.1822,6
P-BERRIO,FACULTAD DE DERECHO Y CIENCIAS POLITICAS,PUERTO BERRIO,DERECHO - PUERTO BERRIO,0.1821,6
TURBO,FACULTAD DE CIENCIAS EXACTAS Y NATURALES,BELLO,ECOLOGIA DE ZONAS COSTERAS - TURBO,0.1821,6
CAUCASIA,FACULTAD DE DERECHO Y CIENCIAS POLITICAS,CAUCASIA,DERECHO - CAUCASIA,0.1818,6
SONSON,INSTITUTO UNIVERSITARIO DE EDUCACION FISICA Y DEPORTES,SONSON,LICENCIATURA EN EDUCACION FISICA - SONSON,0.1818,6
CARMENVI,FACULTAD DE ARTES,EL CARMEN DE VIBORAL,LICENCIATURA EN MUSICA-CARMEN DE VIBORAL,0.1818,6
TURBO,FACULTAD DE CIENCIAS ECONOMICAS,CAREPA,DESARROLLO TERRITORIAL- TURBO,0.1818,6
CAUCASIA,FACULTAD NACIONAL DE SALUD PUBLICA,NECHI,ADMINISTRACION AMBIENTAL Y SANITARIA- CAUCASIA,0.1817,6
YARUMAL,FACULTAD DE EDUCACION,MEDELLIN,LICENCIATURA EN CIENCIAS NATURALES- YARUMAL,0.1817,6
CAREPA,FACULTAD DE CIENCIAS AGRARIAS,CHIGORODO,INGENIERIA AGROPECUARIA-CAREPA,0.1817,6
SONSON,FACULTAD NACIONAL DE SALUD PUBLICA,MEDELLIN,ADMINISTRACION EN SALUD - SONSON,0.1816,6
CAUCASIA,FACULTAD DE CIENCIAS ECONOMICAS,CAUCASIA,CONTADURIA PUBLICA- CAUCASIA,0.1816,6
CARMENVI,FACULTAD DE EDUCACION,MEDELLIN,LICENCIATURA EN CIENCIAS SOCIALES-CARMEN DE VIBORAL,0.1815,6
ANDES,FACULTAD DE EDUCACION,ANDES,LICENCIATURA EN EDUCACION ESPECIAL - ANDES,0.1814,6
TURBO,FACULTAD DE EDUCACION,TURBO,LICENCIATURA EN MATEMATICAS-TURBO,0.1814,6
CARMENVI,FACULTAD DE CIENCIAS FARMACEUTICAS Y ALIMENTARIAS,GUARNE,CIENCIAS CULINARIAS - CARMEN DE VIBORAL,0.1812,6
TURBO,FACULTAD DE EDUCACION,SAN PEDRO DE URABA,LICENCIATURA EN CIENCIAS NATURALES-TURBO,0.1811,6
CARMENVI,FACULTAD DE MEDICINA,SAN VICENTE,TECNOLOGIA EN ATENCION PREHOSPITALARIA- CARMEN DE VIBORAL,0.1809,6
CAUCASIA,FACULTAD DE EDUCACION,MONTELIBANO,LICENCIATURA EN MATEMATICAS-CAUCASIA,0.1809,6
APARTADO,FACULTAD DE CIENCIAS ECONOMICAS,APARTADO,CONTADURIA PUBLICA- URABA (APARTADO),0.1808,6
ANDES,FACULTAD DE CIENCIAS ECONOMICAS,SALGAR,GESTION EN ECOLOGIA Y TURISMO - ANDES,0.1807,6
CARMENVI,FACULTAD DE CIENCIAS FARMACEUTICAS Y ALIMENTARIAS,RETIRO,INGENIERIA DE ALIMENTOS - CARMEN DE VIBORAL,0.1806,6
AMALFI,FACULTAD DE CIENCIAS ECONOMICAS,AMALFI,GESTION EN ECOLOGIA Y TURISMO - AMALFI,0.1804,6
TURBO,FACULTAD DE CIENCIAS ECONOMICAS,TURBO,DESARROLLO TERRITORIAL- TURBO,0.1804,6
TURBO,FACULTAD DE EDUCACION,APARTADO,PEDAGOGIA EN RURALIDAD Y PAZ - TURBO,0.1803,6
AMALFI,FACULTAD DE CIENCIAS ECONOMICAS,AMALFI,GESTION EN ECOLOGIA Y TURISMO - AMALFI,0.1802,6
CAUCASIA,FACULTAD DE CIENCIAS ECONOMICAS,AYAPEL,ADMINISTRACION DE EMPRESAS - CAUCASIA,0.18,6
P-BERRIO,FACULTAD DE CIENCIAS FARMACEUTICAS Y ALIMENTARIAS,PUERTO BERRIO,TECNOLOGIA EN REGENCIA DE FARMACIA - PUERTO BERRIO,0.1799,6
ANDES,FACULTAD DE CIENCIAS AGRARIAS,CIUDAD BOLIVAR,INGENIERIA AGROPECUARIA - ANDES,0.1798,6
CAUCASIA,FACULTAD DE DERECHO Y CIENCIAS POLITICAS,CAUCASIA,DERECHO - CAUCASIA,0.1796,6
ANDES,FACULTAD DE DERECHO Y CIENCIAS POLITICAS,SIBUNDOY,DERECHO - ANDES,0.1795,6
CAUCASIA,FACULTAD DE DERECHO Y CIENCIAS POLITICAS,CAUCASIA,DERECHO - CAUCASIA,0.1795,6
CARMENVI,ESCUELA DE IDIOMAS,MARINILLA,LICENCIATURA EN LENGUAS EXTRANJERAS CON ENFASIS EN INGLES- CARMEN DE VIBORAL,0.1793,6
STAFEANT,INSTITUTO UNIVERSITARIO DE EDUCACION FISICA Y DEPORTES,BETULIA,LICENCIATURA EN EDUCACION FISICA - SANTA FE DE ANTIOQUIA,0.1792,6
P-BERRIO,INSTITUTO UNIVERSITARIO DE EDUCACION FISICA Y DEPORTES,PUERTO BERRIO,LICENCIATURA EN EDUCACION FISICA - PUERTO BERRIO,0.1791,6
STAFEANT,FACULTAD NACIONAL DE SALUD PUBLICA,MEDELLIN,ADMINISTRACION EN SALUD - SANTA FE,0.179,6
SEGOVIA,FACULTAD DE DERECHO Y CIENCIAS POLITICAS,SEGOVIA,DERECHO SEGOVIA,0.1789,6
CAUCASIA,FACULTAD DE CIENCIAS ECONOMICAS,CAUCASIA,ADMINISTRACION DE EMPRESAS - CAUCASIA,0.1787,6
TURBO,FACULTAD DE EDUCACION,APARTADO,PEDAGOGIA EN RURALIDAD Y PAZ - TURBO,0.1786,6
CARMENVI,ESCUELA DE IDIOMAS,GUARNE,LICENCIATURA EN LENGUAS EXTRANJERAS CON ENFASIS EN INGLES- CARMEN DE VIBORAL,0.1786,6
CAUCASIA,FACULTAD NACIONAL DE SALUD PUBLICA,CAUCASIA,ADMINISTRACION AMBIENTAL Y SANITARIA- CAUCASIA,0.1785,6
CAUCASIA,FACULTAD DE DERECHO Y CIENCIAS POLITICAS,CAUCASIA,DERECHO - CAUCASIA,0.1785,6
SEGOVIA,FACULTAD DE DERECHO Y CIENCIAS POLITICAS,SEGOVIA,DERECHO SEGOVIA,0.1784,6
CARMENVI,FACULTAD DE EDUCACION,RETIRO,LICENCIATURA EN EDUCACION INFANTIL-CARMEN DE VIBORAL,0.1781,6
CARMENVI,FACULTAD DE ARTES,RIONEGRO,LICENCIATURA EN MUSICA-CARMEN DE VIBORAL,0.1778,6
TURBO,FACULTAD DE EDUCACION,NECOCLI,LICENCIATURA EN CIENCIAS NATURALES-TURBO,0.1771,6
CARMENVI,FACULTAD DE CIENCIAS ECONOMICAS,EL CARMEN DE VIBORAL,CONTADURIA PUBLICA - CARMEN DE VIBORAL,0.177,6
TURBO,FACULTAD DE CIENCIAS ECONOMICAS,APARTADO,ADMINISTRACION DE EMPRESAS - TURBO,0.1768,6
ANDES,INSTITUTO UNIVERSITARIO DE EDUCACION FISICA Y DEPORTES,JARDIN,ENTRENAMIENTO DEPORTIVO - ANDES,0.1768,6
ANDES,INSTITUTO UNIVERSITARIO DE EDUCACION FISICA Y DEPORTES,ANDES,ENTRENAMIENTO DEPORTIVO - ANDES,0.1766,6
SEGOVIA,INSTITUTO UNIVERSITARIO DE EDUCACION FISICA Y DEPORTES,SEGOVIA,LICENCIATURA EN EDUCACION FISICA - SEGOVIA,0.1762,6
STAFEANT,FACULTAD DE CIENCIAS ECONOMICAS,SANTAFE DE ANTIOQUIA,CONTADURIA PUBLICA- SANTA FE DE ANTIOQUIA,0.1761,6
CAUCASIA,INSTITUTO UNIVERSITARIO DE EDUCACION FISICA Y DEPORTES,CAUCASIA,LICENCIATURA EN EDUCACION FISICA - CAUCASIA,0.1761,6
CARMENVI,FACULTAD DE CIENCIAS ECONOMICAS,RIONEGRO,DESARROLLO TERRITORIAL- CARMEN DE VIBORAL,0.1761,6
CAUCASIA,FACULTAD NACIONAL DE SALUD PUBLICA,TARAZA,ADMINISTRACION EN SALUD-CAUCASIA,0.1758,6
SEGOVIA,INSTITUTO UNIVERSITARIO DE EDUCACION FISICA Y DEPORTES,SEGOVIA,LICENCIATURA EN EDUCACION FISICA - SEGOVIA,0.1757,6
CARMENVI,INSTITUTO UNIVERSITARIO DE EDUCACION FISICA Y DEPORTES,RIONEGRO,LICENCIATURA EN EDUCACION FISICA - CARMEN DE VIBORAL,0.1756,6
CARMENVI,FACULTAD DE EDUCACION,EL CARMEN DE VIBORAL,LICENCIATURA EN LITERATURA Y LENGUA CASTELLANA-CV,0.1754,6
CAUCASIA,FACULTAD DE EDUCACION,CACERES,LICENCIATURA EN EDUCACION INFANTIL - CAUCASIA,0.1753,6
ANDES,FACULTAD NACIONAL DE SALUD PUBLICA,HISPANIA,ADMINISTRACION AMBIENTAL Y SANITARIA- ANDES,0.1752,6
P-BERRIO,FACULTAD DE DERECHO Y CIENCIAS POLITICAS,PUERTO BERRIO,DERECHO - PUERTO BERRIO,0.1752,6
CAUCASIA,FACULTAD DE CIENCIAS ECONOMICAS,ZARAGOZA,ADMINISTRACION DE EMPRESAS - CAUCASIA,0.1748,6
CAREPA,FACULTAD DE CIENCIAS AGRARIAS,CHIGORODO,INGENIERIA AGROPECUARIA-CAREPA,0.1748,6
P-BERRIO,INSTITUTO UNIVERSITARIO DE EDUCACION FISICA Y DEPORTES,PUERTO BERRIO,LICENCIATURA EN EDUCACION FISICA - PUERTO BERRIO,0.1748,6
AMALFI,FACULTAD DE EDUCACION,AMALFI,PEDAGOGIA EN RURALIDAD Y PAZ- AMALFI,0.1747,6
ANDES,FACULTAD DE DERECHO Y CIENCIAS POLITICAS,JARDIN,DERECHO - ANDES,0.1746,6
SEGOVIA,FACULTAD DE DERECHO Y CIENCIAS POLITICAS,SEGOVIA,DERECHO SEGOVIA,0.1746,6
AMALFI,FACULTAD DE CIENCIAS ECONOMICAS,AMALFI,GESTION EN ECOLOGIA Y TURISMO - AMALFI,0.1745,6
TURBO,FACULTAD DE EDUCACION,BELLO,PEDAGOGIA EN RURALIDAD Y PAZ - TURBO,0.1745,6
CARMENVI,FACULTAD DE CIENCIAS ECONOMICAS,LA CEJA,DESARROLLO TERRITORIAL- CARMEN DE VIBORAL,0.1745,6
ANDES,FACULTAD DE CIENCIAS EXACTAS Y NATURALES,ANDES,BIOLOGIA - ANDES,0.1743,6
APARTADO,FACULTAD DE EDUCACION,TURBO,LICENCIATURA EN EDUCACION ESPECIAL - APARTADO,0.1742,6
CARMENVI,FACULTAD DE EDUCACION,LA CEJA,LICENCIATURA EN CIENCIAS NATURALES-CARMEN DE VIBORAL,0.1739,6
AMALFI,FACULTAD DE EDUCACION,YOLOMBO,PEDAGOGIA EN RURALIDAD Y PAZ- AMALFI,0.1739,6
CARMENVI,FACULTAD DE EDUCACION,COPACABANA,LICENCIATURA EN MATEMATICAS-CARMEN DE VIBORAL,0.1739,6
APARTADO,FACULTAD DE COMUNICACIONES Y FILOLOGIA,APARTADO,COMUNICACION SOCIAL - PERIODISMO APARTADO,0.1737,6
TURBO,FACULTAD DE CIENCIAS ECONOMICAS,ARBOLETES,DESARROLLO TERRITORIAL- TURBO,0.1737,6
CARMENVI,FACULTAD DE CIENCIAS ECONOMICAS,RIONEGRO,CONTADURIA PUBLICA - CARMEN DE VIBORAL,0.1737,6
CARMENVI,FACULTAD DE CIENCIAS AGRARIAS,LA CEJA,INGENIERIA AGROPECUARIA - CARMEN DE VIBORAL,0.1733,6
CARMENVI,FACULTAD DE CIENCIAS ECONOMICAS,RIONEGRO,ADMINISTRACION DE EMPRESAS - CARMEN DE VIBORAL,0.1732,6
CARMENVI,FACULTAD DE EDUCACION,RETIRO,LICENCIATURA EN EDUCACION INFANTIL-CARMEN DE VIBORAL,0.1729,6
SONSON,FACULTAD NACIONAL DE SALUD PUBLICA,SONSON,ADMINISTRACION EN SALUD - SONSON,0.1728,6
APARTADO,FACULTAD DE CIENCIAS ECONOMICAS,CAREPA,GESTION EN ECOLOGIA Y TURISMO - APARTADO,0.1728,6
APARTADO,FACULTAD DE EDUCACION,APARTADO,LICENCIATURA EN EDUCACION ESPECIAL - APARTADO,0.1726,6
SEGOVIA,FACULTAD DE DERECHO Y CIENCIAS POLITICAS,SEGOVIA,DERECHO SEGOVIA,0.1725,6
CARMENVI,FACULTAD DE CIENCIAS ECONOMICAS,RIONEGRO,GESTION EN ECOLOGIA Y TURISMO - CARMEN DE VIBORAL,0.1723,6
CARMENVI,FACULTAD DE EDUCACION,EL CARMEN DE VIBORAL,PEDAGOGIA EN RURALIDAD Y PAZ -CARMEN DE VIBORAL,0.1722,6
CAUCASIA,FACULTAD DE CIENCIAS ECONOMICAS,CAUCASIA,ADMINISTRACION DE EMPRESAS - CAUCASIA,0.1722,6
YARUMAL,FACULTAD DE COMUNICACIONES Y FILOLOGIA,YARUMAL,COMUNICACION SOCIAL - PERIODISMO YARUMAL,0.1721,6
ANDES,FACULTAD DE DERECHO Y CIENCIAS POLITICAS,ANDES,DERECHO - ANDES,0.1721,6
SEGOVIA,FACULTAD NACIONAL DE SALUD PUBLICA,REMEDIOS,TECNOLOGIA EN ADMINISTRACION DE SERVICIOS DE SALUD-SEGOVIA,0.1719,6
CAUCASIA,FACULTAD DE CIENCIAS FARMACEUTICAS Y ALIMENTARIAS,MONTELIBANO,TECNOLOGIA EN REGENCIA DE FARMACIA - CAUCASIA,0.1719,6
YARUMAL,FACULTAD DE ARTES,CAMPAMENTO,GESTION CULTURAL - YARUMAL,0.1718,6
ANDES,FACULTAD DE DERECHO Y CIENCIAS POLITICAS,ANDES,DERECHO - ANDES,0.1714,6
CAUCASIA,FACULTAD DE CIENCIAS ECONOMICAS,CAUCASIA,ADMINISTRACION DE EMPRESAS - CAUCASIA,0.1713,6
CAUCASIA,FACULTAD DE CIENCIAS FARMACEUTICAS Y ALIMENTARIAS,CAUCASIA,TECNOLOGIA EN REGENCIA DE FARMACIA - CAUCASIA,0.1711,6
P-BERRIO,FACULTAD DE CIENCIAS FARMACEUTICAS Y ALIMENTARIAS,PUERTO BERRIO,TECNOLOGIA EN REGENCIA DE FARMACIA - PUERTO BERRIO,0.1711,6
TURBO,FACULTAD DE EDUCACION,TURBO,LICENCIATURA EN MATEMATICAS-TURBO,0.1709,6
CAUCASIA,FACULTAD NACIONAL DE SALUD PUBLICA,TARAZA,ADMINISTRACION EN SALUD-CAUCASIA,0.1707,6
APARTADO,FACULTAD DE EDUCACION,APARTADO,LICENCIATURA EN EDUCACION ESPECIAL - APARTADO,0.1707,6
CAUCASIA,FACULTAD NACIONAL DE SALUD PUBLICA,BELLO,ADMINISTRACION EN SALUD-CAUCASIA,0.1706,6
CAUCASIA,FACULTAD NACIONAL DE SALUD PUBLICA,CAUCASIA,ADMINISTRACION EN SALUD-CAUCASIA,0.1706,6
CAUCASIA,FACULTAD DE CIENCIAS ECONOMICAS,MONTELIBANO,GESTION EN ECOLOGIA Y TURISMO - CAUCASIA,0.1705,6
CARMENVI,FACULTAD DE EDUCACION,LA CEJA,LICENCIATURA EN CIENCIAS SOCIALES-CARMEN DE VIBORAL,0.1704,6
CARMENVI,INSTITUTO UNIVERSITARIO DE EDUCACION FISICA Y DEPORTES,EL PENOL,LICENCIATURA EN EDUCACION FISICA - CARMEN DE VIBORAL,0.1704,6
CAUCASIA,FACULTAD DE EDUCACION,CAUCASIA,LICENCIATURA EN EDUCACION INFANTIL - CAUCASIA,0.1704,6
CAUCASIA,FACULTAD DE EDUCACION,CACERES,LICENCIATURA EN EDUCACION INFANTIL - CAUCASIA,0.1703,6
CAUCASIA,FACULTAD DE EDUCACION,ZARAGOZA,LICENCIATURA EN EDUCACION INFANTIL - CAUCASIA,0.1701,6
SEGOVIA,FACULTAD NACIONAL DE SALUD PUBLICA,REMEDIOS,TECNOLOGIA EN ADMINISTRACION DE SERVICIOS DE SALUD-SEGOVIA,0.17,6
CARMENVI,FACULTAD DE EDUCACION,EL CARMEN DE VIBORAL,LICENCIATURA EN LITERATURA Y LENGUA CASTELLANA-CV,0.1699,6
CAREPA,ESCUELA DE IDIOMAS,CHIGORODO,LICENCIATURA EN LENGUAS EXTRANJERAS CON ENFASIS EN INGLES - CAREPA,0.1699,6
P-BERRIO,FACULTAD DE CIENCIAS FARMACEUTICAS Y ALIMENTARIAS,PUERTO BERRIO,TECNOLOGIA EN REGENCIA DE FARMACIA - PUERTO BERRIO,0.1698,6
STAFEANT,FACULTAD DE COMUNICACIONES Y FILOLOGIA,MONTERIA,COMUNICACION SOCIAL - PERIODISMO SANTA FE DE ANTIOQUIA,0.1693,6
TURBO,FACULTAD DE CIENCIAS FARMACEUTICAS Y ALIMENTARIAS,CHIGORODO,TECNOLOGIA EN REGENCIA DE FARMACIA - TURBO,0.1693,6
CARMENVI,FACULTAD DE CIENCIAS FARMACEUTICAS Y ALIMENTARIAS,LA UNION,CIENCIAS CULINARIAS - CARMEN DE VIBORAL,0.1692,6
ANDES,INSTITUTO UNIVERSITARIO DE EDUCACION FISICA Y DEPORTES,HISPANIA,ENTRENAMIENTO DEPORTIVO - ANDES,0.1692,6
CARMENVI,FACULTAD DE EDUCACION,MARINILLA,LICENCIATURA EN EDUCACION INFANTIL-CARMEN DE VIBORAL,0.1691,6
ANDES,FACULTAD DE EDUCACION,JARDIN,LICENCIATURA EN CIENCIAS NATURALES - ANDES,0.1688,6
TURBO,FACULTAD DE EDUCACION,TURBO,LICENCIATURA EN CIENCIAS NATURALES-TURBO,0.1687,6
STAFEANT,FACULTAD DE EDUCACION,CAUCASIA,LICENCIATURA EN MATEMATICAS - SANTA FE DE ANTIOQUIA,0.1685,6
MEDELLIN,FACULTAD DE INGENIERIA,APARTADO,INGENIERIA AMBIENTAL REGION,0.1683,6
CARMENVI,FACULTAD DE EDUCACION,EL CARMEN DE VIBORAL,LICENCIATURA EN LITERATURA Y LENGUA CASTELLANA-CV,0.1681,6
TURBO,FACULTAD DE INGENIERIA,TURBO,INGENIERIA OCEANOGRAFICA - TURBO,0.168,6
P-BERRIO,FACULTAD DE CIENCIAS ECONOMICAS,PUERTO BERRIO,GESTION EN ECOLOGIA Y TURISMO - PUERTO BERRIO,0.168,6
APARTADO,FACULTAD DE CIENCIAS ECONOMICAS,CAREPA,GESTION EN ECOLOGIA Y TURISMO - APARTADO,0.168,6
CAUCASIA,FACULTAD DE DERECHO Y CIENCIAS POLITICAS,CAUCASIA,DERECHO - CAUCASIA,0.168,6
CAUCASIA,FACULTAD DE CIENCIAS ECONOMICAS,CAUCASIA,ADMINISTRACION DE EMPRESAS - CAUCASIA,0.1677,6
CAREPA,FACULTAD DE CIENCIAS AGRARIAS,CAREPA,INGENIERIA AGROPECUARIA-CAREPA,0.1677,6
CAUCASIA,FACULTAD DE CIENCIAS ECONOMICAS,CAUCASIA,CONTADURIA PUBLICA- CAUCASIA,0.1676,6
TURBO,FACULTAD DE CIENCIAS ECONOMICAS,TURBO,DESARROLLO TERRITORIAL- TURBO,0.1676,6
CARMENVI,FACULTAD DE CIENCIAS FARMACEUTICAS Y ALIMENTARIAS,RIONEGRO,INGENIERIA DE ALIMENTOS - CARMEN DE VIBORAL,0.1676,6
CARMENVI,FACULTAD NACIONAL DE SALUD PUBLICA,LA CEJA,ADMINISTRACION AMBIENTAL Y SANITARIA-CARMEN DE VIBORAL,0.1676,6
CARMENVI,FACULTAD DE MEDICINA,MEDELLIN,TECNOLOGIA EN ATENCION PREHOSPITALARIA- CARMEN DE VIBORAL,0.1675,6
CARMENVI,FACULTAD DE ARTES,RIONEGRO,LICENCIATURA EN MUSICA-CARMEN DE VIBORAL,0.1675,6
APARTADO,FACULTAD DE CIENCIAS SOCIALES Y HUMANAS,CAREPA,TRABAJO SOCIAL-URABA (APARTADO),0.1674,6
CAUCASIA,INSTITUTO UNIVERSITARIO DE EDUCACION FISICA Y DEPORTES,MONTELIBANO,LICENCIATURA EN EDUCACION FISICA - CAUCASIA,0.1674,6
TURBO,FACULTAD DE CIENCIAS ECONOMICAS,CHIGORODO,ADMINISTRACION DE EMPRESAS - TURBO,0.1674,6
CAUCASIA,FACULTAD DE CIENCIAS ECONOMICAS,CAUCASIA,ADMINISTRACION DE EMPRESAS - CAUCASIA,0.1672,6
CAUCASIA,FACULTAD DE DERECHO Y CIENCIAS POLITICAS,ZARAGOZA,DERECHO - CAUCASIA,0.1672,6
CAUCASIA,FACULTAD DE CIENCIAS SOCIALES Y HUMANAS,CAUCASIA,TRABAJO SOCIAL - CAUCASIA,0.1671,6
TURBO,FACULTAD NACIONAL DE SALUD PUBLICA,TURBO,ADMINISTRACION AMBIENTAL Y SANITARIA- TURBO,0.1671,6
TURBO,FACULTAD NACIONAL DE SALUD PUBLICA,APARTADO,ADMINISTRACION AMBIENTAL Y SANITARIA- TURBO,0.1667,6
SONSON,INSTITUTO UNIVERSITARIO DE EDUCACION FISICA Y DEPORTES,SONSON,LICENCIATURA EN EDUCACION FISICA - SONSON,0.1667,6
CARMENVI,ESCUELA DE IDIOMAS,BUCARAMANGA,LICENCIATURA EN LENGUAS EXTRANJERAS CON ENFASIS EN INGLES- CARMEN DE VIBORAL,0.1667,6
SEGOVIA,FACULTAD NACIONAL DE SALUD PUBLICA,REMEDIOS,TECNOLOGIA EN ADMINISTRACION DE SERVICIOS DE SALUD-SEGOVIA,0.1667,6
APARTADO,FACULTAD DE ARTES,CAREPA,LICENCIATURA EN MUSICA - APARTADO,0.1664,6
CAREPA,INSTITUTO UNIVERSITARIO DE EDUCACION FISICA Y DEPORTES,TURBO,LICENCIATURA EN EDUCACION FISICA - CAREPA,0.1664,6
MEDELLIN,FACULTAD DE CIENCIAS AGRARIAS,URRAO,TECNOLOGIA EN GESTION DE INSUMOS AGROPECUARIOS,0.1664,6
AMALFI,FACULTAD DE CIENCIAS ECONOMICAS,AMALFI,GESTION EN ECOLOGIA Y TURISMO - AMALFI,0.166,6
TURBO,FACULTAD DE COMUNICACIONES Y FILOLOGIA,APARTADO,COMUNICACION SOCIAL - PERIODISMO TURBO,0.166,6
CARMENVI,FACULTAD DE CIENCIAS FARMACEUTICAS Y ALIMENTARIAS,EL CARMEN DE VIBORAL,INGENIERIA DE ALIMENTOS - CARMEN DE VIBORAL,0.1659,6
TURBO,FACULTAD DE CIENCIAS ECONOMICAS,TURBO,DESARROLLO TERRITORIAL- TURBO,0.1659,6
TURBO,FACULTAD DE EDUCACION,TURBO,LICENCIATURA EN MATEMATICAS-TURBO,0.1658,6
YARUMAL,FACULTAD DE EDUCACION,YARUMAL,LICENCIATURA EN MATEMATICAS-YARUMAL,0.1658,6
APARTADO,FACULTAD DE EDUCACION,NECOCLI,LICENCIATURA EN EDUCACION ESPECIAL - APARTADO,0.1657,6
TURBO,FACULTAD DE EDUCACION,TURBO,LICENCIATURA EN FISICA - TURBO,0.1656,6
SEGOVIA,FACULTAD NACIONAL DE SALUD PUBLICA,REMEDIOS,ADMINISTRACION AMBIENTAL Y SANITARIA- SEGOVIA,0.1656,6
CARMENVI,FACULTAD DE CIENCIAS FARMACEUTICAS Y ALIMENTARIAS,SAN VICENTE,CIENCIAS CULINARIAS - CARMEN DE VIBORAL,0.1655,6
CAUCASIA,FACULTAD DE EDUCACION,CAUCASIA,LICENCIATURA EN EDUCACION INFANTIL - CAUCASIA,0.1654,6
CAUCASIA,FACULTAD DE DERECHO Y CIENCIAS POLITICAS,LA APARTADA,DERECHO - CAUCASIA,0.1652,6
TURBO,FACULTAD DE CIENCIAS ECONOMICAS,TURBO,DESARROLLO TERRITORIAL- TURBO,0.1651,6
TURBO,FACULTAD NACIONAL DE SALUD PUBLICA,SAN PEDRO DE URABA,ADMINISTRACION AMBIENTAL Y SANITARIA- TURBO,0.165,6
STAFEANT,FACULTAD DE CIENCIAS ECONOMICAS,SANTAFE DE ANTIOQUIA,CONTADURIA PUBLICA- SANTA FE DE ANTIOQUIA,0.1649,6
ANDES,FACULTAD DE CIENCIAS EXACTAS Y NATURALES,JARDIN,BIOLOGIA - ANDES,0.1648,6
SEGOVIA,INSTITUTO UNIVERSITARIO DE EDUCACION FISICA Y DEPORTES,REMEDIOS,LICENCIATURA EN EDUCACION FISICA - SEGOVIA,0.1648,6
SONSON,FACULTAD DE EDUCACION,SONSON,LICENCIATURA EN LITERATURA Y LENGUA CASTELLANA SONSON,0.1647,6
CARMENVI,ESCUELA DE IDIOMAS,EL CARMEN DE VIBORAL,LICENCIATURA EN LENGUAS EXTRANJERAS CON ENFASIS EN INGLES- CARMEN DE VIBORAL,0.1645,6
CARMENVI,FACULTAD DE CIENCIAS ECONOMICAS,LA CEJA,CONTADURIA PUBLICA - CARMEN DE VIBORAL,0.1644,6
YARUMAL,FACULTAD DE EDUCACION,YARUMAL,LICENCIATURA EN MATEMATICAS-YARUMAL,0.1643,6
CARMENVI,FACULTAD DE CIENCIAS ECONOMICAS,LA CEJA,CONTADURIA PUBLICA - CARMEN DE VIBORAL,0.1642,6
P-BERRIO,FACULTAD DE CIENCIAS FARMACEUTICAS Y ALIMENTARIAS,PUERTO BERRIO,TECNOLOGIA EN REGENCIA DE FARMACIA - PUERTO BERRIO,0.164,6
CAUCASIA,FACULTAD DE CIENCIAS ECONOMICAS,CAUCASIA,ADMINISTRACION DE EMPRESAS - CAUCASIA,0.164,6
TURBO,FACULTAD DE EDUCACION,CAREPA,PEDAGOGIA EN RURALIDAD Y PAZ - TURBO,0.164,6
CAREPA,FACULTAD DE CIENCIAS AGRARIAS,APARTADO,INGENIERIA AGROPECUARIA-CAREPA,0.1639,6
CAUCASIA,FACULTAD DE CIENCIAS SOCIALES Y HUMANAS,CAUCASIA,TRABAJO SOCIAL - CAUCASIA,0.1639,6
TURBO,FACULTAD DE EDUCACION,CAREPA,PEDAGOGIA EN RURALIDAD Y PAZ - TURBO,0.1638,6
CARMENVI,FACULTAD DE EDUCACION,SAN CARLOS,PEDAGOGIA EN RURALIDAD Y PAZ -CARMEN DE VIBORAL,0.1636,6
YARUMAL,FACULTAD DE EDUCACION,YARUMAL,LICENCIATURA EN MATEMATICAS-YARUMAL,0.1634,6
TURBO,FACULTAD DE COMUNICACIONES Y FILOLOGIA,APARTADO,COMUNICACION SOCIAL - PERIODISMO TURBO,0.1634,6
SEGOVIA,FACULTAD DE DERECHO Y CIENCIAS POLITICAS,SEGOVIA,DERECHO SEGOVIA,0.1633,6
ANDES,FACULTAD DE EDUCACION,ANDES,LICENCIATURA EN CIENCIAS NATURALES - ANDES,0.1631,6
STAFEANT,FACULTAD DE CIENCIAS ECONOMICAS,SANTAFE DE ANTIOQUIA,CONTADURIA PUBLICA- SANTA FE DE ANTIOQUIA,0.1631,6
SONSON,FACULTAD DE EDUCACION,SONSON,LICENCIATURA EN LITERATURA Y LENGUA CASTELLANA SONSON,0.1631,6
AMALFI,FACULTAD DE EDUCACION,YOLOMBO,PEDAGOGIA EN RURALIDAD Y PAZ- AMALFI,0.1628,6
CAUCASIA,FACULTAD DE CIENCIAS ECONOMICAS,LA APARTADA,CONTADURIA PUBLICA- CAUCASIA,0.1626,6
CARMENVI,FACULTAD DE CIENCIAS AGRARIAS,LA CEJA,INGENIERIA AGROPECUARIA - CARMEN DE VIBORAL,0.1625,6
CARMENVI,FACULTAD DE EDUCACION,EL CARMEN DE VIBORAL,PEDAGOGIA EN RURALIDAD Y PAZ -CARMEN DE VIBORAL,0.1624,6
ANDES,ESCUELA DE MICROBIOLOGIA,ANDES,MICROBIOLOGIA INDUSTRIAL Y AMBIENTAL-ANDES,0.1624,6
TURBO,FACULTAD DE COMUNICACIONES Y FILOLOGIA,APARTADO,COMUNICACION SOCIAL - PERIODISMO TURBO,0.1621,6
YARUMAL,FACULTAD DE COMUNICACIONES Y FILOLOGIA,CAMPAMENTO,COMUNICACION SOCIAL - PERIODISMO YARUMAL,0.1621,6
APARTADO,FACULTAD DE INGENIERIA,APARTADO,INGENIERIA CIVIL-APARTADO,0.162,6
CAUCASIA,FACULTAD DE CIENCIAS FARMACEUTICAS Y ALIMENTARIAS,CACERES,TECNOLOGIA EN REGENCIA DE FARMACIA - CAUCASIA,0.162,6
CAUCASIA,FACULTAD DE CIENCIAS FARMACEUTICAS Y ALIMENTARIAS,CACERES,TECNOLOGIA EN REGENCIA DE FARMACIA - CAUCASIA,0.1618,6
CARMENVI,FACULTAD DE CIENCIAS FARMACEUTICAS Y ALIMENTARIAS,LA UNION,CIENCIAS CULINARIAS - CARMEN DE VIBORAL,0.1618,6
CAUCASIA,FACULTAD NACIONAL DE SALUD PUBLICA,CAUCASIA,ADMINISTRACION AMBIENTAL Y SANITARIA- CAUCASIA,0.1618,6
TURBO,FACULTAD DE EDUCACION,TURBO,LICENCIATURA EN MATEMATICAS-TURBO,0.1616,6
CARMENVI,FACULTAD DE EDUCACION,SAN CARLOS,PEDAGOGIA EN RURALIDAD Y PAZ -CARMEN DE VIBORAL,0.1614,6
CARMENVI,ESCUELA DE IDIOMAS,MEDELLIN,LICENCIATURA EN LENGUAS EXTRANJERAS CON ENFASIS EN INGLES- CARMEN DE VIBORAL,0.1613,6
CAUCASIA,FACULTAD DE CIENCIAS FARMACEUTICAS Y ALIMENTARIAS,CAUCASIA,TECNOLOGIA EN REGENCIA DE FARMACIA - CAUCASIA,0.1613,6
APARTADO,FACULTAD DE INGENIERIA,APARTADO,INGENIERIA CIVIL-APARTADO,0.1612,6
CARMENVI,FACULTAD DE CIENCIAS FARMACEUTICAS Y ALIMENTARIAS,RIONEGRO,INGENIERIA DE ALIMENTOS - CARMEN DE VIBORAL,0.1611,6
P-BERRIO,FACULTAD DE CIENCIAS FARMACEUTICAS Y ALIMENTARIAS,PUERTO BERRIO,TECNOLOGIA EN REGENCIA DE FARMACIA - PUERTO BERRIO,0.1611,6
CAREPA,INSTITUTO UNIVERSITARIO DE EDUCACION FISICA Y DEPORTES,TURBO,LICENCIATURA EN EDUCACION FISICA - CAREPA,0.161,6
CARMENVI,FACULTAD DE CIENCIAS ECONOMICAS,EL CARMEN DE VIBORAL,CONTADURIA PUBLICA - CARMEN DE VIBORAL,0.1609,6
ANDES,FACULTAD NACIONAL DE SALUD PUBLICA,CIUDAD BOLIVAR,ADMINISTRACION AMBIENTAL Y SANITARIA- ANDES,0.1608,6
SONSON,FACULTAD NACIONAL DE SALUD PUBLICA,NARINO,ADMINISTRACION EN SALUD - SONSON,0.1607,6
TURBO,FACULTAD DE CIENCIAS FARMACEUTICAS Y ALIMENTARIAS,TURBO,TECNOLOGIA EN REGENCIA DE FARMACIA - TURBO,0.1607,6
CAUCASIA,FACULTAD DE CIENCIAS ECONOMICAS,EL BAGRE,ADMINISTRACION DE EMPRESAS - CAUCASIA,0.1605,6
APARTADO,FACULTAD DE INGENIERIA,APARTADO,INGENIERIA CIVIL-APARTADO,0.1605,6
ANDES,FACULTAD DE CIENCIAS AGRARIAS,HISPANIA,INGENIERIA AGROPECUARIA - ANDES,0.1604,6
CARMENVI,FACULTAD NACIONAL DE SALUD PUBLICA,GRANADA,ADMINISTRACION AMBIENTAL Y SANITARIA-CARMEN DE VIBORAL,0.1601,6
CARMENVI,FACULTAD DE EDUCACION,RETIRO,LICENCIATURA EN EDUCACION INFANTIL-CARMEN DE VIBORAL,0.1601,6
P-BERRIO,FACULTAD NACIONAL DE SALUD PUBLICA,PUERTO BERRIO,ADMINISTRACION AMBIENTAL Y SANITARIA-PUERTO BERRIO,0.1601,6
CAUCASIA,FACULTAD NACIONAL DE SALUD PUBLICA,CAUCASIA,ADMINISTRACION EN SALUD-CAUCASIA,0.16,6
APARTADO,FACULTAD DE EDUCACION,APARTADO,LICENCIATURA EN LITERATURA Y LENGUA CASTELLANA-APARTADO,0.1599,6
YARUMAL,FACULTAD DE COMUNICACIONES Y FILOLOGIA,YARUMAL,COMUNICACION SOCIAL - PERIODISMO YARUMAL,0.1599,6
TURBO,FACULTAD DE EDUCACION,TURBO,LICENCIATURA EN EDUCACION INFANTIL-TURBO,0.1599,6
P-BERRIO,FACULTAD NACIONAL DE SALUD PUBLICA,PUERTO BERRIO,ADMINISTRACION AMBIENTAL Y SANITARIA-PUERTO BERRIO,0.1598,6
P-BERRIO,FACULTAD DE DERECHO Y CIENCIAS POLITICAS,PUERTO BERRIO,DERECHO - PUERTO BERRIO,0.1597,6
CARMENVI,ESCUELA DE IDIOMAS,BUCARAMANGA,LICENCIATURA EN LENGUAS EXTRANJERAS CON ENFASIS EN INGLES- CARMEN DE VIBORAL,0.1596,6
ANDES,FACULTAD DE DERECHO Y CIENCIAS POLITICAS,ANDES,DERECHO - ANDES,0.1595,6
CAUCASIA,INSTITUTO UNIVERSITARIO DE EDUCACION FISICA Y DEPORTES,CAUCASIA,LICENCIATURA EN EDUCACION FISICA - CAUCASIA,0.1594,6
CAUCASIA,FACULTAD DE CIENCIAS SOCIALES Y HUMANAS,EL BAGRE,TRABAJO SOCIAL - CAUCASIA,0.1593,6
CARMENVI,FACULTAD DE CIENCIAS EXACTAS Y NATURALES,RIONEGRO,MATEMATICAS - CARMEN DE VIBORAL,0.1592,6
CARMENVI,FACULTAD NACIONAL DE SALUD PUBLICA,YARUMAL,ADMINISTRACION AMBIENTAL Y SANITARIA-CARMEN DE VIBORAL,0.1592,6
CAUCASIA,FACULTAD NACIONAL DE SALUD PUBLICA,CAUCASIA,ADMINISTRACION EN SALUD-CAUCASIA,0.159,6
ANDES,FACULTAD DE CIENCIAS AGRARIAS,ANDES,INGENIERIA AGROPECUARIA - ANDES,0.159,6
SONSON,INSTITUTO UNIVERSITARIO DE EDUCACION FISICA Y DEPORTES,SONSON,LICENCIATURA EN EDUCACION FISICA - SONSON,0.1588,6
P-BERRIO,FACULTAD NACIONAL DE SALUD PUBLICA,PUERTO BERRIO,ADMINISTRACION AMBIENTAL Y SANITARIA-PUERTO BERRIO,0.1587,6
CARMENVI,FACULTAD DE CIENCIAS FARMACEUTICAS Y ALIMENTARIAS,EL CARMEN DE VIBORAL,INGENIERIA DE ALIMENTOS - CARMEN DE VIBORAL,0.1586,6
CAREPA,FACULTAD DE CIENCIAS AGRARIAS,APARTADO,INGENIERIA AGROPECUARIA-CAREPA,0.1585,6
CAUCASIA,FACULTAD DE EDUCACION,CAUCASIA,LICENCIATURA EN EDUCACION INFANTIL - CAUCASIA,0.1585,6
TURBO,FACULTAD DE EDUCACION,NECOCLI,LICENCIATURA EN MATEMATICAS-TURBO,0.1585,6
APARTADO,FACULTAD DE CIENCIAS ECONOMICAS,APARTADO,GESTION EN ECOLOGIA Y TURISMO - APARTADO,0.1585,6
CAUCASIA,FACULTAD DE CIENCIAS FARMACEUTICAS Y ALIMENTARIAS,CAUCASIA,TECNOLOGIA EN REGENCIA DE FARMACIA - CAUCASIA,0.1584,6
SONSON,INSTITUTO UNIVERSITARIO DE EDUCACION FISICA Y DEPORTES,SONSON,LICENCIATURA EN EDUCACION FISICA - SONSON,0.1584,6
CARMENVI,FACULTAD DE EDUCACION,RIONEGRO,LICENCIATURA EN CIENCIAS SOCIALES-CARMEN DE VIBORAL,0.1584,6
CAUCASIA,FACULTAD NACIONAL DE SALUD PUBLICA,CAUCASIA,ADMINISTRACION EN SALUD-CAUCASIA,0.1584,6
APARTADO,FACULTAD DE CIENCIAS ECONOMICAS,APARTADO,GESTION EN ECOLOGIA Y TURISMO - APARTADO,0.1583,6
APARTADO,ESCUELA DE MICROBIOLOGIA,APARTADO,MICROBIOLOGIA INDUSTRIAL Y AMBIENTAL-URABA (APARTADO),0.1582,6
CARMENVI,FACULTAD DE EDUCACION,LA CEJA,LICENCIATURA EN EDUCACION INFANTIL-CARMEN DE VIBORAL,0.1582,6
SEGOVIA,FACULTAD NACIONAL DE SALUD PUBLICA,REMEDIOS,ADMINISTRACION AMBIENTAL Y SANITARIA- SEGOVIA,0.1581,6
APARTADO,FACULTAD DE CIENCIAS ECONOMICAS,APARTADO,GESTION EN ECOLOGIA Y TURISMO - APARTADO,0.1581,6
CARMENVI,FACULTAD DE ARTES,GUARNE,LICENCIATURA EN MUSICA-CARMEN DE VIBORAL,0.1581,6
SONSON,INSTITUTO UNIVERSITARIO DE EDUCACION FISICA Y DEPORTES,SONSON,LICENCIATURA EN EDUCACION FISICA - SONSON,0.158,6
CAUCASIA,FACULTAD DE CIENCIAS FARMACEUTICAS Y ALIMENTARIAS,CAUCASIA,TECNOLOGIA EN REGENCIA DE FARMACIA - CAUCASIA,0.158,6
CARMENVI,FACULTAD DE EDUCACION,EL CARMEN DE VIBORAL,LICENCIATURA EN LITERATURA Y LENGUA CASTELLANA-CV,0.158,6
CARMENVI,INSTITUTO UNIVERSITARIO DE EDUCACION FISICA Y DEPORTES,EL CARMEN DE VIBORAL,LICENCIATURA EN EDUCACION FISICA - CARMEN DE VIBORAL,0.1578,6
CAUCASIA,FACULTAD NACIONAL DE SALUD PUBLICA,CAUCASIA,ADMINISTRACION EN SALUD-CAUCASIA,0.1578,6
CARMENVI,FACULTAD DE ARTES,RIONEGRO,LICENCIATURA EN ARTES PLASTICAS - CARMEN DE VIBORAL,0.1577,6
CARMENVI,FACULTAD DE EDUCACION,MARINILLA,LICENCIATURA EN LITERATURA Y LENGUA CASTELLANA-CV,0.1576,6
CARMENVI,FACULTAD DE EDUCACION,GRANADA,PEDAGOGIA EN RURALIDAD Y PAZ -CARMEN DE VIBORAL,0.1576,6
ANDES,FACULTAD DE CIENCIAS FARMACEUTICAS Y ALIMENTARIAS,CIUDAD BOLIVAR,TECNOLOGIA EN REGENCIA DE FARMACIA - ANDES,0.1575,6
CARMENVI,FACULTAD DE EDUCACION,EL SANTUARIO,PEDAGOGIA EN RURALIDAD Y PAZ -CARMEN DE VIBORAL,0.1574,6
CAUCASIA,INSTITUTO UNIVERSITARIO DE EDUCACION FISICA Y DEPORTES,ZARAGOZA,LICENCIATURA EN EDUCACION FISICA - CAUCASIA,0.1573,6
CARMENVI,FACULTAD DE ARTES,LA CEJA,LICENCIATURA EN ARTES PLASTICAS - CARMEN DE VIBORAL,0.1573,6
P-BERRIO,FACULTAD DE CIENCIAS FARMACEUTICAS Y ALIMENTARIAS,PUERTO BERRIO,TECNOLOGIA EN REGENCIA DE FARMACIA - PUERTO BERRIO,0.1572,6
TURBO,FACULTAD DE EDUCACION,TURBO,PEDAGOGIA EN RURALIDAD Y PAZ - TURBO,0.1572,6
CARMENVI,FACULTAD DE EDUCACION,EL CARMEN DE VIBORAL,LICENCIATURA EN LITERATURA Y LENGUA CASTELLANA-CV,0.1572,6
TURBO,FACULTAD DE EDUCACION,APARTADO,LICENCIATURA EN MATEMATICAS-TURBO,0.157,6
CAUCASIA,FACULTAD DE CIENCIAS ECONOMICAS,EL BAGRE,GESTION EN ECOLOGIA Y TURISMO - CAUCASIA,0.1568,6
TURBO,FACULTAD DE EDUCACION,TURBO,LICENCIATURA EN MATEMATICAS-TURBO,0.1567,6
CAUCASIA,INSTITUTO UNIVERSITARIO DE EDUCACION FISICA Y DEPORTES,CACERES,LICENCIATURA EN EDUCACION FISICA - CAUCASIA,0.1566,6
CAUCASIA,INSTITUTO UNIVERSITARIO DE EDUCACION FISICA Y DEPORTES,CAUCASIA,LICENCIATURA EN EDUCACION FISICA - CAUCASIA,0.1564,6
CAUCASIA,FACULTAD DE CIENCIAS ECONOMICAS,CAUCASIA,ADMINISTRACION DE EMPRESAS - CAUCASIA,0.1563,6
ANDES,FACULTAD DE CIENCIAS AGRARIAS,LA DORADA,INGENIERIA AGROPECUARIA - ANDES,0.1563,6
CARMENVI,FACULTAD DE MEDICINA,ENVIGADO,TECNOLOGIA EN ATENCION PREHOSPITALARIA- CARMEN DE VIBORAL,0.1561,6
CARMENVI,FACULTAD DE EDUCACION,RIONEGRO,LICENCIATURA EN EDUCACION INFANTIL-CARMEN DE VIBORAL,0.156,6
APARTADO,FACULTAD DE COMUNICACIONES Y FILOLOGIA,ITAGUI,COMUNICACION SOCIAL - PERIODISMO APARTADO,0.156,6
SONSON,FACULTAD DE EDUCACION,SONSON,LICENCIATURA EN LITERATURA Y LENGUA CASTELLANA SONSON,0.1559,6
CARMENVI,FACULTAD DE CIENCIAS FARMACEUTICAS Y ALIMENTARIAS,IPIALES,CIENCIAS CULINARIAS - CARMEN DE VIBORAL,0.1559,6
TURBO,FACULTAD DE EDUCACION,TURBO,LICENCIATURA EN EDUCACION INFANTIL-TURBO,0.1558,6
CAUCASIA,FACULTAD DE CIENCIAS FARMACEUTICAS Y ALIMENTARIAS,CAUCASIA,TECNOLOGIA EN REGENCIA DE FARMACIA - CAUCASIA,0.1557,6
TURBO,FACULTAD DE EDUCACION,TURBO,LICENCIATURA EN MATEMATICAS-TURBO,0.1557,6
ANDES,FACULTAD DE CIENCIAS AGRARIAS,BETANIA,INGENIERIA AGROPECUARIA - ANDES,0.1556,6
ANDES,FACULTAD NACIONAL DE SALUD PUBLICA,JARDIN,ADMINISTRACION AMBIENTAL Y SANITARIA- ANDES,0.1555,6
CAUCASIA,FACULTAD NACIONAL DE SALUD PUBLICA,CAUCASIA,ADMINISTRACION EN SALUD-CAUCASIA,0.1555,6
YARUMAL,FACULTAD DE ARTES,TOLEDO,GESTION CULTURAL - YARUMAL,0.1554,6
CARMENVI,FACULTAD DE CIENCIAS AGRARIAS,RIONEGRO,INGENIERIA AGROPECUARIA - CARMEN DE VIBORAL,0.1554,6
SEGOVIA,FACULTAD NACIONAL DE SALUD PUBLICA,REMEDIOS,TECNOLOGIA EN ADMINISTRACION DE SERVICIOS DE SALUD-SEGOVIA,0.1553,6
CAUCASIA,INSTITUTO UNIVERSITARIO DE EDUCACION FISICA Y DEPORTES,EL BAGRE,LICENCIATURA EN EDUCACION FISICA - CAUCASIA,0.1553,6
CAUCASIA,FACULTAD DE DERECHO Y CIENCIAS POLITICAS,MONTELIBANO,DERECHO - CAUCASIA,0.1553,6
CARMENVI,FACULTAD DE EDUCACION,LA CEJA,LICENCIATURA EN LITERATURA Y LENGUA CASTELLANA-CV,0.1551,6
CARMENVI,ESCUELA DE IDIOMAS,EL SANTUARIO,LICENCIATURA EN LENGUAS EXTRANJERAS CON ENFASIS EN INGLES- CARMEN DE VIBORAL,0.1551,6
ANDES,FACULTAD DE DERECHO Y CIENCIAS POLITICAS,ANDES,DERECHO - ANDES,0.155,6
CARMENVI,FACULTAD NACIONAL DE SALUD PUBLICA,RIONEGRO,ADMINISTRACION AMBIENTAL Y SANITARIA-CARMEN DE VIBORAL,0.1549,6
APARTADO,FACULTAD DE EDUCACION,APARTADO,LICENCIATURA EN EDUCACION ESPECIAL - APARTADO,0.1549,6
CAUCASIA,FACULTAD NACIONAL DE SALUD PUBLICA,CAUCASIA,ADMINISTRACION EN SALUD-CAUCASIA,0.1548,6
CARMENVI,ESCUELA DE IDIOMAS,MEDELLIN,LICENCIATURA EN LENGUAS EXTRANJERAS CON ENFASIS EN INGLES- CARMEN DE VIBORAL,0.1548,6
TURBO,FACULTAD DE EDUCACION,APARTADO,LICENCIATURA EN CIENCIAS NATURALES-TURBO,0.1548,6
ANDES,FACULTAD NACIONAL DE SALUD PUBLICA,ANDES,ADMINISTRACION AMBIENTAL Y SANITARIA- ANDES,0.1546,6
CAUCASIA,FACULTAD DE CIENCIAS ECONOMICAS,CACERES,GESTION EN ECOLOGIA Y TURISMO - CAUCASIA,0.1545,6
SEGOVIA,FACULTAD NACIONAL DE SALUD PUBLICA,SEGOVIA,ADMINISTRACION AMBIENTAL Y SANITARIA- SEGOVIA,0.1544,6
ANDES,FACULTAD DE CIENCIAS ECONOMICAS,MEDELLIN,GESTION EN ECOLOGIA Y TURISMO - ANDES,0.1543,6
SEGOVIA,INSTITUTO UNIVERSITARIO DE EDUCACION FISICA Y DEPORTES,SEGOVIA,LICENCIATURA EN EDUCACION FISICA - SEGOVIA,0.1541,6
CARMENVI,FACULTAD DE ARTES,LA UNION,LICENCIATURA EN MUSICA-CARMEN DE VIBORAL,0.154,6
CAREPA,FACULTAD DE CIENCIAS AGRARIAS,CHIGORODO,INGENIERIA AGROPECUARIA-CAREPA,0.1539,6
CARMENVI,FACULTAD DE CIENCIAS ECONOMICAS,MEDELLIN,DESARROLLO TERRITORIAL- CARMEN DE VIBORAL,0.1538,6
ANDES,FACULTAD DE CIENCIAS EXACTAS Y NATURALES,ANDES,BIOLOGIA - ANDES,0.1538,6
CARMENVI,FACULTAD NACIONAL DE SALUD PUBLICA,GUARNE,ADMINISTRACION AMBIENTAL Y SANITARIA-CARMEN DE VIBORAL,0.1537,6
AMALFI,FACULTAD DE EDUCACION,YOLOMBO,PEDAGOGIA EN RURALIDAD Y PAZ- AMALFI,0.1536,6
CAUCASIA,FACULTAD NACIONAL DE SALUD PUBLICA,CAUCASIA,ADMINISTRACION EN SALUD-CAUCASIA,0.1534,6
CARMENVI,FACULTAD DE EDUCACION,LA CEJA,LICENCIATURA EN MATEMATICAS-CARMEN DE VIBORAL,0.1532,6
CAUCASIA,FACULTAD NACIONAL DE SALUD PUBLICA,PUERTO LIBERTADOR,ADMINISTRACION AMBIENTAL Y SANITARIA- CAUCASIA,0.1531,6
P-BERRIO,FACULTAD NACIONAL DE SALUD PUBLICA,PUERTO BERRIO,ADMINISTRACION AMBIENTAL Y SANITARIA-PUERTO BERRIO,0.1528,6
CAUCASIA,FACULTAD DE EDUCACION,CAUCASIA,LICENCIATURA EN EDUCACION INFANTIL - CAUCASIA,0.1527,6
TURBO,FACULTAD DE CIENCIAS ECONOMICAS,TURBO,DESARROLLO TERRITORIAL- TURBO,0.1527,6
SEGOVIA,FACULTAD NACIONAL DE SALUD PUBLICA,SEGOVIA,TECNOLOGIA EN ADMINISTRACION DE SERVICIOS DE SALUD-SEGOVIA,0.1527,6
STAFEANT,FACULTAD DE COMUNICACIONES Y FILOLOGIA,MEDELLIN,COMUNICACION SOCIAL - PERIODISMO SANTA FE DE ANTIOQUIA,0.1526,6
SEGOVIA,FACULTAD NACIONAL DE SALUD PUBLICA,REMEDIOS,TECNOLOGIA EN ADMINISTRACION DE SERVICIOS DE SALUD-SEGOVIA,0.1526,6
APARTADO,FACULTAD DE ARTES,SAN JUAN DE URABA,LICENCIATURA EN DANZA -APARTADO,0.1525,6
ANDES,FACULTAD DE CIENCIAS ECONOMICAS,ANDES,GESTION EN ECOLOGIA Y TURISMO - ANDES,0.1524,6
CAREPA,FACULTAD DE CIENCIAS AGRARIAS,CAREPA,INGENIERIA AGROPECUARIA-CAREPA,0.1522,6
SONSON,INSTITUTO UNIVERSITARIO DE EDUCACION FISICA Y DEPORTES,SONSON,LICENCIATURA EN EDUCACION FISICA - SONSON,0.1522,6
APARTADO,FACULTAD DE ARTES,APARTADO,LICENCIATURA EN MUSICA - APARTADO,0.1521,6
CARMENVI,FACULTAD DE ARTES,EL CARMEN DE VIBORAL,LICENCIATURA EN ARTES PLASTICAS - CARMEN DE VIBORAL,0.1521,6
CAUCASIA,FACULTAD DE CIENCIAS ECONOMICAS,LA UNION,ADMINISTRACION DE EMPRESAS - CAUCASIA,0.1521,6
SEGOVIA,FACULTAD NACIONAL DE SALUD PUBLICA,SEGOVIA,TECNOLOGIA EN ADMINISTRACION DE SERVICIOS DE SALUD-SEGOVIA,0.152,6
ANDES,INSTITUTO UNIVERSITARIO DE EDUCACION FISICA Y DEPORTES,ANDES,ENTRENAMIENTO DEPORTIVO - ANDES,0.152,6
CARMENVI,FACULTAD DE ARTES,LA CEJA,LICENCIATURA EN MUSICA-CARMEN DE VIBORAL,0.152,6
CAUCASIA,INSTITUTO UNIVERSITARIO DE EDUCACION FISICA Y DEPORTES,CAUCASIA,LICENCIATURA EN EDUCACION FISICA - CAUCASIA,0.1519,6
CAUCASIA,FACULTAD DE CIENCIAS ECONOMICAS,CAUCASIA,ADMINISTRACION DE EMPRESAS - CAUCASIA,0.1519,6
STAFEANT,FACULTAD DE CIENCIAS ECONOMICAS,SAN JERONIMO,CONTADURIA PUBLICA- SANTA FE DE ANTIOQUIA,0.1517,6
APARTADO,FACULTAD DE CIENCIAS ECONOMICAS,APARTADO,CONTADURIA PUBLICA- URABA (APARTADO),0.1517,6
SEGOVIA,FACULTAD NACIONAL DE SALUD PUBLICA,REMEDIOS,ADMINISTRACION AMBIENTAL Y SANITARIA- SEGOVIA,0.1516,6
CAUCASIA,INSTITUTO UNIVERSITARIO DE EDUCACION FISICA Y DEPORTES,CAUCASIA,LICENCIATURA EN EDUCACION FISICA - CAUCASIA,0.1515,6
YARUMAL,FACULTAD DE EDUCACION,YARUMAL,LICENCIATURA EN MATEMATICAS-YARUMAL,0.1514,6
SEGOVIA,INSTITUTO UNIVERSITARIO DE EDUCACION FISICA Y DEPORTES,SEGOVIA,LICENCIATURA EN EDUCACION FISICA - SEGOVIA,0.1514,6
CARMENVI,FACULTAD DE CIENCIAS EXACTAS Y NATURALES,LA CEJA,MATEMATICAS - CARMEN DE VIBORAL,0.1512,6
TURBO,FACULTAD DE EDUCACION,CAREPA,PEDAGOGIA EN RURALIDAD Y PAZ - TURBO,0.1512,6
CARMENVI,FACULTAD DE EDUCACION,RETIRO,LICENCIATURA EN EDUCACION ESPECIAL - CARMEN DE VIBORAL,0.151,6
CARMENVI,FACULTAD DE EDUCACION,LA CEJA,PEDAGOGIA EN RURALIDAD Y PAZ -CARMEN DE VIBORAL,0.151,6
SEGOVIA,FACULTAD NACIONAL DE SALUD PUBLICA,SEGOVIA,ADMINISTRACION AMBIENTAL Y SANITARIA- SEGOVIA,0.151,6
CARMENVI,FACULTAD DE EDUCACION,RIONEGRO,LICENCIATURA EN CIENCIAS NATURALES-CARMEN DE VIBORAL,0.1509,6
CAREPA,FACULTAD DE CIENCIAS AGRARIAS,APARTADO,INGENIERIA AGROPECUARIA-CAREPA,0.1508,6
CARMENVI,FACULTAD DE CIENCIAS ECONOMICAS,RIONEGRO,DESARROLLO TERRITORIAL- CARMEN DE VIBORAL,0.1508,6
SONSON,INSTITUTO UNIVERSITARIO DE EDUCACION FISICA Y DEPORTES,SONSON,LICENCIATURA EN EDUCACION FISICA - SONSON,0.1508,6
CARMENVI,FACULTAD DE CIENCIAS FARMACEUTICAS Y ALIMENTARIAS,SAN VICENTE,TECNOLOGIA EN REGENCIA DE FARMACIA - CARMEN DE VIBORAL,0.1506,6
STAFEANT,FACULTAD DE EDUCACION,MEDELLIN,LICENCIATURA EN MATEMATICAS - SANTA FE DE ANTIOQUIA,0.1506,6
CARMENVI,FACULTAD DE ARTES,BELLO,LICENCIATURA EN ARTES PLASTICAS - CARMEN DE VIBORAL,0.1506,6
CARMENVI,FACULTAD DE EDUCACION,EL CARMEN DE VIBORAL,LICENCIATURA EN CIENCIAS NATURALES-CARMEN DE VIBORAL,0.1504,6
TURBO,FACULTAD DE CIENCIAS ECONOMICAS,ARBOLETES,DESARROLLO TERRITORIAL- TURBO,0.1504,6
CARMENVI,ESCUELA DE IDIOMAS,MEDELLIN,LICENCIATURA EN LENGUAS EXTRANJERAS CON ENFASIS EN INGLES- CARMEN DE VIBORAL,0.1503,6
SEGOVIA,FACULTAD NACIONAL DE SALUD PUBLICA,SEGOVIA,ADMINISTRACION AMBIENTAL Y SANITARIA- SEGOVIA,0.1503,6
SEGOVIA,FACULTAD NACIONAL DE SALUD PUBLICA,SEGOVIA,ADMINISTRACION AMBIENTAL Y SANITARIA- SEGOVIA,0.1502,6
CARMENVI,FACULTAD DE EDUCACION,EL CARMEN DE VIBORAL,LICENCIATURA EN LITERATURA Y LENGUA CASTELLANA-CV,0.1501,6
CAUCASIA,FACULTAD NACIONAL DE SALUD PUBLICA,MONTELIBANO,ADMINISTRACION EN SALUD-CAUCASIA,0.1501,6
CAUCASIA,FACULTAD NACIONAL DE SALUD PUBLICA,CACERES,ADMINISTRACION EN SALUD-CAUCASIA,0.15,6
CARMENVI,FACULTAD DE EDUCACION,EL CARMEN DE VIBORAL,LICENCIATURA EN CIENCIAS SOCIALES-CARMEN DE VIBORAL,0.1499,6
ANDES,FACULTAD DE DERECHO Y CIENCIAS POLITICAS,ANDES,DERECHO - ANDES,0.1497,6
CAUCASIA,FACULTAD DE EDUCACION,CAUCASIA,LICENCIATURA EN EDUCACION INFANTIL - CAUCASIA,0.1497,6
ANDES,FACULTAD DE DERECHO Y CIENCIAS POLITICAS,ANDES,DERECHO - ANDES,0.1497,6
TURBO,FACULTAD DE EDUCACION,RIOSUCIO,PEDAGOGIA EN RURALIDAD Y PAZ - TURBO,0.1496,6
SEGOVIA,INSTITUTO UNIVERSITARIO DE EDUCACION FISICA Y DEPORTES,REMEDIOS,LICENCIATURA EN EDUCACION FISICA - SEGOVIA,0.1496,6
CAUCASIA,FACULTAD DE CIENCIAS FARMACEUTICAS Y ALIMENTARIAS,CAUCASIA,TECNOLOGIA EN REGENCIA DE FARMACIA - CAUCASIA,0.1496,6
CARMENVI,FACULTAD DE EDUCACION,EL CARMEN DE VIBORAL,LICENCIATURA EN CIENCIAS SOCIALES-CARMEN DE VIBORAL,0.1496,6
YARUMAL,FACULTAD DE ARTES,VALDIVIA,GESTION CULTURAL - YARUMAL,0.1495,6
CAUCASIA,INSTITUTO UNIVERSITARIO DE EDUCACION FISICA Y DEPORTES,CAUCASIA,LICENCIATURA EN EDUCACION FISICA - CAUCASIA,0.1495,6
CAUCASIA,FACULTAD DE EDUCACION,CAUCASIA,LICENCIATURA EN EDUCACION INFANTIL - CAUCASIA,0.1494,6
CAUCASIA,INSTITUTO UNIVERSITARIO DE EDUCACION FISICA Y DEPORTES,BUENAVISTA,LICENCIATURA EN EDUCACION FISICA - CAUCASIA,0.1493,6
CAREPA,FACULTAD DE CIENCIAS AGRARIAS,TURBO,INGENIERIA AGROPECUARIA-CAREPA,0.1493,6
CARMENVI,FACULTAD DE ARTES,RIONEGRO,LICENCIATURA EN ARTES PLASTICAS - CARMEN DE VIBORAL,0.1492,6
SONSON,FACULTAD DE EDUCACION,SONSON,LICENCIATURA EN LITERATURA Y LENGUA CASTELLANA SONSON,0.1491,6
CARMENVI,ESCUELA INTERAMERICANA DE BIBLIOTECOLOGIA,APARTADO,ARCHIVISTICA -CARMEN DE VIBORAL,0.1491,6
CAUCASIA,INSTITUTO UNIVERSITARIO DE EDUCACION FISICA Y DEPORTES,CAUCASIA,LICENCIATURA EN EDUCACION FISICA - CAUCASIA,0.149,6
CARMENVI,ESCUELA DE IDIOMAS,EL CARMEN DE VIBORAL,LICENCIATURA EN LENGUAS EXTRANJERAS CON ENFASIS EN INGLES- CARMEN DE VIBORAL,0.1489,6
TURBO,FACULTAD DE EDUCACION,CAREPA,PEDAGOGIA EN RURALIDAD Y PAZ - TURBO,0.1489,6
TURBO,FACULTAD NACIONAL DE SALUD PUBLICA,TURBO,ADMINISTRACION AMBIENTAL Y SANITARIA- TURBO,0.1487,6
APARTADO,ESCUELA DE MICROBIOLOGIA,SAN PEDRO DE URABA,MICROBIOLOGIA INDUSTRIAL Y AMBIENTAL-URABA (APARTADO),0.1487,6
ANDES,FACULTAD NACIONAL DE SALUD PUBLICA,ANDES,ADMINISTRACION AMBIENTAL Y SANITARIA- ANDES,0.1486,6
STAFEANT,FACULTAD DE EDUCACION,SANTAFE DE ANTIOQUIA,LICENCIATURA EN CIENCIAS NATURALES - SANTA FE DE ANTIOQUIA,0.1485,6
STAFEANT,FACULTAD DE CIENCIAS ECONOMICAS,SANTAFE DE ANTIOQUIA,CONTADURIA PUBLICA- SANTA FE DE ANTIOQUIA,0.1485,6
CAREPA,FACULTAD DE DERECHO Y CIENCIAS POLITICAS,APARTADO,DERECHO - CAREPA,0.1483,6
CARMENVI,FACULTAD DE ARTES,EL SANTUARIO,LICENCIATURA EN ARTES PLASTICAS - CARMEN DE VIBORAL,0.1482,6
APARTADO,FACULTAD DE COMUNICACIONES Y FILOLOGIA,APARTADO,COMUNICACION SOCIAL - PERIODISMO APARTADO,0.1482,6
APARTADO,FACULTAD DE COMUNICACIONES Y FILOLOGIA,CAREPA,COMUNICACION SOCIAL - PERIODISMO APARTADO,0.1482,6
SEGOVIA,FACULTAD DE DERECHO Y CIENCIAS POLITICAS,SEGOVIA,DERECHO SEGOVIA,0.1481,6
P-BERRIO,FACULTAD DE DERECHO Y CIENCIAS POLITICAS,PUERTO BERRIO,DERECHO - PUERTO BERRIO,0.1481,6
CARMENVI,ESCUELA DE IDIOMAS,CIUDAD BOLIVAR,LICENCIATURA EN LENGUAS EXTRANJERAS CON ENFASIS EN INGLES- CARMEN DE VIBORAL,0.1481,6
CAUCASIA,FACULTAD DE EDUCACION,CAUCASIA,LICENCIATURA EN EDUCACION INFANTIL - CAUCASIA,0.148,6
TURBO,FACULTAD DE EDUCACION,APARTADO,LICENCIATURA EN MATEMATICAS-TURBO,0.1479,6
SONSON,FACULTAD DE EDUCACION,ARGELIA,LICENCIATURA EN LITERATURA Y LENGUA CASTELLANA SONSON,0.1478,6
YARUMAL,FACULTAD DE EDUCACION,YARUMAL,LICENCIATURA EN CIENCIAS NATURALES- YARUMAL,0.1478,6
CARMENVI,FACULTAD DE CIENCIAS ECONOMICAS,RETIRO,GESTION EN ECOLOGIA Y TURISMO - CARMEN DE VIBORAL,0.1478,6
SEGOVIA,FACULTAD NACIONAL DE SALUD PUBLICA,SEGOVIA,ADMINISTRACION AMBIENTAL Y SANITARIA- SEGOVIA,0.1478,6
TURBO,FACULTAD DE CIENCIAS FARMACEUTICAS Y ALIMENTARIAS,TURBO,TECNOLOGIA EN REGENCIA DE FARMACIA - TURBO,0.1477,6
SEGOVIA,FACULTAD DE DERECHO Y CIENCIAS POLITICAS,REMEDIOS,DERECHO SEGOVIA,0.1477,6
CARMENVI,FACULTAD DE EDUCACION,LA CEJA,LICENCIATURA EN MATEMATICAS-CARMEN DE VIBORAL,0.1475,6
CARMENVI,FACULTAD DE EDUCACION,RIONEGRO,LICENCIATURA EN EDUCACION INFANTIL-CARMEN DE VIBORAL,0.1475,6
CARMENVI,FACULTAD DE ARTES,EL CARMEN DE VIBORAL,GESTION CULTURAL - CARMEN DE VIBORAL,0.1475,6
CARMENVI,FACULTAD DE EDUCACION,LA UNION,LICENCIATURA EN CIENCIAS SOCIALES-CARMEN DE VIBORAL,0.1475,6
CAUCASIA,FACULTAD DE EDUCACION,CAUCASIA,LICENCIATURA EN EDUCACION INFANTIL - CAUCASIA,0.1472,6
AMALFI,FACULTAD DE CIENCIAS ECONOMICAS,AMALFI,GESTION EN ECOLOGIA Y TURISMO - AMALFI,0.1472,6
ANDES,INSTITUTO UNIVERSITARIO DE EDUCACION FISICA Y DEPORTES,ANDES,ENTRENAMIENTO DEPORTIVO - ANDES,0.1471,6
ANDES,FACULTAD DE EDUCACION,JARDIN,LICENCIATURA EN LITERATURA Y LENGUA CASTELLANA-ANDES,0.1469,6
APARTADO,FACULTAD DE ARTES,SAN JUAN DE URABA,LICENCIATURA EN DANZA -APARTADO,0.1468,6
SEGOVIA,INSTITUTO UNIVERSITARIO DE EDUCACION FISICA Y DEPORTES,REMEDIOS,LICENCIATURA EN EDUCACION FISICA - SEGOVIA,0.1468,6
CARMENVI,FACULTAD DE EDUCACION,RIONEGRO,LICENCIATURA EN CIENCIAS SOCIALES-CARMEN DE VIBORAL,0.1468,6
SEGOVIA,INSTITUTO UNIVERSITARIO DE EDUCACION FISICA Y DEPORTES,SEGOVIA,LICENCIATURA EN EDUCACION FISICA - SEGOVIA,0.1466,6
ANDES,INSTITUTO UNIVERSITARIO DE EDUCACION FISICA Y DEPORTES,ANDES,LICENCIATURA EN EDUCACION FISICA - ANDES,0.1466,6
ANDES,FACULTAD DE EDUCACION,HISPANIA,LICENCIATURA EN EDUCACION ESPECIAL - ANDES,0.1465,6
ANDES,INSTITUTO UNIVERSITARIO DE EDUCACION FISICA Y DEPORTES,JARDIN,ENTRENAMIENTO DEPORTIVO - ANDES,0.1463,6
APARTADO,FACULTAD DE INGENIERIA,TURBO,INGENIERIA CIVIL-APARTADO,0.1463,6
TURBO,FACULTAD DE EDUCACION,TURBO,PEDAGOGIA EN RURALIDAD Y PAZ - TURBO,0.1462,6
TURBO,FACULTAD DE CIENCIAS FARMACEUTICAS Y ALIMENTARIAS,TURBO,TECNOLOGIA EN REGENCIA DE FARMACIA - TURBO,0.1462,6
SEGOVIA,FACULTAD NACIONAL DE SALUD PUBLICA,SEGOVIA,TECNOLOGIA EN ADMINISTRACION DE SERVICIOS DE SALUD-SEGOVIA,0.1461,6
CARMENVI,FACULTAD DE EDUCACION,LA CEJA,LICENCIATURA EN CIENCIAS NATURALES-CARMEN DE VIBORAL,0.1461,6
TURBO,FACULTAD DE EDUCACION,RIOSUCIO,PEDAGOGIA EN RURALIDAD Y PAZ - TURBO,0.1461,6
CAUCASIA,FACULTAD DE EDUCACION,CAUCASIA,LICENCIATURA EN EDUCACION INFANTIL - CAUCASIA,0.146,6
CAUCASIA,INSTITUTO UNIVERSITARIO DE EDUCACION FISICA Y DEPORTES,CAUCASIA,LICENCIATURA EN EDUCACION FISICA - CAUCASIA,0.1459,6
CAUCASIA,FACULTAD DE DERECHO Y CIENCIAS POLITICAS,CAUCASIA,DERECHO - CAUCASIA,0.1459,6
CARMENVI,FACULTAD DE ARTES,EL CARMEN DE VIBORAL,LICENCIATURA EN MUSICA-CARMEN DE VIBORAL,0.1458,6
P-BERRIO,FACULTAD NACIONAL DE SALUD PUBLICA,PUERTO BERRIO,ADMINISTRACION AMBIENTAL Y SANITARIA-PUERTO BERRIO,0.1455,6
CARMENVI,ESCUELA DE NUTRICION Y DIETETICA,EL CARMEN DE VIBORAL,NUTRICION Y DIETETICA - CARMEN DE VIBORAL,0.1455,6
ANDES,FACULTAD NACIONAL DE SALUD PUBLICA,HISPANIA,ADMINISTRACION AMBIENTAL Y SANITARIA- ANDES,0.1453,6
CARMENVI,INSTITUTO DE FILOSOFIA,RIONEGRO,LICENCIATURA EN FILOSOFIA - CARMEN DE VIBORAL,0.1451,6
APARTADO,FACULTAD DE CIENCIAS ECONOMICAS,CAREPA,GESTION EN ECOLOGIA Y TURISMO - APARTADO,0.1451,6
SEGOVIA,FACULTAD DE DERECHO Y CIENCIAS POLITICAS,REMEDIOS,DERECHO SEGOVIA,0.145,6
TURBO,FACULTAD DE EDUCACION,TURBO,LICENCIATURA EN MATEMATICAS-TURBO,0.145,6
CAUCASIA,INSTITUTO UNIVERSITARIO DE EDUCACION FISICA Y DEPORTES,AYAPEL,LICENCIATURA EN EDUCACION FISICA - CAUCASIA,0.145,6
TURBO,FACULTAD DE CIENCIAS FARMACEUTICAS Y ALIMENTARIAS,TURBO,TECNOLOGIA EN REGENCIA DE FARMACIA - TURBO,0.1448,6
SEGOVIA,INSTITUTO UNIVERSITARIO DE EDUCACION FISICA Y DEPORTES,REMEDIOS,LICENCIATURA EN EDUCACION FISICA - SEGOVIA,0.1448,6
P-BERRIO,FACULTAD DE DERECHO Y CIENCIAS POLITICAS,PUERTO BERRIO,DERECHO - PUERTO BERRIO,0.1447,6
CARMENVI,FACULTAD DE EDUCACION,MEDELLIN,LICENCIATURA EN MATEMATICAS-CARMEN DE VIBORAL,0.1447,6
CARMENVI,FACULTAD DE CIENCIAS ECONOMICAS,LA UNION,CONTADURIA PUBLICA - CARMEN DE VIBORAL,0.1447,6
STAFEANT,FACULTAD DE EDUCACION,SANTAFE DE ANTIOQUIA,LICENCIATURA EN MATEMATICAS - SANTA FE DE ANTIOQUIA,0.1447,6
CAUCASIA,INSTITUTO UNIVERSITARIO DE EDUCACION FISICA Y DEPORTES,CAUCASIA,LICENCIATURA EN EDUCACION FISICA - CAUCASIA,0.1446,6
CAREPA,INSTITUTO UNIVERSITARIO DE EDUCACION FISICA Y DEPORTES,CHIGORODO,LICENCIATURA EN EDUCACION FISICA - CAREPA,0.1445,6
SEGOVIA,FACULTAD NACIONAL DE SALUD PUBLICA,VEGACHI,TECNOLOGIA EN ADMINISTRACION DE SERVICIOS DE SALUD-SEGOVIA,0.1445,6
CARMENVI,FACULTAD DE ARTES,EL CARMEN DE VIBORAL,LICENCIATURA EN DANZA -CARMEN DE VIBORAL,0.1443,6
APARTADO,FACULTAD DE COMUNICACIONES Y FILOLOGIA,APARTADO,COMUNICACION SOCIAL - PERIODISMO APARTADO,0.1443,6
CARMENVI,FACULTAD DE EDUCACION,EL CARMEN DE VIBORAL,LICENCIATURA EN FISICA - CARMEN DE VIBORAL,0.1442,6
ANDES,FACULTAD DE CIENCIAS AGRARIAS,JARDIN,INGENIERIA AGROPECUARIA - ANDES,0.1442,6
CARMENVI,FACULTAD DE CIENCIAS ECONOMICAS,SONSON,CONTADURIA PUBLICA - CARMEN DE VIBORAL,0.1441,6
CARMENVI,FACULTAD DE CIENCIAS FARMACEUTICAS Y ALIMENTARIAS,MEDELLIN,CIENCIAS CULINARIAS - CARMEN DE VIBORAL,0.144,6
CAREPA,INSTITUTO UNIVERSITARIO DE EDUCACION FISICA Y DEPORTES,APARTADO,LICENCIATURA EN EDUCACION FISICA - CAREPA,0.144,6
CARMENVI,INSTITUTO DE FILOSOFIA,EL CARMEN DE VIBORAL,LICENCIATURA EN FILOSOFIA - CARMEN DE VIBORAL,0.1439,6
SONSON,FACULTAD DE EDUCACION,SONSON,LICENCIATURA EN LITERATURA Y LENGUA CASTELLANA SONSON,0.1437,5
ANDES,FACULTAD NACIONAL DE SALUD PUBLICA,CIUDAD BOLIVAR,ADMINISTRACION AMBIENTAL Y SANITARIA- ANDES,0.1436,5
TURBO,FACULTAD DE CIENCIAS FARMACEUTICAS Y ALIMENTARIAS,CAREPA,TECNOLOGIA EN REGENCIA DE FARMACIA - TURBO,0.1436,5
CAUCASIA,FACULTAD DE EDUCACION,CAUCASIA,LICENCIATURA EN EDUCACION INFANTIL - CAUCASIA,0.1434,5
CARMENVI,FACULTAD DE EDUCACION,EL PENOL,PEDAGOGIA EN RURALIDAD Y PAZ -CARMEN DE VIBORAL,0.1434,5
CAUCASIA,FACULTAD NACIONAL DE SALUD PUBLICA,CACERES,ADMINISTRACION EN SALUD-CAUCASIA,0.1433,5
CAUCASIA,INSTITUTO UNIVERSITARIO DE EDUCACION FISICA Y DEPORTES,CAUCASIA,LICENCIATURA EN EDUCACION FISICA - CAUCASIA,0.1431,5
CARMENVI,FACULTAD DE EDUCACION,MARINILLA,LICENCIATURA EN CIENCIAS NATURALES-CARMEN DE VIBORAL,0.1431,5
SEGOVIA,INSTITUTO UNIVERSITARIO DE EDUCACION FISICA Y DEPORTES,REMEDIOS,LICENCIATURA EN EDUCACION FISICA - SEGOVIA,0.143,5
CAUCASIA,FACULTAD NACIONAL DE SALUD PUBLICA,CACERES,ADMINISTRACION AMBIENTAL Y SANITARIA- CAUCASIA,0.143,5
CAUCASIA,INSTITUTO UNIVERSITARIO DE EDUCACION FISICA Y DEPORTES,LA APARTADA,LICENCIATURA EN EDUCACION FISICA - CAUCASIA,0.143,5
TURBO,FACULTAD NACIONAL DE SALUD PUBLICA,TURBO,ADMINISTRACION AMBIENTAL Y SANITARIA- TURBO,0.1429,5
P-BERRIO,FACULTAD DE CIENCIAS FARMACEUTICAS Y ALIMENTARIAS,PUERTO BERRIO,TECNOLOGIA EN REGENCIA DE FARMACIA - PUERTO BERRIO,0.1429,5
TURBO,FACULTAD DE EDUCACION,APARTADO,PEDAGOGIA EN RURALIDAD Y PAZ - TURBO,0.1429,5
CAUCASIA,FACULTAD DE CIENCIAS ECONOMICAS,CAUCASIA,ADMINISTRACION DE EMPRESAS - CAUCASIA,0.1429,5
AMALFI,FACULTAD DE EDUCACION,AMALFI,PEDAGOGIA EN RURALIDAD Y PAZ- AMALFI,0.1427,5
CARMENVI,FACULTAD DE CIENCIAS FARMACEUTICAS Y ALIMENTARIAS,MARINILLA,TECNOLOGIA EN REGENCIA DE FARMACIA - CARMEN DE VIBORAL,0.1426,5
TURBO,FACULTAD DE EDUCACION,TURBO,LICENCIATURA EN CIENCIAS NATURALES-TURBO,0.1425,5
CARMENVI,FACULTAD DE ARTES,EL PENOL,LICENCIATURA EN MUSICA-CARMEN DE VIBORAL,0.1425,5
CAUCASIA,INSTITUTO UNIVERSITARIO DE EDUCACION FISICA Y DEPORTES,PLANETA RICA,LICENCIATURA EN EDUCACION FISICA - CAUCASIA,0.1424,5
CAUCASIA,FACULTAD DE CIENCIAS ECONOMICAS,CAUCASIA,ADMINISTRACION DE EMPRESAS - CAUCASIA,0.1424,5
YARUMAL,FACULTAD NACIONAL DE SALUD PUBLICA,YARUMAL,ADMINISTRACION EN SALUD-YARUMAL,0.1424,5
CAUCASIA,INSTITUTO UNIVERSITARIO DE EDUCACION FISICA Y DEPORTES,MONTELIBANO,LICENCIATURA EN EDUCACION FISICA - CAUCASIA,0.1422,5
ANDES,ESCUELA DE MICROBIOLOGIA,ANDES,MICROBIOLOGIA INDUSTRIAL Y AMBIENTAL-ANDES,0.1422,5
YARUMAL,FACULTAD DE COMUNICACIONES Y FILOLOGIA,YARUMAL,COMUNICACION SOCIAL - PERIODISMO YARUMAL,0.1421,5
CARMENVI,FACULTAD DE EDUCACION,EL CARMEN DE VIBORAL,LICENCIATURA EN EDUCACION INFANTIL-CARMEN DE VIBORAL,0.1419,5
CAUCASIA,INSTITUTO UNIVERSITARIO DE EDUCACION FISICA Y DEPORTES,CAUCASIA,LICENCIATURA EN EDUCACION FISICA - CAUCASIA,0.1419,5
CAUCASIA,FACULTAD DE DERECHO Y CIENCIAS POLITICAS,CAUCASIA,DERECHO - CAUCASIA,0.1415,5
CAUCASIA,INSTITUTO UNIVERSITARIO DE EDUCACION FISICA Y DEPORTES,CAUCASIA,LICENCIATURA EN EDUCACION FISICA - CAUCASIA,0.1415,5
APARTADO,FACULTAD DE CIENCIAS ECONOMICAS,CHIGORODO,GESTION EN ECOLOGIA Y TURISMO - APARTADO,0.1415,5
CARMENVI,ESCUELA DE IDIOMAS,MEDELLIN,LICENCIATURA EN LENGUAS EXTRANJERAS CON ENFASIS EN INGLES- CARMEN DE VIBORAL,0.1414,5
CARMENVI,FACULTAD DE EDUCACION,RIONEGRO,LICENCIATURA EN CIENCIAS SOCIALES-CARMEN DE VIBORAL,0.1414,5
STAFEANT,FACULTAD DE EDUCACION,ANZA,LICENCIATURA EN MATEMATICAS - SANTA FE DE ANTIOQUIA,0.1413,5
CARMENVI,FACULTAD DE CIENCIAS ECONOMICAS,EL PENOL,DESARROLLO TERRITORIAL- CARMEN DE VIBORAL,0.1412,5
CAUCASIA,INSTITUTO UNIVERSITARIO DE EDUCACION FISICA Y DEPORTES,CAUCASIA,LICENCIATURA EN EDUCACION FISICA - CAUCASIA,0.1412,5
P-BERRIO,FACULTAD DE CIENCIAS FARMACEUTICAS Y ALIMENTARIAS,PUERTO BERRIO,TECNOLOGIA EN REGENCIA DE FARMACIA - PUERTO BERRIO,0.1412,5
TURBO,FACULTAD DE EDUCACION,TURBO,LICENCIATURA EN MATEMATICAS-TURBO,0.1411,5
TURBO,FACULTAD DE EDUCACION,RIOSUCIO,PEDAGOGIA EN RURALIDAD Y PAZ - TURBO,0.141,5
YARUMAL,FACULTAD DE EDUCACION,CAMPAMENTO,LICENCIATURA EN CIENCIAS NATURALES- YARUMAL,0.1408,5
APARTADO,FACULTAD DE ARTES,APARTADO,LICENCIATURA EN MUSICA - APARTADO,0.1407,5
P-BERRIO,FACULTAD DE CIENCIAS FARMACEUTICAS Y ALIMENTARIAS,PUERTO BERRIO,TECNOLOGIA EN REGENCIA DE FARMACIA - PUERTO BERRIO,0.1404,5
SEGOVIA,INSTITUTO UNIVERSITARIO DE EDUCACION FISICA Y DEPORTES,SEGOVIA,LICENCIATURA EN EDUCACION FISICA - SEGOVIA,0.1402,5
CARMENVI,FACULTAD DE CIENCIAS EXACTAS Y NATURALES,EL CARMEN DE VIBORAL,BIOLOGIA - CARMEN DE VIBORAL,0.1402,5
CARMENVI,FACULTAD DE CIENCIAS ECONOMICAS,LA CEJA,DESARROLLO TERRITORIAL- CARMEN DE VIBORAL,0.1402,5
CAUCASIA,FACULTAD DE EDUCACION,CAUCASIA,LICENCIATURA EN EDUCACION INFANTIL - CAUCASIA,0.1401,5
SEGOVIA,FACULTAD NACIONAL DE SALUD PUBLICA,SEGOVIA,ADMINISTRACION AMBIENTAL Y SANITARIA- SEGOVIA,0.14,5
TURBO,FACULTAD DE EDUCACION,UNGUIA,PEDAGOGIA EN RURALIDAD Y PAZ - TURBO,0.1399,5
CAUCASIA,FACULTAD DE EDUCACION,CAUCASIA,LICENCIATURA EN EDUCACION INFANTIL - CAUCASIA,0.1399,5
APARTADO,FACULTAD DE EDUCACION,APARTADO,LICENCIATURA EN EDUCACION ESPECIAL - APARTADO,0.1398,5
TURBO,FACULTAD DE EDUCACION,TURBO,LICENCIATURA EN MATEMATICAS-TURBO,0.1398,5
P-BERRIO,FACULTAD NACIONAL DE SALUD PUBLICA,PUERTO BERRIO,ADMINISTRACION AMBIENTAL Y SANITARIA-PUERTO BERRIO,0.1397,5
CARMENVI,FACULTAD DE EDUCACION,MEDELLIN,LICENCIATURA EN CIENCIAS SOCIALES-CARMEN DE VIBORAL,0.1396,5
APARTADO,FACULTAD DE CIENCIAS ECONOMICAS,TURBO,CONTADURIA PUBLICA- URABA (APARTADO),0.1396,5
CARMENVI,FACULTAD DE EDUCACION,EL SANTUARIO,PEDAGOGIA EN RURALIDAD Y PAZ -CARMEN DE VIBORAL,0.1396,5
SEGOVIA,INSTITUTO UNIVERSITARIO DE EDUCACION FISICA Y DEPORTES,SEGOVIA,LICENCIATURA EN EDUCACION FISICA - SEGOVIA,0.1395,5
CARMENVI,INSTITUTO DE FILOSOFIA,GUARNE,LICENCIATURA EN FILOSOFIA - CARMEN DE VIBORAL,0.1395,5
CARMENVI,FACULTAD DE CIENCIAS AGRARIAS,LA CEJA,INGENIERIA AGROPECUARIA - CARMEN DE VIBORAL,0.1395,5
P-BERRIO,FACULTAD DE CIENCIAS FARMACEUTICAS Y ALIMENTARIAS,PUERTO BERRIO,TECNOLOGIA EN REGENCIA DE FARMACIA - PUERTO BERRIO,0.1393,5
SONSON,INSTITUTO UNIVERSITARIO DE EDUCACION FISICA Y DEPORTES,LA UNION,LICENCIATURA EN EDUCACION FISICA - SONSON,0.1391,5
CAUCASIA,FACULTAD DE CIENCIAS ECONOMICAS,CAUCASIA,CONTADURIA PUBLICA- CAUCASIA,0.139,5
CAUCASIA,FACULTAD DE ARTES,CAUCASIA,GESTION CULTURAL - CAUCASIA,0.139,5
SEGOVIA,FACULTAD NACIONAL DE SALUD PUBLICA,SEGOVIA,ADMINISTRACION AMBIENTAL Y SANITARIA- SEGOVIA,0.1389,5
TURBO,FACULTAD NACIONAL DE SALUD PUBLICA,APARTADO,ADMINISTRACION AMBIENTAL Y SANITARIA- TURBO,0.1387,5
CAREPA,FACULTAD DE CIENCIAS EXACTAS Y NATURALES,CHIGORODO,BIOLOGIA- CAREPA,0.1387,5
ANDES,INSTITUTO UNIVERSITARIO DE EDUCACION FISICA Y DEPORTES,ANDES,ENTRENAMIENTO DEPORTIVO - ANDES,0.1386,5
CAUCASIA,FACULTAD DE CIENCIAS ECONOMICAS,CAUCASIA,ADMINISTRACION DE EMPRESAS - CAUCASIA,0.1384,5
CARMENVI,FACULTAD DE EDUCACION,ABEJORRAL,PEDAGOGIA EN RURALIDAD Y PAZ -CARMEN DE VIBORAL,0.1383,5
SEGOVIA,FACULTAD NACIONAL DE SALUD PUBLICA,SEGOVIA,TECNOLOGIA EN ADMINISTRACION DE SERVICIOS DE SALUD-SEGOVIA,0.1381,5
CAUCASIA,INSTITUTO UNIVERSITARIO DE EDUCACION FISICA Y DEPORTES,SAN JOSE DE URE,LICENCIATURA EN EDUCACION FISICA - CAUCASIA,0.138,5
CARMENVI,FACULTAD DE ARTES,EL CARMEN DE VIBORAL,LICENCIATURA EN ARTES PLASTICAS - CARMEN DE VIBORAL,0.1378,5
CARMENVI,ESCUELA DE IDIOMAS,BELLO,LICENCIATURA EN LENGUAS EXTRANJERAS CON ENFASIS EN INGLES- CARMEN DE VIBORAL,0.1378,5
SEGOVIA,FACULTAD NACIONAL DE SALUD PUBLICA,SEGOVIA,TECNOLOGIA EN ADMINISTRACION DE SERVICIOS DE SALUD-SEGOVIA,0.1377,5
CARMENVI,FACULTAD DE ARTES,GUARNE,LICENCIATURA EN DANZA -CARMEN DE VIBORAL,0.1377,5
TURBO,FACULTAD DE EDUCACION,APARTADO,LICENCIATURA EN MATEMATICAS-TURBO,0.1377,5
STAFEANT,FACULTAD DE COMUNICACIONES Y FILOLOGIA,CIUDAD BOLIVAR,COMUNICACION SOCIAL - PERIODISMO SANTA FE DE ANTIOQUIA,0.1375,5
P-BERRIO,FACULTAD DE CIENCIAS ECONOMICAS,PUERTO BERRIO,GESTION EN ECOLOGIA Y TURISMO - PUERTO BERRIO,0.1374,5
TURBO,FACULTAD DE CIENCIAS FARMACEUTICAS Y ALIMENTARIAS,CAREPA,TECNOLOGIA EN REGENCIA DE FARMACIA - TURBO,0.1374,5
CARMENVI,FACULTAD DE EDUCACION,LA CEJA,LICENCIATURA EN LITERATURA Y LENGUA CASTELLANA-CV,0.1373,5
CAUCASIA,FACULTAD DE EDUCACION,CAUCASIA,LICENCIATURA EN MATEMATICAS-CAUCASIA,0.1372,5
CARMENVI,FACULTAD DE CIENCIAS FARMACEUTICAS Y ALIMENTARIAS,RIONEGRO,CIENCIAS CULINARIAS - CARMEN DE VIBORAL,0.1371,5
CARMENVI,FACULTAD DE CIENCIAS ECONOMICAS,LA UNION,GESTION EN ECOLOGIA Y TURISMO - CARMEN DE VIBORAL,0.137,5
SEGOVIA,INSTITUTO UNIVERSITARIO DE EDUCACION FISICA Y DEPORTES,SEGOVIA,LICENCIATURA EN EDUCACION FISICA - SEGOVIA,0.1369,5
CAUCASIA,INSTITUTO UNIVERSITARIO DE EDUCACION FISICA Y DEPORTES,CAUCASIA,LICENCIATURA EN EDUCACION FISICA - CAUCASIA,0.1368,5
CARMENVI,FACULTAD DE EDUCACION,MEDELLIN,PEDAGOGIA EN RURALIDAD Y PAZ -CARMEN DE VIBORAL,0.1368,5
CARMENVI,FACULTAD DE ARTES,GUARNE,LICENCIATURA EN MUSICA-CARMEN DE VIBORAL,0.1368,5
CARMENVI,FACULTAD DE CIENCIAS FARMACEUTICAS Y ALIMENTARIAS,EL CARMEN DE VIBORAL,TECNOLOGIA EN REGENCIA DE FARMACIA - CARMEN DE VIBORAL,0.1368,5
ANDES,FACULTAD DE CIENCIAS AGRARIAS,JARDIN,INGENIERIA AGROPECUARIA - ANDES,0.1367,5
SONSON,INSTITUTO UNIVERSITARIO DE EDUCACION FISICA Y DEPORTES,SONSON,LICENCIATURA EN EDUCACION FISICA - SONSON,0.1367,5
TURBO,FACULTAD DE EDUCACION,CHIGORODO,PEDAGOGIA EN RURALIDAD Y PAZ - TURBO,0.1366,5
ANDES,FACULTAD DE DERECHO Y CIENCIAS POLITICAS,ANDES,DERECHO - ANDES,0.1366,5
CAREPA,INSTITUTO UNIVERSITARIO DE EDUCACION FISICA Y DEPORTES,CAREPA,LICENCIATURA EN EDUCACION FISICA - CAREPA,0.1366,5
STAFEANT,FACULTAD DE COMUNICACIONES Y FILOLOGIA,MEDELLIN,COMUNICACION SOCIAL - PERIODISMO SANTA FE DE ANTIOQUIA,0.1365,5
CAUCASIA,FACULTAD DE CIENCIAS ECONOMICAS,CAUCASIA,ADMINISTRACION DE EMPRESAS - CAUCASIA,0.1365,5
P-BERRIO,FACULTAD DE CIENCIAS FARMACEUTICAS Y ALIMENTARIAS,PUERTO BERRIO,TECNOLOGIA EN REGENCIA DE FARMACIA - PUERTO BERRIO,0.136,5
APARTADO,FACULTAD DE CIENCIAS ECONOMICAS,APARTADO,GESTION EN ECOLOGIA Y TURISMO - APARTADO,0.1359,5
CARMENVI,FACULTAD DE CIENCIAS ECONOMICAS,EL CARMEN DE VIBORAL,DESARROLLO TERRITORIAL- CARMEN DE VIBORAL,0.1356,5
TURBO,FACULTAD DE CIENCIAS ECONOMICAS,ARBOLETES,DESARROLLO TERRITORIAL- TURBO,0.1356,5
CAUCASIA,FACULTAD DE DERECHO Y CIENCIAS POLITICAS,CAUCASIA,DERECHO - CAUCASIA,0.1355,5
CARMENVI,FACULTAD DE CIENCIAS AGRARIAS,LA CEJA,INGENIERIA AGROPECUARIA - CARMEN DE VIBORAL,0.1354,5
SEGOVIA,FACULTAD NACIONAL DE SALUD PUBLICA,SEGOVIA,TECNOLOGIA EN ADMINISTRACION DE SERVICIOS DE SALUD-SEGOVIA,0.1354,5
TURBO,FACULTAD DE COMUNICACIONES Y FILOLOGIA,CAREPA,COMUNICACION SOCIAL - PERIODISMO TURBO,0.1352,5
ANDES,FACULTAD NACIONAL DE SALUD PUBLICA,ANDES,ADMINISTRACION AMBIENTAL Y SANITARIA- ANDES,0.1352,5
APARTADO,FACULTAD NACIONAL DE SALUD PUBLICA,NECOCLI,ADMINISTRACION EN SALUD - APARTADO,0.1351,5
APARTADO,FACULTAD DE COMUNICACIONES Y FILOLOGIA,APARTADO,COMUNICACION SOCIAL - PERIODISMO APARTADO,0.135,5
SEGOVIA,FACULTAD NACIONAL DE SALUD PUBLICA,REMEDIOS,ADMINISTRACION AMBIENTAL Y SANITARIA- SEGOVIA,0.135,5
CARMENVI,FACULTAD DE ARTES,COCORNA,LICENCIATURA EN DANZA -CARMEN DE VIBORAL,0.1349,5
CAREPA,INSTITUTO UNIVERSITARIO DE EDUCACION FISICA Y DEPORTES,MUTATA,LICENCIATURA EN EDUCACION FISICA - CAREPA,0.1347,5
CARMENVI,FACULTAD DE EDUCACION,EL CARMEN DE VIBORAL,LICENCIATURA EN MATEMATICAS-CARMEN DE VIBORAL,0.1346,5
CAUCASIA,FACULTAD DE DERECHO Y CIENCIAS POLITICAS,TARAZA,DERECHO - CAUCASIA,0.1346,5
CAUCASIA,FACULTAD DE ARTES,CACERES,GESTION CULTURAL - CAUCASIA,0.1346,5
TURBO,FACULTAD DE EDUCACION,SAN PEDRO DE URABA,LICENCIATURA EN MATEMATICAS-TURBO,0.1343,5
CAUCASIA,FACULTAD DE CIENCIAS ECONOMICAS,LA APARTADA,ADMINISTRACION DE EMPRESAS - CAUCASIA,0.1341,5
CARMENVI,FACULTAD DE EDUCACION,EL CARMEN DE VIBORAL,LICENCIATURA EN EDUCACION ESPECIAL - CARMEN DE VIBORAL,0.1341,5
CAUCASIA,INSTITUTO UNIVERSITARIO DE EDUCACION FISICA Y DEPORTES,LA APARTADA,LICENCIATURA EN EDUCACION FISICA - CAUCASIA,0.134,5
APARTADO,FACULTAD DE ARTES,APARTADO,LICENCIATURA EN ARTES PLASTICAS-APARTADO,0.1339,5
CARMENVI,FACULTAD DE EDUCACION,RIONEGRO,LICENCIATURA EN LITERATURA Y LENGUA CASTELLANA-CV,0.1339,5
CAUCASIA,FACULTAD DE CIENCIAS FARMACEUTICAS Y ALIMENTARIAS,NECHI,TECNOLOGIA EN REGENCIA DE FARMACIA - CAUCASIA,0.1339,5
CAUCASIA,FACULTAD DE ARTES,CAUCASIA,GESTION CULTURAL - CAUCASIA,0.1337,5
CARMENVI,FACULTAD DE EDUCACION,GUATAPE,LICENCIATURA EN EDUCACION ESPECIAL - CARMEN DE VIBORAL,0.1335,5
STAFEANT,FACULTAD DE EDUCACION,SANTAFE DE ANTIOQUIA,LICENCIATURA EN MATEMATICAS - SANTA FE DE ANTIOQUIA,0.1335,5
CAUCASIA,FACULTAD DE CIENCIAS FARMACEUTICAS Y ALIMENTARIAS,CAUCASIA,TECNOLOGIA EN REGENCIA DE FARMACIA - CAUCASIA,0.1335,5
APARTADO,FACULTAD DE CIENCIAS ECONOMICAS,CHIGORODO,CONTADURIA PUBLICA- URABA (APARTADO),0.1334,5
APARTADO,FACULTAD DE CIENCIAS ECONOMICAS,APARTADO,GESTION EN ECOLOGIA Y TURISMO - APARTADO,0.1333,5
TURBO,FACULTAD DE CIENCIAS FARMACEUTICAS Y ALIMENTARIAS,CHIGORODO,TECNOLOGIA EN REGENCIA DE FARMACIA - TURBO,0.1332,5
CAUCASIA,FACULTAD NACIONAL DE SALUD PUBLICA,CAUCASIA,ADMINISTRACION AMBIENTAL Y SANITARIA- CAUCASIA,0.1332,5
CAUCASIA,FACULTAD NACIONAL DE SALUD PUBLICA,CACERES,ADMINISTRACION EN SALUD-CAUCASIA,0.1331,5
CAUCASIA,FACULTAD DE CIENCIAS ECONOMICAS,CAUCASIA,ADMINISTRACION DE EMPRESAS - CAUCASIA,0.1331,5
CAUCASIA,FACULTAD DE CIENCIAS FARMACEUTICAS Y ALIMENTARIAS,CAUCASIA,TECNOLOGIA EN REGENCIA DE FARMACIA - CAUCASIA,0.133,5
CAREPA,INSTITUTO UNIVERSITARIO DE EDUCACION FISICA Y DEPORTES,APARTADO,LICENCIATURA EN EDUCACION FISICA - CAREPA,0.133,5
SEGOVIA,INSTITUTO UNIVERSITARIO DE EDUCACION FISICA Y DEPORTES,SEGOVIA,LICENCIATURA EN EDUCACION FISICA - SEGOVIA,0.1329,5
ANDES,FACULTAD NACIONAL DE SALUD PUBLICA,ANDES,ADMINISTRACION AMBIENTAL Y SANITARIA- ANDES,0.1328,5
CAUCASIA,FACULTAD DE DERECHO Y CIENCIAS POLITICAS,CAUCASIA,DERECHO - CAUCASIA,0.1327,5
ANDES,FACULTAD DE DERECHO Y CIENCIAS POLITICAS,MEDELLIN,DERECHO - ANDES,0.1326,5
CAUCASIA,FACULTAD DE DERECHO Y CIENCIAS POLITICAS,CAUCASIA,DERECHO - CAUCASIA,0.1326,5
ANDES,FACULTAD DE CIENCIAS AGRARIAS,BETULIA,INGENIERIA AGROPECUARIA - ANDES,0.1325,5
ANDES,INSTITUTO UNIVERSITARIO DE EDUCACION FISICA Y DEPORTES,ANDES,ENTRENAMIENTO DEPORTIVO - ANDES,0.1325,5
P-BERRIO,FACULTAD NACIONAL DE SALUD PUBLICA,PUERTO BERRIO,ADMINISTRACION AMBIENTAL Y SANITARIA-PUERTO BERRIO,0.1324,5
CARMENVI,FACULTAD DE CIENCIAS ECONOMICAS,EL CARMEN DE VIBORAL,GESTION EN ECOLOGIA Y TURISMO - CARMEN DE VIBORAL,0.1323,5
CAUCASIA,FACULTAD NACIONAL DE SALUD PUBLICA,SAN JOSE DE URE,ADMINISTRACION EN SALUD-CAUCASIA,0.1323,5
CARMENVI,FACULTAD DE CIENCIAS ECONOMICAS,LA UNION,CONTADURIA PUBLICA - CARMEN DE VIBORAL,0.1322,5
CAUCASIA,FACULTAD DE CIENCIAS ECONOMICAS,ZARAGOZA,ADMINISTRACION DE EMPRESAS - CAUCASIA,0.1322,5
CARMENVI,INSTITUTO DE FILOSOFIA,EL CARMEN DE VIBORAL,LICENCIATURA EN FILOSOFIA - CARMEN DE VIBORAL,0.1322,5
CARMENVI,FACULTAD DE ARTES,RIONEGRO,ARTE DRAMATICO- CARMEN DE VIBORAL,0.1321,5
CARMENVI,FACULTAD DE EDUCACION,LA CEJA,LICENCIATURA EN EDUCACION ESPECIAL - CARMEN DE VIBORAL,0.1321,5
CARMENVI,FACULTAD DE CIENCIAS FARMACEUTICAS Y ALIMENTARIAS,EL CARMEN DE VIBORAL,CIENCIAS CULINARIAS - CARMEN DE VIBORAL,0.132,5
CARMENVI,FACULTAD DE EDUCACION,LA CEJA,LICENCIATURA EN LITERATURA Y LENGUA CASTELLANA-CV,0.1319,5
CARMENVI,FACULTAD DE CIENCIAS ECONOMICAS,RIONEGRO,DESARROLLO TERRITORIAL- CARMEN DE VIBORAL,0.1318,5
CARMENVI,FACULTAD DE ARTES,RIONEGRO,LICENCIATURA EN MUSICA-CARMEN DE VIBORAL,0.1318,5
ANDES,FACULTAD DE CIENCIAS ECONOMICAS,ANDES,GESTION EN ECOLOGIA Y TURISMO - ANDES,0.1318,5
CARMENVI,FACULTAD DE CIENCIAS FARMACEUTICAS Y ALIMENTARIAS,CUCUTA,CIENCIAS CULINARIAS - CARMEN DE VIBORAL,0.1318,5
CAUCASIA,FACULTAD DE DERECHO Y CIENCIAS POLITICAS,CAUCASIA,DERECHO - CAUCASIA,0.1317,5
CAUCASIA,FACULTAD DE CIENCIAS SOCIALES Y HUMANAS,NECHI,TRABAJO SOCIAL - CAUCASIA,0.1317,5
ANDES,FACULTAD DE EDUCACION,MEDELLIN,LICENCIATURA EN CIENCIAS NATURALES - ANDES,0.1315,5
CAUCASIA,FACULTAD DE CIENCIAS ECONOMICAS,EL BAGRE,CONTADURIA PUBLICA- CAUCASIA,0.1315,5
SONSON,FACULTAD NACIONAL DE SALUD PUBLICA,NARINO,ADMINISTRACION EN SALUD - SONSON,0.1315,5
APARTADO,FACULTAD DE CIENCIAS ECONOMICAS,TURBO,CONTADURIA PUBLICA- URABA (APARTADO),0.1314,5
CAREPA,FACULTAD DE CIENCIAS AGRARIAS,SILVIA,INGENIERIA AGROPECUARIA-CAREPA,0.1314,5
CAUCASIA,INSTITUTO UNIVERSITARIO DE EDUCACION FISICA Y DEPORTES,CAUCASIA,LICENCIATURA EN EDUCACION FISICA - CAUCASIA,0.1314,5
CARMENVI,FACULTAD DE EDUCACION,ABEJORRAL,LICENCIATURA EN MATEMATICAS-CARMEN DE VIBORAL,0.1314,5
SEGOVIA,FACULTAD NACIONAL DE SALUD PUBLICA,REMEDIOS,ADMINISTRACION AMBIENTAL Y SANITARIA- SEGOVIA,0.131,5
SEGOVIA,FACULTAD NACIONAL DE SALUD PUBLICA,SEGOVIA,TECNOLOGIA EN ADMINISTRACION DE SERVICIOS DE SALUD-SEGOVIA,0.1309,5
CARMENVI,FACULTAD DE CIENCIAS FARMACEUTICAS Y ALIMENTARIAS,LA CEJA,INGENIERIA DE ALIMENTOS - CARMEN DE VIBORAL,0.1309,5
SONSON,FACULTAD NACIONAL DE SALUD PUBLICA,SONSON,ADMINISTRACION EN SALUD - SONSON,0.1307,5
CAREPA,ESCUELA DE IDIOMAS,APARTADO,LICENCIATURA EN LENGUAS EXTRANJERAS CON ENFASIS EN INGLES - CAREPA,0.1307,5
CARMENVI,ESCUELA DE NUTRICION Y DIETETICA,EL CARMEN DE VIBORAL,NUTRICION Y DIETETICA - CARMEN DE VIBORAL,0.1306,5
SEGOVIA,FACULTAD NACIONAL DE SALUD PUBLICA,SEGOVIA,ADMINISTRACION AMBIENTAL Y SANITARIA- SEGOVIA,0.1306,5
APARTADO,FACULTAD DE CIENCIAS ECONOMICAS,APARTADO,CONTADURIA PUBLICA- URABA (APARTADO),0.1306,5
CAUCASIA,FACULTAD NACIONAL DE SALUD PUBLICA,CAUCASIA,ADMINISTRACION EN SALUD-CAUCASIA,0.1305,5
SEGOVIA,FACULTAD NACIONAL DE SALUD PUBLICA,SEGOVIA,TECNOLOGIA EN ADMINISTRACION DE SERVICIOS DE SALUD-SEGOVIA,0.1303,5
SONSON,FACULTAD NACIONAL DE SALUD PUBLICA,SONSON,ADMINISTRACION EN SALUD - SONSON,0.1303,5
ANDES,FACULTAD DE CIENCIAS ECONOMICAS,ANDES,GESTION EN ECOLOGIA Y TURISMO - ANDES,0.1302,5
SEGOVIA,FACULTAD NACIONAL DE SALUD PUBLICA,SEGOVIA,ADMINISTRACION AMBIENTAL Y SANITARIA- SEGOVIA,0.1301,5
TURBO,FACULTAD DE CIENCIAS FARMACEUTICAS Y ALIMENTARIAS,TURBO,TECNOLOGIA EN REGENCIA DE FARMACIA - TURBO,0.13,5
SEGOVIA,FACULTAD NACIONAL DE SALUD PUBLICA,SEGOVIA,TECNOLOGIA EN ADMINISTRACION DE SERVICIOS DE SALUD-SEGOVIA,0.13,5
CARMENVI,FACULTAD DE CIENCIAS ECONOMICAS,EL CARMEN DE VIBORAL,DESARROLLO TERRITORIAL- CARMEN DE VIBORAL,0.13,5
APARTADO,FACULTAD DE ARTES,CHIGORODO,LICENCIATURA EN MUSICA - APARTADO,0.1299,5
SEGOVIA,FACULTAD NACIONAL DE SALUD PUBLICA,SEGOVIA,ADMINISTRACION AMBIENTAL Y SANITARIA- SEGOVIA,0.1299,5
CAUCASIA,FACULTAD DE DERECHO Y CIENCIAS POLITICAS,CAUCASIA,DERECHO - CAUCASIA,0.1298,5
CARMENVI,FACULTAD DE EDUCACION,EL CARMEN DE VIBORAL,LICENCIATURA EN LITERATURA Y LENGUA CASTELLANA-CV,0.1296,5
APARTADO,FACULTAD DE CIENCIAS ECONOMICAS,APARTADO,CONTADURIA PUBLICA- URABA (APARTADO),0.1296,5
CARMENVI,FACULTAD DE EDUCACION,EL CARMEN DE VIBORAL,LICENCIATURA EN EDUCACION ESPECIAL - CARMEN DE VIBORAL,0.1295,5
ANDES,FACULTAD NACIONAL DE SALUD PUBLICA,ANDES,ADMINISTRACION AMBIENTAL Y SANITARIA- ANDES,0.1295,5
SEGOVIA,FACULTAD NACIONAL DE SALUD PUBLICA,SEGOVIA,TECNOLOGIA EN ADMINISTRACION DE SERVICIOS DE SALUD-SEGOVIA,0.1295,5
SONSON,INSTITUTO UNIVERSITARIO DE EDUCACION FISICA Y DEPORTES,SONSON,LICENCIATURA EN EDUCACION FISICA - SONSON,0.1294,5
TURBO,FACULTAD DE EDUCACION,TURBO,LICENCIATURA EN FISICA - TURBO,0.1293,5
APARTADO,FACULTAD DE COMUNICACIONES Y FILOLOGIA,APARTADO,COMUNICACION SOCIAL - PERIODISMO APARTADO,0.1293,5
CARMENVI,FACULTAD DE CIENCIAS FARMACEUTICAS Y ALIMENTARIAS,BUCARAMANGA,CIENCIAS CULINARIAS - CARMEN DE VIBORAL,0.1293,5
TURBO,FACULTAD DE CIENCIAS ECONOMICAS,TURBO,ADMINISTRACION DE EMPRESAS - TURBO,0.1292,5
CAUCASIA,FACULTAD DE CIENCIAS FARMACEUTICAS Y ALIMENTARIAS,CAUCASIA,TECNOLOGIA EN REGENCIA DE FARMACIA - CAUCASIA,0.1292,5
TURBO,FACULTAD DE CIENCIAS ECONOMICAS,APARTADO,ADMINISTRACION DE EMPRESAS - TURBO,0.1292,5
CAREPA,FACULTAD DE CIENCIAS AGRARIAS,CAREPA,INGENIERIA AGROPECUARIA-CAREPA,0.129,5
SEGOVIA,FACULTAD NACIONAL DE SALUD PUBLICA,SEGOVIA,TECNOLOGIA EN ADMINISTRACION DE SERVICIOS DE SALUD-SEGOVIA,0.129,5
APARTADO,FACULTAD DE COMUNICACIONES Y FILOLOGIA,APARTADO,COMUNICACION SOCIAL - PERIODISMO APARTADO,0.1287,5
CAREPA,INSTITUTO UNIVERSITARIO DE EDUCACION FISICA Y DEPORTES,CHIGORODO,LICENCIATURA EN EDUCACION FISICA - CAREPA,0.1286,5
CARMENVI,FACULTAD DE ARTES,RIONEGRO,LICENCIATURA EN ARTES PLASTICAS - CARMEN DE VIBORAL,0.1286,5
ANDES,FACULTAD NACIONAL DE SALUD PUBLICA,HISPANIA,ADMINISTRACION AMBIENTAL Y SANITARIA- ANDES,0.1285,5
APARTADO,FACULTAD DE CIENCIAS ECONOMICAS,CHIGORODO,GESTION EN ECOLOGIA Y TURISMO - APARTADO,0.1284,5
CAUCASIA,FACULTAD DE CIENCIAS FARMACEUTICAS Y ALIMENTARIAS,EL BAGRE,TECNOLOGIA EN REGENCIA DE FARMACIA - CAUCASIA,0.1284,5
APARTADO,FACULTAD DE CIENCIAS ECONOMICAS,CHIGORODO,GESTION EN ECOLOGIA Y TURISMO - APARTADO,0.1283,5
SEGOVIA,FACULTAD NACIONAL DE SALUD PUBLICA,SEGOVIA,TECNOLOGIA EN ADMINISTRACION DE SERVICIOS DE SALUD-SEGOVIA,0.1282,5
SEGOVIA,INSTITUTO UNIVERSITARIO DE EDUCACION FISICA Y DEPORTES,VEGACHI,LICENCIATURA EN EDUCACION FISICA - SEGOVIA,0.1281,5
CARMENVI,FACULTAD DE EDUCACION,LA CEJA,LICENCIATURA EN CIENCIAS NATURALES-CARMEN DE VIBORAL,0.128,5
TURBO,FACULTAD DE CIENCIAS FARMACEUTICAS Y ALIMENTARIAS,APARTADO,TECNOLOGIA EN REGENCIA DE FARMACIA - TURBO,0.128,5
SONSON,INSTITUTO UNIVERSITARIO DE EDUCACION FISICA Y DEPORTES,SONSON,LICENCIATURA EN EDUCACION FISICA - SONSON,0.1279,5
STAFEANT,INSTITUTO UNIVERSITARIO DE EDUCACION FISICA Y DEPORTES,SANTAFE DE ANTIOQUIA,LICENCIATURA EN EDUCACION FISICA - SANTA FE DE ANTIOQUIA,0.1278,5
CARMENVI,ESCUELA DE IDIOMAS,RIONEGRO,LICENCIATURA EN LENGUAS EXTRANJERAS CON ENFASIS EN INGLES- CARMEN DE VIBORAL,0.1276,5
TURBO,FACULTAD DE CIENCIAS ECONOMICAS,TURBO,DESARROLLO TERRITORIAL- TURBO,0.1275,5
CARMENVI,FACULTAD DE CIENCIAS FARMACEUTICAS Y ALIMENTARIAS,MEDELLIN,TECNOLOGIA EN REGENCIA DE FARMACIA - CARMEN DE VIBORAL,0.1273,5
SEGOVIA,FACULTAD NACIONAL DE SALUD PUBLICA,SEGOVIA,TECNOLOGIA EN ADMINISTRACION DE SERVICIOS DE SALUD-SEGOVIA,0.1272,5
CAUCASIA,FACULTAD DE EDUCACION,CAUCASIA,LICENCIATURA EN MATEMATICAS-CAUCASIA,0.1272,5
TURBO,FACULTAD DE EDUCACION,TURBO,LICENCIATURA EN EDUCACION INFANTIL-TURBO,0.1272,5
SEGOVIA,FACULTAD NACIONAL DE SALUD PUBLICA,SEGOVIA,TECNOLOGIA EN ADMINISTRACION DE SERVICIOS DE SALUD-SEGOVIA,0.1272,5
YARUMAL,FACULTAD DE EDUCACION,YARUMAL,LICENCIATURA EN CIENCIAS NATURALES- YARUMAL,0.1272,5
P-BERRIO,FACULTAD DE CIENCIAS FARMACEUTICAS Y ALIMENTARIAS,PUERTO BERRIO,TECNOLOGIA EN REGENCIA DE FARMACIA - PUERTO BERRIO,0.1272,5
CARMENVI,FACULTAD DE CIENCIAS ECONOMICAS,LA CEJA,GESTION EN ECOLOGIA Y TURISMO - CARMEN DE VIBORAL,0.1271,5
CAUCASIA,FACULTAD DE CIENCIAS ECONOMICAS,EL BAGRE,ADMINISTRACION DE EMPRESAS - CAUCASIA,0.127,5
SEGOVIA,FACULTAD DE DERECHO Y CIENCIAS POLITICAS,SEGOVIA,DERECHO SEGOVIA,0.1269,5
P-BERRIO,FACULTAD NACIONAL DE SALUD PUBLICA,CARACOLI,ADMINISTRACION AMBIENTAL Y SANITARIA-PUERTO BERRIO,0.1268,5
TURBO,FACULTAD DE EDUCACION,TURBO,LICENCIATURA EN CIENCIAS NATURALES-TURBO,0.1267,5
CARMENVI,FACULTAD DE EDUCACION,EL CARMEN DE VIBORAL,LICENCIATURA EN LITERATURA Y LENGUA CASTELLANA-CV,0.1266,5
P-BERRIO,FACULTAD NACIONAL DE SALUD PUBLICA,MACEO,ADMINISTRACION AMBIENTAL Y SANITARIA-PUERTO BERRIO,0.1265,5
CAREPA,INSTITUTO UNIVERSITARIO DE EDUCACION FISICA Y DEPORTES,TURBO,LICENCIATURA EN EDUCACION FISICA - CAREPA,0.1265,5
TURBO,FACULTAD DE EDUCACION,APARTADO,PEDAGOGIA EN RURALIDAD Y PAZ - TURBO,0.1262,5
TURBO,FACULTAD DE EDUCACION,TURBO,LICENCIATURA EN CIENCIAS NATURALES-TURBO,0.1262,5
CARMENVI,FACULTAD DE ARTES,GUARNE,LICENCIATURA EN MUSICA-CARMEN DE VIBORAL,0.1262,5
CARMENVI,FACULTAD DE CIENCIAS AGRARIAS,ABEJORRAL,INGENIERIA AGROPECUARIA - CARMEN DE VIBORAL,0.1259,5
APARTADO,FACULTAD DE CIENCIAS ECONOMICAS,APARTADO,GESTION EN ECOLOGIA Y TURISMO - APARTADO,0.1259,5
CAUCASIA,FACULTAD NACIONAL DE SALUD PUBLICA,MONTELIBANO,ADMINISTRACION EN SALUD-CAUCASIA,0.1259,5
STAFEANT,INSTITUTO UNIVERSITARIO DE EDUCACION FISICA Y DEPORTES,SANTAFE DE ANTIOQUIA,LICENCIATURA EN EDUCACION FISICA - SANTA FE DE ANTIOQUIA,0.1257,5
APARTADO,FACULTAD DE ARTES,APARTADO,LICENCIATURA EN ARTES PLASTICAS-APARTADO,0.1257,5
CARMENVI,FACULTAD DE ARTES,LA CEJA,LICENCIATURA EN ARTES PLASTICAS - CARMEN DE VIBORAL,0.1256,5
CAUCASIA,FACULTAD DE CIENCIAS FARMACEUTICAS Y ALIMENTARIAS,CAUCASIA,TECNOLOGIA EN REGENCIA DE FARMACIA - CAUCASIA,0.1254,5
ANDES,FACULTAD DE EDUCACION,JARDIN,LICENCIATURA EN CIENCIAS NATURALES - ANDES,0.1254,5
YARUMAL,FACULTAD DE EDUCACION,YARUMAL,LICENCIATURA EN CIENCIAS NATURALES- YARUMAL,0.1254,5
ANDES,FACULTAD DE DERECHO Y CIENCIAS POLITICAS,JARDIN,DERECHO - ANDES,0.1254,5
TURBO,FACULTAD DE CIENCIAS FARMACEUTICAS Y ALIMENTARIAS,SAN PEDRO DE URABA,TECNOLOGIA EN REGENCIA DE FARMACIA - TURBO,0.1253,5
CARMENVI,FACULTAD DE ARTES,RIONEGRO,LICENCIATURA EN ARTES ESCENICAS- CARMEN DE VIBORAL,0.1252,5
SONSON,FACULTAD NACIONAL DE SALUD PUBLICA,SONSON,ADMINISTRACION EN SALUD - SONSON,0.1251,5
SEGOVIA,INSTITUTO UNIVERSITARIO DE EDUCACION FISICA Y DEPORTES,SEGOVIA,LICENCIATURA EN EDUCACION FISICA - SEGOVIA,0.1251,5
CARMENVI,FACULTAD DE EDUCACION,RIONEGRO,LICENCIATURA EN EDUCACION ESPECIAL - CARMEN DE VIBORAL,0.1251,5
CAUCASIA,FACULTAD DE CIENCIAS ECONOMICAS,LA APARTADA,ADMINISTRACION DE EMPRESAS - CAUCASIA,0.1251,5
CARMENVI,FACULTAD DE ARTES,EL CARMEN DE VIBORAL,LICENCIATURA EN DANZA -CARMEN DE VIBORAL,0.1249,5
CARMENVI,FACULTAD DE ARTES,RIONEGRO,LICENCIATURA EN ARTES ESCENICAS- CARMEN DE VIBORAL,0.1247,5
APARTADO,FACULTAD DE CIENCIAS ECONOMICAS,CHIGORODO,GESTION EN ECOLOGIA Y TURISMO - APARTADO,0.1246,5
ANDES,FACULTAD DE EDUCACION,ANDES,LICENCIATURA EN LITERATURA Y LENGUA CASTELLANA-ANDES,0.1246,5
P-BERRIO,FACULTAD DE CIENCIAS FARMACEUTICAS Y ALIMENTARIAS,PUERTO BERRIO,TECNOLOGIA EN REGENCIA DE FARMACIA - PUERTO BERRIO,0.1246,5
SEGOVIA,FACULTAD DE DERECHO Y CIENCIAS POLITICAS,SEGOVIA,DERECHO SEGOVIA,0.1245,5
CAUCASIA,FACULTAD DE CIENCIAS ECONOMICAS,MONTELIBANO,CONTADURIA PUBLICA- CAUCASIA,0.1245,5
CARMENVI,FACULTAD DE EDUCACION,EL CARMEN DE VIBORAL,LICENCIATURA EN LITERATURA Y LENGUA CASTELLANA-CV,0.1243,5
CAUCASIA,FACULTAD DE CIENCIAS SOCIALES Y HUMANAS,CAUCASIA,TRABAJO SOCIAL - CAUCASIA,0.1242,5
CARMENVI,FACULTAD DE EDUCACION,EL SANTUARIO,LICENCIATURA EN EDUCACION INFANTIL-CARMEN DE VIBORAL,0.1241,5
CARMENVI,FACULTAD DE CIENCIAS FARMACEUTICAS Y ALIMENTARIAS,LA UNION,INGENIERIA DE ALIMENTOS - CARMEN DE VIBORAL,0.124,5
P-BERRIO,FACULTAD NACIONAL DE SALUD PUBLICA,PUERTO BERRIO,ADMINISTRACION AMBIENTAL Y SANITARIA-PUERTO BERRIO,0.124,5
YARUMAL,FACULTAD DE COMUNICACIONES Y FILOLOGIA,YARUMAL,COMUNICACION SOCIAL - PERIODISMO YARUMAL,0.1239,5
ANDES,FACULTAD DE DERECHO Y CIENCIAS POLITICAS,MEDELLIN,DERECHO - ANDES,0.1239,5
APARTADO,FACULTAD DE INGENIERIA,ARBOLETES,INGENIERIA CIVIL-APARTADO,0.1239,5
TURBO,FACULTAD DE CIENCIAS FARMACEUTICAS Y ALIMENTARIAS,CAREPA,TECNOLOGIA EN REGENCIA DE FARMACIA - TURBO,0.1239,5
ANDES,INSTITUTO UNIVERSITARIO DE EDUCACION FISICA Y DEPORTES,ANDES,LICENCIATURA EN EDUCACION FISICA - ANDES,0.1237,5
APARTADO,FACULTAD DE EDUCACION,CAREPA,LICENCIATURA EN LITERATURA Y LENGUA CASTELLANA-APARTADO,0.1237,5
CARMENVI,FACULTAD DE CIENCIAS ECONOMICAS,GUARNE,GESTION EN ECOLOGIA Y TURISMO - CARMEN DE VIBORAL,0.1237,5
CARMENVI,FACULTAD DE CIENCIAS ECONOMICAS,EL CARMEN DE VIBORAL,ADMINISTRACION DE EMPRESAS - CARMEN DE VIBORAL,0.1235,5
CARMENVI,FACULTAD DE ARTES,LA UNION,LICENCIATURA EN MUSICA-CARMEN DE VIBORAL,0.1232,5
CAUCASIA,FACULTAD DE CIENCIAS FARMACEUTICAS Y ALIMENTARIAS,CAUCASIA,TECNOLOGIA EN REGENCIA DE FARMACIA - CAUCASIA,0.123,5
CARMENVI,FACULTAD DE CIENCIAS FARMACEUTICAS Y ALIMENTARIAS,RETIRO,TECNOLOGIA EN REGENCIA DE FARMACIA - CARMEN DE VIBORAL,0.123,5
CARMENVI,FACULTAD DE ARTES,GUATAPE,ARTE DRAMATICO- CARMEN DE VIBORAL,0.1229,5
CARMENVI,FACULTAD NACIONAL DE SALUD PUBLICA,LA UNION,ADMINISTRACION AMBIENTAL Y SANITARIA-CARMEN DE VIBORAL,0.1228,5
CARMENVI,FACULTAD DE EDUCACION,SAN VICENTE,LICENCIATURA EN MATEMATICAS-CARMEN DE VIBORAL,0.1226,5
TURBO,FACULTAD DE EDUCACION,CAREPA,LICENCIATURA EN MATEMATICAS-TURBO,0.1225,5
CARMENVI,FACULTAD DE ARTES,MARINILLA,LICENCIATURA EN ARTES ESCENICAS- CARMEN DE VIBORAL,0.1224,5
TURBO,FACULTAD DE CIENCIAS FARMACEUTICAS Y ALIMENTARIAS,SAN PEDRO DE URABA,TECNOLOGIA EN REGENCIA DE FARMACIA - TURBO,0.1224,5
CARMENVI,ESCUELA DE IDIOMAS,GUARNE,LICENCIATURA EN LENGUAS EXTRANJERAS CON ENFASIS EN INGLES- CARMEN DE VIBORAL,0.1223,5
CAUCASIA,FACULTAD DE CIENCIAS FARMACEUTICAS Y ALIMENTARIAS,EL BAGRE,TECNOLOGIA EN REGENCIA DE FARMACIA - CAUCASIA,0.1223,5
APARTADO,FACULTAD DE CIENCIAS ECONOMICAS,TURBO,CONTADURIA PUBLICA- URABA (APARTADO),0.1223,5
TURBO,FACULTAD DE EDUCACION,TURBO,LICENCIATURA EN MATEMATICAS-TURBO,0.1222,5
CARMENVI,FACULTAD DE CIENCIAS ECONOMICAS,MEDELLIN,DESARROLLO TERRITORIAL- CARMEN DE VIBORAL,0.1221,5
SEGOVIA,INSTITUTO UNIVERSITARIO DE EDUCACION FISICA Y DEPORTES,SEGOVIA,LICENCIATURA EN EDUCACION FISICA - SEGOVIA,0.122,5
CARMENVI,INSTITUTO DE FILOSOFIA,RIONEGRO,LICENCIATURA EN FILOSOFIA - CARMEN DE VIBORAL,0.1218,5
CARMENVI,FACULTAD DE CIENCIAS ECONOMICAS,LA CEJA,GESTION EN ECOLOGIA Y TURISMO - CARMEN DE VIBORAL,0.1218,5
TURBO,FACULTAD DE EDUCACION,APARTADO,PEDAGOGIA EN RURALIDAD Y PAZ - TURBO,0.1218,5
APARTADO,FACULTAD DE ARTES,TURBO,LICENCIATURA EN MUSICA - APARTADO,0.1217,5
STAFEANT,FACULTAD DE EDUCACION,SANTAFE DE ANTIOQUIA,LICENCIATURA EN CIENCIAS NATURALES - SANTA FE DE ANTIOQUIA,0.1217,5
YARUMAL,FACULTAD DE COMUNICACIONES Y FILOLOGIA,YARUMAL,COMUNICACION SOCIAL - PERIODISMO YARUMAL,0.1216,5
CARMENVI,FACULTAD DE EDUCACION,EL CARMEN DE VIBORAL,LICENCIATURA EN LITERATURA Y LENGUA CASTELLANA-CV,0.1215,5
TURBO,FACULTAD DE EDUCACION,TURBO,LICENCIATURA EN CIENCIAS NATURALES-TURBO,0.1214,5
CARMENVI,FACULTAD DE EDUCACION,EL SANTUARIO,LICENCIATURA EN LITERATURA Y LENGUA CASTELLANA-CV,0.1213,5
APARTADO,ESCUELA DE MICROBIOLOGIA,APARTADO,MICROBIOLOGIA INDUSTRIAL Y AMBIENTAL-URABA (APARTADO),0.1212,5
CARMENVI,FACULTAD DE CIENCIAS FARMACEUTICAS Y ALIMENTARIAS,RIONEGRO,INGENIERIA DE ALIMENTOS - CARMEN DE VIBORAL,0.1211,5
CAUCASIA,FACULTAD DE CIENCIAS FARMACEUTICAS Y ALIMENTARIAS,EL BAGRE,TECNOLOGIA EN REGENCIA DE FARMACIA - CAUCASIA,0.121,5
TURBO,FACULTAD DE EDUCACION,TURBO,LICENCIATURA EN MATEMATICAS-TURBO,0.1209,5
TURBO,FACULTAD DE COMUNICACIONES Y FILOLOGIA,APARTADO,COMUNICACION SOCIAL - PERIODISMO TURBO,0.1208,5
CARMENVI,FACULTAD DE CIENCIAS FARMACEUTICAS Y ALIMENTARIAS,ENVIGADO,CIENCIAS CULINARIAS - CARMEN DE VIBORAL,0.1203,5
CARMENVI,FACULTAD DE EDUCACION,RIONEGRO,LICENCIATURA EN EDUCACION INFANTIL-CARMEN DE VIBORAL,0.1202,5
CARMENVI,FACULTAD DE CIENCIAS ECONOMICAS,LA CEJA,DESARROLLO TERRITORIAL- CARMEN DE VIBORAL,0.1202,5
CAREPA,INSTITUTO UNIVERSITARIO DE EDUCACION FISICA Y DEPORTES,CAREPA,LICENCIATURA EN EDUCACION FISICA - CAREPA,0.1201,5
CAUCASIA,FACULTAD DE CIENCIAS FARMACEUTICAS Y ALIMENTARIAS,EL BAGRE,TECNOLOGIA EN REGENCIA DE FARMACIA - CAUCASIA,0.1199,5
ANDES,FACULTAD DE CIENCIAS FARMACEUTICAS Y ALIMENTARIAS,JARDIN,TECNOLOGIA EN REGENCIA DE FARMACIA - ANDES,0.1199,5
SEGOVIA,INSTITUTO UNIVERSITARIO DE EDUCACION FISICA Y DEPORTES,SEGOVIA,LICENCIATURA EN EDUCACION FISICA - SEGOVIA,0.1199,5
ANDES,FACULTAD DE CIENCIAS FARMACEUTICAS Y ALIMENTARIAS,ANDES,TECNOLOGIA EN REGENCIA DE FARMACIA - ANDES,0.1198,5
CAUCASIA,FACULTAD DE CIENCIAS FARMACEUTICAS Y ALIMENTARIAS,EL BAGRE,TECNOLOGIA EN REGENCIA DE FARMACIA - CAUCASIA,0.1197,5
CARMENVI,FACULTAD DE ARTES,RIONEGRO,LICENCIATURA EN ARTES ESCENICAS- CARMEN DE VIBORAL,0.1196,5
CARMENVI,FACULTAD DE EDUCACION,LA UNION,LICENCIATURA EN EDUCACION ESPECIAL - CARMEN DE VIBORAL,0.1195,5
ANDES,FACULTAD DE CIENCIAS FARMACEUTICAS Y ALIMENTARIAS,ANDES,TECNOLOGIA EN REGENCIA DE FARMACIA - ANDES,0.1195,5
ANDES,FACULTAD DE CIENCIAS AGRARIAS,REMEDIOS,INGENIERIA AGROPECUARIA - ANDES,0.1195,5
TURBO,FACULTAD DE CIENCIAS FARMACEUTICAS Y ALIMENTARIAS,NECOCLI,TECNOLOGIA EN REGENCIA DE FARMACIA - TURBO,0.1193,5
CARMENVI,FACULTAD DE CIENCIAS FARMACEUTICAS Y ALIMENTARIAS,MONTERIA,CIENCIAS CULINARIAS - CARMEN DE VIBORAL,0.1192,5
TURBO,FACULTAD DE CIENCIAS FARMACEUTICAS Y ALIMENTARIAS,APARTADO,TECNOLOGIA EN REGENCIA DE FARMACIA - TURBO,0.1192,5
CARMENVI,ESCUELA DE NUTRICION Y DIETETICA,MARINILLA,NUTRICION Y DIETETICA - CARMEN DE VIBORAL,0.1191,5
TURBO,FACULTAD DE CIENCIAS FARMACEUTICAS Y ALIMENTARIAS,TURBO,TECNOLOGIA EN REGENCIA DE FARMACIA - TURBO,0.119,5
CARMENVI,FACULTAD DE EDUCACION,LA UNION,LICENCIATURA EN EDUCACION ESPECIAL - CARMEN DE VIBORAL,0.119,5
CARMENVI,FACULTAD DE CIENCIAS ECONOMICAS,RIONEGRO,DESARROLLO TERRITORIAL- CARMEN DE VIBORAL,0.119,5
CAUCASIA,FACULTAD DE CIENCIAS ECONOMICAS,CAUCASIA,ADMINISTRACION DE EMPRESAS - CAUCASIA,0.1188,5
TURBO,FACULTAD DE CIENCIAS FARMACEUTICAS Y ALIMENTARIAS,TURBO,TECNOLOGIA EN REGENCIA DE FARMACIA - TURBO,0.1187,5
STAFEANT,FACULTAD DE EDUCACION,BELLO,LICENCIATURA EN MATEMATICAS - SANTA FE DE ANTIOQUIA,0.1187,5
TURBO,FACULTAD DE CIENCIAS ECONOMICAS,APARTADO,ADMINISTRACION DE EMPRESAS - TURBO,0.1185,5
ANDES,INSTITUTO UNIVERSITARIO DE EDUCACION FISICA Y DEPORTES,CIUDAD BOLIVAR,ENTRENAMIENTO DEPORTIVO - ANDES,0.1185,5
CAUCASIA,FACULTAD NACIONAL DE SALUD PUBLICA,CAUCASIA,ADMINISTRACION EN SALUD-CAUCASIA,0.1184,5
ANDES,FACULTAD DE DERECHO Y CIENCIAS POLITICAS,CIUDAD BOLIVAR,DERECHO - ANDES,0.1183,5
TURBO,FACULTAD DE EDUCACION,MUTATA,PEDAGOGIA EN RURALIDAD Y PAZ - TURBO,0.1183,5
TURBO,FACULTAD NACIONAL DE SALUD PUBLICA,CHIGORODO,ADMINISTRACION AMBIENTAL Y SANITARIA- TURBO,0.1182,5
ANDES,FACULTAD DE CIENCIAS FARMACEUTICAS Y ALIMENTARIAS,ANDES,TECNOLOGIA EN REGENCIA DE FARMACIA - ANDES,0.1181,5
CAUCASIA,FACULTAD NACIONAL DE SALUD PUBLICA,CAUCASIA,ADMINISTRACION EN SALUD-CAUCASIA,0.118,5
TURBO,FACULTAD DE CIENCIAS FARMACEUTICAS Y ALIMENTARIAS,TURBO,TECNOLOGIA EN REGENCIA DE FARMACIA - TURBO,0.118,5
CAUCASIA,FACULTAD NACIONAL DE SALUD PUBLICA,CAUCASIA,ADMINISTRACION AMBIENTAL Y SANITARIA- CAUCASIA,0.1179,5
CAUCASIA,INSTITUTO UNIVERSITARIO DE EDUCACION FISICA Y DEPORTES,CAUCASIA,LICENCIATURA EN EDUCACION FISICA - CAUCASIA,0.1179,5
P-BERRIO,FACULTAD DE CIENCIAS ECONOMICAS,MACEO,GESTION EN ECOLOGIA Y TURISMO - PUERTO BERRIO,0.1179,5
TURBO,FACULTAD DE EDUCACION,SAN PEDRO DE URABA,LICENCIATURA EN MATEMATICAS-TURBO,0.1178,5
SEGOVIA,FACULTAD NACIONAL DE SALUD PUBLICA,REMEDIOS,TECNOLOGIA EN ADMINISTRACION DE SERVICIOS DE SALUD-SEGOVIA,0.1178,5
CARMENVI,FACULTAD DE EDUCACION,RIONEGRO,PEDAGOGIA EN RURALIDAD Y PAZ -CARMEN DE VIBORAL,0.1178,5
SONSON,FACULTAD DE CIENCIAS ECONOMICAS,LA UNION,GESTION EN ECOLOGIA Y TURISMO - SONSON,0.1174,5
YARUMAL,FACULTAD DE EDUCACION,YARUMAL,LICENCIATURA EN MATEMATICAS-YARUMAL,0.1174,5
CAUCASIA,FACULTAD DE CIENCIAS FARMACEUTICAS Y ALIMENTARIAS,LA APARTADA,TECNOLOGIA EN REGENCIA DE FARMACIA - CAUCASIA,0.1174,5
CARMENVI,FACULTAD DE EDUCACION,LA CEJA,LICENCIATURA EN FISICA - CARMEN DE VIBORAL,0.1174,5
ANDES,FACULTAD DE CIENCIAS FARMACEUTICAS Y ALIMENTARIAS,ANDES,TECNOLOGIA EN REGENCIA DE FARMACIA - ANDES,0.1173,5
TURBO,FACULTAD DE CIENCIAS FARMACEUTICAS Y ALIMENTARIAS,TURBO,TECNOLOGIA EN REGENCIA DE FARMACIA - TURBO,0.1173,5
CARMENVI,FACULTAD DE EDUCACION,EL CARMEN DE VIBORAL,LICENCIATURA EN LITERATURA Y LENGUA CASTELLANA-CV,0.1172,5
SEGOVIA,FACULTAD NACIONAL DE SALUD PUBLICA,SEGOVIA,TECNOLOGIA EN ADMINISTRACION DE SERVICIOS DE SALUD-SEGOVIA,0.1172,5
CAUCASIA,FACULTAD NACIONAL DE SALUD PUBLICA,CAUCASIA,ADMINISTRACION AMBIENTAL Y SANITARIA- CAUCASIA,0.1171,5
TURBO,FACULTAD DE EDUCACION,APARTADO,LICENCIATURA EN EDUCACION INFANTIL-TURBO,0.117,5
ANDES,FACULTAD DE CIENCIAS ECONOMICAS,JARDIN,GESTION EN ECOLOGIA Y TURISMO - ANDES,0.1169,5
CARMENVI,INSTITUTO DE FILOSOFIA,LA CEJA,LICENCIATURA EN FILOSOFIA - CARMEN DE VIBORAL,0.1168,5
CARMENVI,FACULTAD DE CIENCIAS FARMACEUTICAS Y ALIMENTARIAS,RIONEGRO,TECNOLOGIA EN REGENCIA DE FARMACIA - CARMEN DE VIBORAL,0.1168,5
ANDES,FACULTAD DE CIENCIAS ECONOMICAS,JARDIN,GESTION EN ECOLOGIA Y TURISMO - ANDES,0.1166,5
CAUCASIA,FACULTAD NACIONAL DE SALUD PUBLICA,CAUCASIA,ADMINISTRACION AMBIENTAL Y SANITARIA- CAUCASIA,0.1166,5
TURBO,FACULTAD DE EDUCACION,APARTADO,LICENCIATURA EN EDUCACION INFANTIL-TURBO,0.1165,5
ANDES,FACULTAD DE CIENCIAS AGRARIAS,JARDIN,INGENIERIA AGROPECUARIA - ANDES,0.1163,5
ANDES,FACULTAD DE CIENCIAS FARMACEUTICAS Y ALIMENTARIAS,ANDES,TECNOLOGIA EN REGENCIA DE FARMACIA - ANDES,0.1163,5
CAUCASIA,FACULTAD DE DERECHO Y CIENCIAS POLITICAS,CAUCASIA,DERECHO - CAUCASIA,0.1163,5
CARMENVI,FACULTAD DE CIENCIAS ECONOMICAS,RIONEGRO,DESARROLLO TERRITORIAL- CARMEN DE VIBORAL,0.1162,5
APARTADO,FACULTAD DE EDUCACION,ARBOLETES,LICENCIATURA EN LITERATURA Y LENGUA CASTELLANA-APARTADO,0.1162,5
APARTADO,FACULTAD DE CIENCIAS ECONOMICAS,APARTADO,GESTION EN ECOLOGIA Y TURISMO - APARTADO,0.1162,5
ANDES,FACULTAD DE CIENCIAS FARMACEUTICAS Y ALIMENTARIAS,BETANIA,TECNOLOGIA EN REGENCIA DE FARMACIA - ANDES,0.1161,5
APARTADO,FACULTAD DE CIENCIAS ECONOMICAS,APARTADO,GESTION EN ECOLOGIA Y TURISMO - APARTADO,0.1161,5
SEGOVIA,INSTITUTO UNIVERSITARIO DE EDUCACION FISICA Y DEPORTES,SEGOVIA,LICENCIATURA EN EDUCACION FISICA - SEGOVIA,0.1161,5
CARMENVI,FACULTAD DE ARTES,LA ESTRELLA,LICENCIATURA EN ARTES PLASTICAS - CARMEN DE VIBORAL,0.116,5
ANDES,FACULTAD DE CIENCIAS FARMACEUTICAS Y ALIMENTARIAS,BETANIA,TECNOLOGIA EN REGENCIA DE FARMACIA - ANDES,0.116,5
CARMENVI,FACULTAD DE CIENCIAS ECONOMICAS,EL PENOL,GESTION EN ECOLOGIA Y TURISMO - CARMEN DE VIBORAL,0.1159,5
ANDES,INSTITUTO UNIVERSITARIO DE EDUCACION FISICA Y DEPORTES,ITAGUI,ENTRENAMIENTO DEPORTIVO - ANDES,0.1158,5
CARMENVI,ESCUELA DE NUTRICION Y DIETETICA,MARINILLA,NUTRICION Y DIETETICA - CARMEN DE VIBORAL,0.1158,5
CAUCASIA,FACULTAD DE DERECHO Y CIENCIAS POLITICAS,CAUCASIA,DERECHO - CAUCASIA,0.1157,5
CAUCASIA,FACULTAD DE CIENCIAS ECONOMICAS,CAUCASIA,GESTION EN ECOLOGIA Y TURISMO - CAUCASIA,0.1157,5
TURBO,FACULTAD DE EDUCACION,APARTADO,LICENCIATURA EN EDUCACION INFANTIL-TURBO,0.1157,5
CARMENVI,FACULTAD DE CIENCIAS ECONOMICAS,EL CARMEN DE VIBORAL,ADMINISTRACION DE EMPRESAS - CARMEN DE VIBORAL,0.1157,5
SEGOVIA,INSTITUTO UNIVERSITARIO DE EDUCACION FISICA Y DEPORTES,REMEDIOS,LICENCIATURA EN EDUCACION FISICA - SEGOVIA,0.1156,5
SEGOVIA,INSTITUTO UNIVERSITARIO DE EDUCACION FISICA Y DEPORTES,REMEDIOS,LICENCIATURA EN EDUCACION FISICA - SEGOVIA,0.1154,5
CAUCASIA,FACULTAD DE ARTES,CAUCASIA,GESTION CULTURAL - CAUCASIA,0.1154,5
CAUCASIA,FACULTAD DE DERECHO Y CIENCIAS POLITICAS,CAUCASIA,DERECHO - CAUCASIA,0.1152,5
TURBO,FACULTAD DE EDUCACION,CHIGORODO,LICENCIATURA EN CIENCIAS NATURALES-TURBO,0.1152,5
CARMENVI,FACULTAD DE EDUCACION,SANTA ROSA DE OSOS,LICENCIATURA EN EDUCACION ESPECIAL - CARMEN DE VIBORAL,0.1152,5
CAUCASIA,FACULTAD DE CIENCIAS ECONOMICAS,CAUCASIA,GESTION EN ECOLOGIA Y TURISMO - CAUCASIA,0.115,5
TURBO,FACULTAD DE EDUCACION,TURBO,LICENCIATURA EN EDUCACION INFANTIL-TURBO,0.1149,5
CARMENVI,FACULTAD DE CIENCIAS FARMACEUTICAS Y ALIMENTARIAS,EL CARMEN DE VIBORAL,TECNOLOGIA EN REGENCIA DE FARMACIA - CARMEN DE VIBORAL,0.1149,5
TURBO,FACULTAD DE CIENCIAS FARMACEUTICAS Y ALIMENTARIAS,APARTADO,TECNOLOGIA EN REGENCIA DE FARMACIA - TURBO,0.1148,5
APARTADO,FACULTAD DE CIENCIAS ECONOMICAS,APARTADO,GESTION EN ECOLOGIA Y TURISMO - APARTADO,0.1148,5
CARMENVI,FACULTAD DE EDUCACION,EL SANTUARIO,LICENCIATURA EN EDUCACION INFANTIL-CARMEN DE VIBORAL,0.1148,5
TURBO,FACULTAD DE CIENCIAS FARMACEUTICAS Y ALIMENTARIAS,TURBO,TECNOLOGIA EN REGENCIA DE FARMACIA - TURBO,0.1148,5
CARMENVI,FACULTAD DE MEDICINA,LA CEJA,TECNOLOGIA EN ATENCION PREHOSPITALARIA- CARMEN DE VIBORAL,0.1148,5
SEGOVIA,FACULTAD NACIONAL DE SALUD PUBLICA,SEGOVIA,TECNOLOGIA EN ADMINISTRACION DE SERVICIOS DE SALUD-SEGOVIA,0.1146,5
CARMENVI,FACULTAD DE EDUCACION,MARINILLA,LICENCIATURA EN FISICA - CARMEN DE VIBORAL,0.1145,5
ANDES,FACULTAD DE EDUCACION,ANDES,LICENCIATURA EN LITERATURA Y LENGUA CASTELLANA-ANDES,0.1145,5
APARTADO,FACULTAD DE ARTES,APARTADO,ARTE DRAMATICO- APARTADO,0.1144,5
CAUCASIA,FACULTAD DE DERECHO Y CIENCIAS POLITICAS,CAUCASIA,DERECHO - CAUCASIA,0.1144,5
STAFEANT,FACULTAD DE EDUCACION,SANTAFE DE ANTIOQUIA,LICENCIATURA EN CIENCIAS NATURALES - SANTA FE DE ANTIOQUIA,0.1143,5
CARMENVI,INSTITUTO UNIVERSITARIO DE EDUCACION FISICA Y DEPORTES,LA UNION,LICENCIATURA EN EDUCACION FISICA - CARMEN DE VIBORAL,0.1143,5
CAREPA,FACULTAD DE CIENCIAS AGRARIAS,APARTADO,INGENIERIA AGROPECUARIA-CAREPA,0.1142,5
CARMENVI,FACULTAD DE CIENCIAS FARMACEUTICAS Y ALIMENTARIAS,RIONEGRO,CIENCIAS CULINARIAS - CARMEN DE VIBORAL,0.1141,5
ANDES,FACULTAD DE CIENCIAS ECONOMICAS,ANDES,GESTION EN ECOLOGIA Y TURISMO - ANDES,0.1141,5
CARMENVI,ESCUELA DE IDIOMAS,LA UNION,LICENCIATURA EN LENGUAS EXTRANJERAS CON ENFASIS EN INGLES- CARMEN DE VIBORAL,0.1141,5
CARMENVI,FACULTAD DE EDUCACION,LA CEJA,LICENCIATURA EN EDUCACION INFANTIL-CARMEN DE VIBORAL,0.1141,5
CARMENVI,FACULTAD DE EDUCACION,RIONEGRO,LICENCIATURA EN CIENCIAS SOCIALES-CARMEN DE VIBORAL,0.1139,5
CARMENVI,FACULTAD DE ARTES,EL CARMEN DE VIBORAL,LICENCIATURA EN ARTES PLASTICAS - CARMEN DE VIBORAL,0.1138,5
CAUCASIA,INSTITUTO UNIVERSITARIO DE EDUCACION FISICA Y DEPORTES,CAUCASIA,LICENCIATURA EN EDUCACION FISICA - CAUCASIA,0.1137,5
CARMENVI,INSTITUTO UNIVERSITARIO DE EDUCACION FISICA Y DEPORTES,RIONEGRO,LICENCIATURA EN EDUCACION FISICA - CARMEN DE VIBORAL,0.1137,5
CARMENVI,FACULTAD DE EDUCACION,SAN VICENTE,LICENCIATURA EN EDUCACION INFANTIL-CARMEN DE VIBORAL,0.1136,5
CARMENVI,FACULTAD DE EDUCACION,EL CARMEN DE VIBORAL,LICENCIATURA EN EDUCACION ESPECIAL - CARMEN DE VIBORAL,0.1136,5
SEGOVIA,FACULTAD DE DERECHO Y CIENCIAS POLITICAS,REMEDIOS,DERECHO SEGOVIA,0.1136,5
APARTADO,FACULTAD DE CIENCIAS SOCIALES Y HUMANAS,SAN PEDRO DE URABA,TRABAJO SOCIAL-URABA (APARTADO),0.1136,5
CARMENVI,FACULTAD DE ARTES,LA CEJA,LICENCIATURA EN DANZA -CARMEN DE VIBORAL,0.1136,5
CARMENVI,FACULTAD DE CIENCIAS FARMACEUTICAS Y ALIMENTARIAS,MEDELLIN,TECNOLOGIA EN REGENCIA DE FARMACIA - CARMEN DE VIBORAL,0.1135,5
CARMENVI,FACULTAD DE CIENCIAS ECONOMICAS,LA CEJA,ADMINISTRACION DE EMPRESAS - CARMEN DE VIBORAL,0.1134,5
TURBO,FACULTAD DE EDUCACION,ARBOLETES,LICENCIATURA EN EDUCACION INFANTIL-TURBO,0.1133,5
TURBO,FACULTAD DE EDUCACION,NECOCLI,LICENCIATURA EN EDUCACION INFANTIL-TURBO,0.1133,5
CARMENVI,FACULTAD NACIONAL DE SALUD PUBLICA,RIONEGRO,ADMINISTRACION AMBIENTAL Y SANITARIA-CARMEN DE VIBORAL,0.1132,5
CAUCASIA,FACULTAD NACIONAL DE SALUD PUBLICA,NECHI,ADMINISTRACION EN SALUD-CAUCASIA,0.1132,5
CAUCASIA,FACULTAD DE DERECHO Y CIENCIAS POLITICAS,CAUCASIA,DERECHO - CAUCASIA,0.1131,5
CARMENVI,FACULTAD DE ARTES,EL CARMEN DE VIBORAL,LICENCIATURA EN ARTES PLASTICAS - CARMEN DE VIBORAL,0.1131,5
CARMENVI,INSTITUTO UNIVERSITARIO DE EDUCACION FISICA Y DEPORTES,GUARNE,LICENCIATURA EN EDUCACION FISICA - CARMEN DE VIBORAL,0.113,5
CARMENVI,FACULTAD DE EDUCACION,RIONEGRO,LICENCIATURA EN EDUCACION INFANTIL-CARMEN DE VIBORAL,0.113,5
CARMENVI,ESCUELA DE MICROBIOLOGIA,RIONEGRO,MICROBIOLOGIA INDUSTRIAL Y AMBIENTAL-CARMEN DE VIBORAL,0.1127,5
YARUMAL,INSTITUTO UNIVERSITARIO DE EDUCACION FISICA Y DEPORTES,SANTA ROSA DE OSOS,LICENCIATURA EN EDUCACION FISICA - YARUMAL,0.1127,5
CARMENVI,FACULTAD DE EDUCACION,GUARNE,LICENCIATURA EN EDUCACION INFANTIL-CARMEN DE VIBORAL,0.1126,5
APARTADO,FACULTAD DE EDUCACION,TURBO,LICENCIATURA EN LITERATURA Y LENGUA CASTELLANA-APARTADO,0.1126,5
SONSON,FACULTAD NACIONAL DE SALUD PUBLICA,SONSON,ADMINISTRACION EN SALUD - SONSON,0.1125,5
APARTADO,FACULTAD DE CIENCIAS ECONOMICAS,CHIGORODO,GESTION EN ECOLOGIA Y TURISMO - APARTADO,0.1124,5
TURBO,FACULTAD DE EDUCACION,NECOCLI,LICENCIATURA EN EDUCACION INFANTIL-TURBO,0.1124,5
APARTADO,FACULTAD DE EDUCACION,TURBO,LICENCIATURA EN LITERATURA Y LENGUA CASTELLANA-APARTADO,0.1124,5
CARMENVI,FACULTAD DE EDUCACION,EL CARMEN DE VIBORAL,LICENCIATURA EN LITERATURA Y LENGUA CASTELLANA-CV,0.1122,5
APARTADO,FACULTAD DE COMUNICACIONES Y FILOLOGIA,CAREPA,COMUNICACION SOCIAL - PERIODISMO APARTADO,0.1122,5
CARMENVI,FACULTAD DE CIENCIAS FARMACEUTICAS Y ALIMENTARIAS,RIONEGRO,INGENIERIA DE ALIMENTOS - CARMEN DE VIBORAL,0.1122,5
CARMENVI,FACULTAD DE MEDICINA,MARINILLA,TECNOLOGIA EN ATENCION PREHOSPITALARIA- CARMEN DE VIBORAL,0.1121,5
CAUCASIA,FACULTAD DE DERECHO Y CIENCIAS POLITICAS,CAUCASIA,DERECHO - CAUCASIA,0.1121,5
APARTADO,FACULTAD DE ARTES,TURBO,LICENCIATURA EN ARTES PLASTICAS-APARTADO,0.1121,5
CARMENVI,FACULTAD DE EDUCACION,EL CARMEN DE VIBORAL,LICENCIATURA EN CIENCIAS SOCIALES-CARMEN DE VIBORAL,0.112,5
CAUCASIA,FACULTAD NACIONAL DE SALUD PUBLICA,CAUCASIA,ADMINISTRACION AMBIENTAL Y SANITARIA- CAUCASIA,0.112,5
APARTADO,FACULTAD DE ARTES,NECOCLI,LICENCIATURA EN MUSICA - APARTADO,0.112,5
TURBO,FACULTAD DE EDUCACION,MUTATA,PEDAGOGIA EN RURALIDAD Y PAZ - TURBO,0.1119,5
CAUCASIA,FACULTAD NACIONAL DE SALUD PUBLICA,CAUCASIA,ADMINISTRACION EN SALUD-CAUCASIA,0.1119,5
CARMENVI,FACULTAD DE ARTES,EL CARMEN DE VIBORAL,LICENCIATURA EN ARTES PLASTICAS - CARMEN DE VIBORAL,0.1118,5
TURBO,FACULTAD DE EDUCACION,ACANDI,PEDAGOGIA EN RURALIDAD Y PAZ - TURBO,0.1118,5
CARMENVI,FACULTAD DE EDUCACION,RIONEGRO,LICENCIATURA EN EDUCACION ESPECIAL - CARMEN DE VIBORAL,0.1117,5
YARUMAL,INSTITUTO UNIVERSITARIO DE EDUCACION FISICA Y DEPORTES,YARUMAL,LICENCIATURA EN EDUCACION FISICA - YARUMAL,0.1117,5
CARMENVI,FACULTAD DE EDUCACION,MEDELLIN,PEDAGOGIA EN RURALIDAD Y PAZ -CARMEN DE VIBORAL,0.1117,5
CARMENVI,FACULTAD DE ARTES,EL SANTUARIO,LICENCIATURA EN MUSICA-CARMEN DE VIBORAL,0.1116,5
CAREPA,INSTITUTO UNIVERSITARIO DE EDUCACION FISICA Y DEPORTES,TURBO,LICENCIATURA EN EDUCACION FISICA - CAREPA,0.1115,5
TURBO,FACULTAD DE EDUCACION,APARTADO,PEDAGOGIA EN RURALIDAD Y PAZ - TURBO,0.1115,5
P-BERRIO,INSTITUTO UNIVERSITARIO DE EDUCACION FISICA Y DEPORTES,CHIGORODO,LICENCIATURA EN EDUCACION FISICA - PUERTO BERRIO,0.1114,5
SONSON,INSTITUTO UNIVERSITARIO DE EDUCACION FISICA Y DEPORTES,SONSON,LICENCIATURA EN EDUCACION FISICA - SONSON,0.1114,5
APARTADO,FACULTAD DE EDUCACION,TURBO,LICENCIATURA EN LITERATURA Y LENGUA CASTELLANA-APARTADO,0.1114,5
CAREPA,INSTITUTO UNIVERSITARIO DE EDUCACION FISICA Y DEPORTES,TURBO,LICENCIATURA EN EDUCACION FISICA - CAREPA,0.1113,5
CARMENVI,FACULTAD DE ARTES,LA CEJA,LICENCIATURA EN MUSICA-CARMEN DE VIBORAL,0.1113,5
CARMENVI,FACULTAD DE EDUCACION,RIONEGRO,LICENCIATURA EN EDUCACION INFANTIL-CARMEN DE VIBORAL,0.1112,5
APARTADO,FACULTAD DE ARTES,APARTADO,ARTE DRAMATICO- APARTADO,0.1111,5
TURBO,FACULTAD DE COMUNICACIONES Y FILOLOGIA,APARTADO,COMUNICACION SOCIAL - PERIODISMO TURBO,0.1111,5
CARMENVI,FACULTAD DE ARTES,RETIRO,LICENCIATURA EN ARTES PLASTICAS - CARMEN DE VIBORAL,0.1111,5
APARTADO,FACULTAD DE CIENCIAS ECONOMICAS,APARTADO,CONTADURIA PUBLICA- URABA (APARTADO),0.111,5
TURBO,FACULTAD DE CIENCIAS ECONOMICAS,CHIGORODO,ADMINISTRACION DE EMPRESAS - TURBO,0.1109,5
YARUMAL,FACULTAD DE COMUNICACIONES Y FILOLOGIA,YARUMAL,COMUNICACION SOCIAL - PERIODISMO YARUMAL,0.1109,5
CARMENVI,FACULTAD DE EDUCACION,LA CEJA,LICENCIATURA EN MATEMATICAS-CARMEN DE VIBORAL,0.1109,5
CAUCASIA,FACULTAD DE DERECHO Y CIENCIAS POLITICAS,CAUCASIA,DERECHO - CAUCASIA,0.1108,5
STAFEANT,FACULTAD DE COMUNICACIONES Y FILOLOGIA,SANTAFE DE ANTIOQUIA,COMUNICACION SOCIAL - PERIODISMO SANTA FE DE ANTIOQUIA,0.1108,5
TURBO,FACULTAD DE EDUCACION,TURBO,LICENCIATURA EN CIENCIAS NATURALES-TURBO,0.1107,5
CARMENVI,FACULTAD DE CIENCIAS ECONOMICAS,RIONEGRO,DESARROLLO TERRITORIAL- CARMEN DE VIBORAL,0.1107,5
CAUCASIA,FACULTAD DE CIENCIAS ECONOMICAS,MONTELIBANO,ADMINISTRACION DE EMPRESAS - CAUCASIA,0.1106,5
CARMENVI,FACULTAD DE EDUCACION,ABEJORRAL,LICENCIATURA EN CIENCIAS SOCIALES-CARMEN DE VIBORAL,0.1106,5
CARMENVI,FACULTAD DE ARTES,GUARNE,LICENCIATURA EN MUSICA-CARMEN DE VIBORAL,0.1106,5
CARMENVI,FACULTAD DE EDUCACION,RIONEGRO,LICENCIATURA EN CIENCIAS NATURALES-CARMEN DE VIBORAL,0.1103,5
TURBO,FACULTAD DE EDUCACION,TURBO,LICENCIATURA EN EDUCACION INFANTIL-TURBO,0.1101,5
CARMENVI,INSTITUTO UNIVERSITARIO DE EDUCACION FISICA Y DEPORTES,LA CEJA,LICENCIATURA EN EDUCACION FISICA - CARMEN DE VIBORAL,0.11,5
APARTADO,FACULTAD DE EDUCACION,APARTADO,LICENCIATURA EN LITERATURA Y LENGUA CASTELLANA-APARTADO,0.11,5
ANDES,FACULTAD DE EDUCACION,ANDES,LICENCIATURA EN EDUCACION ESPECIAL - ANDES,0.1099,5
CARMENVI,FACULTAD DE EDUCACION,EL CARMEN DE VIBORAL,LICENCIATURA EN EDUCACION INFANTIL-CARMEN DE VIBORAL,0.1099,5
CARMENVI,FACULTAD DE ARTES,RIONEGRO,LICENCIATURA EN ARTES PLASTICAS - CARMEN DE VIBORAL,0.1099,5
STAFEANT,INSTITUTO UNIVERSITARIO DE EDUCACION FISICA Y DEPORTES,CANASGORDAS,LICENCIATURA EN EDUCACION FISICA - SANTA FE DE ANTIOQUIA,0.1099,5
APARTADO,FACULTAD DE ARTES,APARTADO,LICENCIATURA EN MUSICA - APARTADO,0.1098,5
CAREPA,INSTITUTO UNIVERSITARIO DE EDUCACION FISICA Y DEPORTES,CHIGORODO,LICENCIATURA EN EDUCACION FISICA - CAREPA,0.1098,5
CAUCASIA,FACULTAD DE CIENCIAS ECONOMICAS,CACERES,ADMINISTRACION DE EMPRESAS - CAUCASIA,0.1097,5
CARMENVI,FACULTAD DE EDUCACION,EL CARMEN DE VIBORAL,LICENCIATURA EN LITERATURA Y LENGUA CASTELLANA-CV,0.1097,5
ANDES,FACULTAD DE EDUCACION,ANDES,LICENCIATURA EN LITERATURA Y LENGUA CASTELLANA-ANDES,0.1096,5
TURBO,FACULTAD DE COMUNICACIONES Y FILOLOGIA,CAREPA,COMUNICACION SOCIAL - PERIODISMO TURBO,0.1096,5
TURBO,FACULTAD DE EDUCACION,CAREPA,PEDAGOGIA EN RURALIDAD Y PAZ - TURBO,0.1095,5
P-BERRIO,FACULTAD NACIONAL DE SALUD PUBLICA,PUERTO BERRIO,ADMINISTRACION AMBIENTAL Y SANITARIA-PUERTO BERRIO,0.1094,5
CARMENVI,FACULTAD DE ARTES,RIONEGRO,LICENCIATURA EN ARTES ESCENICAS- CARMEN DE VIBORAL,0.1094,5
CAREPA,FACULTAD DE INGENIERIA,SAN PEDRO DE URABA,INGENIERIA BIOQUIMICA-URABA,0.1094,5
CAUCASIA,FACULTAD DE EDUCACION,CAUCASIA,LICENCIATURA EN MATEMATICAS-CAUCASIA,0.1093,5
CAUCASIA,FACULTAD NACIONAL DE SALUD PUBLICA,CAUCASIA,ADMINISTRACION AMBIENTAL Y SANITARIA- CAUCASIA,0.1093,5
TURBO,FACULTAD NACIONAL DE SALUD PUBLICA,TURBO,ADMINISTRACION AMBIENTAL Y SANITARIA- TURBO,0.1093,5
TURBO,FACULTAD DE CIENCIAS FARMACEUTICAS Y ALIMENTARIAS,TURBO,TECNOLOGIA EN REGENCIA DE FARMACIA - TURBO,0.1092,5
CARMENVI,FACULTAD DE ARTES,EL CARMEN DE VIBORAL,LICENCIATURA EN ARTES PLASTICAS - CARMEN DE VIBORAL,0.1092,5
CARMENVI,FACULTAD DE ARTES,SAN VICENTE,LICENCIATURA EN ARTES PLASTICAS - CARMEN DE VIBORAL,0.109,5
TURBO,FACULTAD DE EDUCACION,MUTATA,PEDAGOGIA EN RURALIDAD Y PAZ - TURBO,0.1088,5
ANDES,FACULTAD DE EDUCACION,ANDES,LICENCIATURA EN LITERATURA Y LENGUA CASTELLANA-ANDES,0.1085,5
ANDES,FACULTAD DE CIENCIAS FARMACEUTICAS Y ALIMENTARIAS,ANDES,TECNOLOGIA EN REGENCIA DE FARMACIA - ANDES,0.1084,5
APARTADO,FACULTAD DE ARTES,APARTADO,LICENCIATURA EN ARTES PLASTICAS-APARTADO,0.1084,5
APARTADO,FACULTAD DE CIENCIAS ECONOMICAS,APARTADO,CONTADURIA PUBLICA- URABA (APARTADO),0.1082,5
ANDES,FACULTAD DE EDUCACION,ANDES,LICENCIATURA EN EDUCACION ESPECIAL - ANDES,0.1082,5
APARTADO,FACULTAD DE ARTES,CAREPA,LICENCIATURA EN MUSICA - APARTADO,0.1082,5
SEGOVIA,FACULTAD DE DERECHO Y CIENCIAS POLITICAS,REMEDIOS,DERECHO SEGOVIA,0.1081,5
TURBO,FACULTAD DE EDUCACION,CAREPA,PEDAGOGIA EN RURALIDAD Y PAZ - TURBO,0.1081,5
CARMENVI,FACULTAD DE ARTES,RIONEGRO,LICENCIATURA EN ARTES ESCENICAS- CARMEN DE VIBORAL,0.108,5
CARMENVI,FACULTAD DE EDUCACION,RETIRO,LICENCIATURA EN EDUCACION INFANTIL-CARMEN DE VIBORAL,0.108,5
CARMENVI,FACULTAD DE EDUCACION,LA CEJA,LICENCIATURA EN CIENCIAS SOCIALES-CARMEN DE VIBORAL,0.108,5
SEGOVIA,INSTITUTO UNIVERSITARIO DE EDUCACION FISICA Y DEPORTES,MEDELLIN,LICENCIATURA EN EDUCACION FISICA - SEGOVIA,0.1079,5
CARMENVI,INSTITUTO UNIVERSITARIO DE EDUCACION FISICA Y DEPORTES,EL PENOL,LICENCIATURA EN EDUCACION FISICA - CARMEN DE VIBORAL,0.1079,5
TURBO,FACULTAD DE EDUCACION,TURBO,LICENCIATURA EN CIENCIAS NATURALES-TURBO,0.1079,5
SEGOVIA,FACULTAD DE DERECHO Y CIENCIAS POLITICAS,REMEDIOS,DERECHO SEGOVIA,0.1078,5
P-BERRIO,FACULTAD DE CIENCIAS FARMACEUTICAS Y ALIMENTARIAS,PUERTO BERRIO,TECNOLOGIA EN REGENCIA DE FARMACIA - PUERTO BERRIO,0.1078,5
APARTADO,FACULTAD DE EDUCACION,TURBO,LICENCIATURA EN LITERATURA Y LENGUA CASTELLANA-APARTADO,0.1077,5
APARTADO,FACULTAD DE EDUCACION,APARTADO,LICENCIATURA EN LITERATURA Y LENGUA CASTELLANA-APARTADO,0.1077,5
CARMENVI,FACULTAD DE EDUCACION,EL CARMEN DE VIBORAL,LICENCIATURA EN EDUCACION INFANTIL-CARMEN DE VIBORAL,0.1077,5
APARTADO,FACULTAD DE COMUNICACIONES Y FILOLOGIA,TURBO,COMUNICACION SOCIAL - PERIODISMO APARTADO,0.1076,5
CAUCASIA,FACULTAD DE DERECHO Y CIENCIAS POLITICAS,CAUCASIA,DERECHO - CAUCASIA,0.1075,5
CARMENVI,FACULTAD DE EDUCACION,EL CARMEN DE VIBORAL,LICENCIATURA EN EDUCACION INFANTIL-CARMEN DE VIBORAL,0.1075,5
TURBO,FACULTAD DE EDUCACION,APARTADO,PEDAGOGIA EN RURALIDAD Y PAZ - TURBO,0.1074,5
CARMENVI,FACULTAD DE CIENCIAS EXACTAS Y NATURALES,RIONEGRO,BIOLOGIA - CARMEN DE VIBORAL,0.1073,5
CARMENVI,FACULTAD DE EDUCACION,LA CEJA,LICENCIATURA EN LITERATURA Y LENGUA CASTELLANA-CV,0.1073,5
CARMENVI,FACULTAD DE ARTES,LA CEJA,LICENCIATURA EN MUSICA-CARMEN DE VIBORAL,0.1073,5
CARMENVI,FACULTAD DE CIENCIAS FARMACEUTICAS Y ALIMENTARIAS,EL CARMEN DE VIBORAL,TECNOLOGIA EN REGENCIA DE FARMACIA - CARMEN DE VIBORAL,0.1071,5
CARMENVI,FACULTAD DE CIENCIAS ECONOMICAS,LA CEJA,GESTION EN ECOLOGIA Y TURISMO - CARMEN DE VIBORAL,0.1071,5
TURBO,FACULTAD DE EDUCACION,APARTADO,PEDAGOGIA EN RURALIDAD Y PAZ - TURBO,0.1071,5
ANDES,FACULTAD DE CIENCIAS AGRARIAS,ANDES,INGENIERIA AGROPECUARIA - ANDES,0.107,5
APARTADO,FACULTAD DE INGENIERIA,CAREPA,INGENIERIA CIVIL-APARTADO,0.1068,5
P-BERRIO,INSTITUTO UNIVERSITARIO DE EDUCACION FISICA Y DEPORTES,PUERTO NARE,LICENCIATURA EN EDUCACION FISICA - PUERTO BERRIO,0.1068,5
CARMENVI,INSTITUTO UNIVERSITARIO DE EDUCACION FISICA Y DEPORTES,RIONEGRO,LICENCIATURA EN EDUCACION FISICA - CARMEN DE VIBORAL,0.1068,5
CAUCASIA,FACULTAD DE CIENCIAS ECONOMICAS,CAUCASIA,ADMINISTRACION DE EMPRESAS - CAUCASIA,0.1068,5
TURBO,FACULTAD DE CIENCIAS FARMACEUTICAS Y ALIMENTARIAS,SAN PEDRO DE URABA,TECNOLOGIA EN REGENCIA DE FARMACIA - TURBO,0.1067,5
TURBO,FACULTAD DE EDUCACION,TURBO,LICENCIATURA EN EDUCACION INFANTIL-TURBO,0.1066,5
CAREPA,INSTITUTO UNIVERSITARIO DE EDUCACION FISICA Y DEPORTES,TURBO,LICENCIATURA EN EDUCACION FISICA - CAREPA,0.1066,5
APARTADO,FACULTAD DE ARTES,APARTADO,LICENCIATURA EN MUSICA - APARTADO,0.1065,5
TURBO,FACULTAD DE CIENCIAS FARMACEUTICAS Y ALIMENTARIAS,TURBO,TECNOLOGIA EN REGENCIA DE FARMACIA - TURBO,0.1065,5
P-BERRIO,FACULTAD DE CIENCIAS FARMACEUTICAS Y ALIMENTARIAS,PUERTO BERRIO,TECNOLOGIA EN REGENCIA DE FARMACIA - PUERTO BERRIO,0.1063,5
CAUCASIA,FACULTAD NACIONAL DE SALUD PUBLICA,CAUCASIA,ADMINISTRACION AMBIENTAL Y SANITARIA- CAUCASIA,0.1063,5
TURBO,FACULTAD DE COMUNICACIONES Y FILOLOGIA,TURBO,COMUNICACION SOCIAL - PERIODISMO TURBO,0.1063,5
P-BERRIO,FACULTAD DE DERECHO Y CIENCIAS POLITICAS,PUERTO BERRIO,DERECHO - PUERTO BERRIO,0.1062,5
CARMENVI,FACULTAD DE ARTES,RIONEGRO,LICENCIATURA EN DANZA -CARMEN DE VIBORAL,0.1062,5
CARMENVI,FACULTAD DE EDUCACION,EL CARMEN DE VIBORAL,LICENCIATURA EN EDUCACION INFANTIL-CARMEN DE VIBORAL,0.1061,5
P-BERRIO,FACULTAD DE CIENCIAS FARMACEUTICAS Y ALIMENTARIAS,PUERTO BERRIO,TECNOLOGIA EN REGENCIA DE FARMACIA - PUERTO BERRIO,0.1061,5
TURBO,FACULTAD DE COMUNICACIONES Y FILOLOGIA,TURBO,COMUNICACION SOCIAL - PERIODISMO TURBO,0.1061,5
CARMENVI,FACULTAD DE EDUCACION,ABEJORRAL,LICENCIATURA EN MATEMATICAS-CARMEN DE VIBORAL,0.1061,5
TURBO,FACULTAD DE EDUCACION,TURBO,LICENCIATURA EN EDUCACION INFANTIL-TURBO,0.106,5
CARMENVI,FACULTAD DE ARTES,EL CARMEN DE VIBORAL,LICENCIATURA EN ARTES PLASTICAS - CARMEN DE VIBORAL,0.106,5
YARUMAL,FACULTAD DE COMUNICACIONES Y FILOLOGIA,YARUMAL,COMUNICACION SOCIAL - PERIODISMO YARUMAL,0.106,5
SEGOVIA,INSTITUTO UNIVERSITARIO DE EDUCACION FISICA Y DEPORTES,SEGOVIA,LICENCIATURA EN EDUCACION FISICA - SEGOVIA,0.1059,5
CAREPA,INSTITUTO UNIVERSITARIO DE EDUCACION FISICA Y DEPORTES,TURBO,LICENCIATURA EN EDUCACION FISICA - CAREPA,0.1059,5
SONSON,FACULTAD NACIONAL DE SALUD PUBLICA,SONSON,ADMINISTRACION EN SALUD - SONSON,0.1058,5
TURBO,FACULTAD NACIONAL DE SALUD PUBLICA,TURBO,ADMINISTRACION AMBIENTAL Y SANITARIA- TURBO,0.1058,5
CAUCASIA,FACULTAD DE CIENCIAS ECONOMICAS,CAUCASIA,ADMINISTRACION DE EMPRESAS - CAUCASIA,0.1058,5
CAUCASIA,FACULTAD DE DERECHO Y CIENCIAS POLITICAS,CAUCASIA,DERECHO - CAUCASIA,0.1055,5
ANDES,FACULTAD DE CIENCIAS AGRARIAS,CONCORDIA,INGENIERIA AGROPECUARIA - ANDES,0.1054,5
TURBO,FACULTAD DE COMUNICACIONES Y FILOLOGIA,CHIGORODO,COMUNICACION SOCIAL - PERIODISMO TURBO,0.1054,5
TURBO,FACULTAD DE CIENCIAS FARMACEUTICAS Y ALIMENTARIAS,SAN PEDRO DE URABA,TECNOLOGIA EN REGENCIA DE FARMACIA - TURBO,0.1054,5
APARTADO,FACULTAD DE CIENCIAS ECONOMICAS,APARTADO,CONTADURIA PUBLICA- URABA (APARTADO),0.1053,5
SEGOVIA,INSTITUTO UNIVERSITARIO DE EDUCACION FISICA Y DEPORTES,SEGOVIA,LICENCIATURA EN EDUCACION FISICA - SEGOVIA,0.1052,5
CAREPA,INSTITUTO UNIVERSITARIO DE EDUCACION FISICA Y DEPORTES,TURBO,LICENCIATURA EN EDUCACION FISICA - CAREPA,0.1052,5
APARTADO,FACULTAD DE ARTES,CHIGORODO,LICENCIATURA EN ARTES PLASTICAS-APARTADO,0.1051,5
ANDES,FACULTAD DE CIENCIAS ECONOMICAS,ANDES,GESTION EN ECOLOGIA Y TURISMO - ANDES,0.105,5
STAFEANT,FACULTAD DE EDUCACION,SOPETRAN,LICENCIATURA EN MATEMATICAS - SANTA FE DE ANTIOQUIA,0.105,5
STAFEANT,FACULTAD DE CIENCIAS ECONOMICAS,SANTAFE DE ANTIOQUIA,GESTION EN ECOLOGIA Y TURISMO - SANTAFE DE ANTIOQUIA,0.105,5
CAUCASIA,FACULTAD DE DERECHO Y CIENCIAS POLITICAS,CAUCASIA,DERECHO - CAUCASIA,0.105,5
TURBO,FACULTAD DE EDUCACION,TURBO,LICENCIATURA EN CIENCIAS NATURALES-TURBO,0.105,5
CAUCASIA,FACULTAD DE CIENCIAS SOCIALES Y HUMANAS,CAUCASIA,TRABAJO SOCIAL - CAUCASIA,0.1049,5
TURBO,FACULTAD DE CIENCIAS FARMACEUTICAS Y ALIMENTARIAS,NECOCLI,TECNOLOGIA EN REGENCIA DE FARMACIA - TURBO,0.1049,5
CARMENVI,FACULTAD DE CIENCIAS FARMACEUTICAS Y ALIMENTARIAS,RIONEGRO,CIENCIAS CULINARIAS - CARMEN DE VIBORAL,0.1049,5
TURBO,FACULTAD DE CIENCIAS ECONOMICAS,NECOCLI,DESARROLLO TERRITORIAL- TURBO,0.1048,5
P-BERRIO,FACULTAD DE CIENCIAS FARMACEUTICAS Y ALIMENTARIAS,PUERTO BERRIO,TECNOLOGIA EN REGENCIA DE FARMACIA - PUERTO BERRIO,0.1048,5
ANDES,FACULTAD DE EDUCACION,ANDES,LICENCIATURA EN LITERATURA Y LENGUA CASTELLANA-ANDES,0.1048,5
TURBO,FACULTAD DE EDUCACION,TURBO,LICENCIATURA EN EDUCACION INFANTIL-TURBO,0.1046,5
CAUCASIA,FACULTAD DE DERECHO Y CIENCIAS POLITICAS,CAUCASIA,DERECHO - CAUCASIA,0.1045,5
ANDES,FACULTAD DE CIENCIAS FARMACEUTICAS Y ALIMENTARIAS,ANDES,TECNOLOGIA EN REGENCIA DE FARMACIA - ANDES,0.1045,5
SEGOVIA,FACULTAD NACIONAL DE SALUD PUBLICA,SEGOVIA,TECNOLOGIA EN ADMINISTRACION DE SERVICIOS DE SALUD-SEGOVIA,0.1045,5
ANDES,FACULTAD DE EDUCACION,ANDES,LICENCIATURA EN LITERATURA Y LENGUA CASTELLANA-ANDES,0.1045,5
CAREPA,FACULTAD DE CIENCIAS AGRARIAS,CAREPA,INGENIERIA AGROPECUARIA-CAREPA,0.1045,5
CARMENVI,FACULTAD DE EDUCACION,LA CEJA,LICENCIATURA EN LITERATURA Y LENGUA CASTELLANA-CV,0.1044,5
YARUMAL,FACULTAD DE COMUNICACIONES Y FILOLOGIA,YARUMAL,COMUNICACION SOCIAL - PERIODISMO YARUMAL,0.1043,5
CARMENVI,INSTITUTO UNIVERSITARIO DE EDUCACION FISICA Y DEPORTES,EL CARMEN DE VIBORAL,LICENCIATURA EN EDUCACION FISICA - CARMEN DE VIBORAL,0.1042,5
STAFEANT,FACULTAD DE EDUCACION,SANTAFE DE ANTIOQUIA,LICENCIATURA EN CIENCIAS NATURALES - SANTA FE DE ANTIOQUIA,0.1041,5
CARMENVI,FACULTAD DE ARTES,EL SANTUARIO,LICENCIATURA EN ARTES PLASTICAS - CARMEN DE VIBORAL,0.104,5
CAREPA,INSTITUTO UNIVERSITARIO DE EDUCACION FISICA Y DEPORTES,APARTADO,LICENCIATURA EN EDUCACION FISICA - CAREPA,0.104,5
CAUCASIA,FACULTAD DE DERECHO Y CIENCIAS POLITICAS,CAUCASIA,DERECHO - CAUCASIA,0.104,5
CARMENVI,FACULTAD NACIONAL DE SALUD PUBLICA,ABEJORRAL,ADMINISTRACION AMBIENTAL Y SANITARIA-CARMEN DE VIBORAL,0.104,5
CARMENVI,INSTITUTO DE FILOSOFIA,RIONEGRO,LICENCIATURA EN FILOSOFIA - CARMEN DE VIBORAL,0.104,5
TURBO,FACULTAD DE CIENCIAS FARMACEUTICAS Y ALIMENTARIAS,SAN PEDRO DE URABA,TECNOLOGIA EN REGENCIA DE FARMACIA - TURBO,0.104,5
ANDES,FACULTAD DE CIENCIAS FARMACEUTICAS Y ALIMENTARIAS,ANDES,TECNOLOGIA EN REGENCIA DE FARMACIA - ANDES,0.1039,5
YARUMAL,FACULTAD DE EDUCACION,YARUMAL,LICENCIATURA EN CIENCIAS NATURALES- YARUMAL,0.1039,5
TURBO,FACULTAD DE EDUCACION,TURBO,LICENCIATURA EN MATEMATICAS-TURBO,0.1039,5
SEGOVIA,FACULTAD DE DERECHO Y CIENCIAS POLITICAS,SEGOVIA,DERECHO SEGOVIA,0.1039,5
CAUCASIA,FACULTAD NACIONAL DE SALUD PUBLICA,SAN ANDRES SOTA,ADMINISTRACION AMBIENTAL Y SANITARIA- CAUCASIA,0.1038,5
CAUCASIA,INSTITUTO UNIVERSITARIO DE EDUCACION FISICA Y DEPORTES,CACERES,LICENCIATURA EN EDUCACION FISICA - CAUCASIA,0.1038,5
YARUMAL,FACULTAD DE ARTES,YARUMAL,GESTION CULTURAL - YARUMAL,0.1038,5
CARMENVI,FACULTAD DE ARTES,RIONEGRO,LICENCIATURA EN DANZA -CARMEN DE VIBORAL,0.1037,5
CARMENVI,FACULTAD DE ARTES,EL CARMEN DE VIBORAL,LICENCIATURA EN ARTES PLASTICAS - CARMEN DE VIBORAL,0.1037,5
SEGOVIA,FACULTAD NACIONAL DE SALUD PUBLICA,REMEDIOS,ADMINISTRACION AMBIENTAL Y SANITARIA- SEGOVIA,0.1036,5
ANDES,INSTITUTO UNIVERSITARIO DE EDUCACION FISICA Y DEPORTES,ANDES,LICENCIATURA EN EDUCACION FISICA - ANDES,0.1035,5
CARMENVI,FACULTAD DE CIENCIAS ECONOMICAS,EL CARMEN DE VIBORAL,GESTION EN ECOLOGIA Y TURISMO - CARMEN DE VIBORAL,0.1035,5
CARMENVI,FACULTAD DE CIENCIAS ECONOMICAS,RIONEGRO,ADMINISTRACION DE EMPRESAS - CARMEN DE VIBORAL,0.1035,5
CAUCASIA,FACULTAD DE ARTES,PUERTO LIBERTADOR,GESTION CULTURAL - CAUCASIA,0.1034,5
ANDES,FACULTAD DE CIENCIAS AGRARIAS,URRAO,INGENIERIA AGROPECUARIA - ANDES,0.1033,5
CARMENVI,FACULTAD DE EDUCACION,MARINILLA,LICENCIATURA EN MATEMATICAS-CARMEN DE VIBORAL,0.1033,5
CARMENVI,FACULTAD DE CIENCIAS ECONOMICAS,EL CARMEN DE VIBORAL,GESTION EN ECOLOGIA Y TURISMO - CARMEN DE VIBORAL,0.1033,5
SEGOVIA,FACULTAD NACIONAL DE SALUD PUBLICA,SEGOVIA,TECNOLOGIA EN ADMINISTRACION DE SERVICIOS DE SALUD-SEGOVIA,0.103,5
TURBO,FACULTAD DE CIENCIAS FARMACEUTICAS Y ALIMENTARIAS,TURBO,TECNOLOGIA EN REGENCIA DE FARMACIA - TURBO,0.103,5
CAUCASIA,INSTITUTO UNIVERSITARIO DE EDUCACION FISICA Y DEPORTES,DESCONOCIDO,LICENCIATURA EN EDUCACION FISICA - CAUCASIA,0.1029,5
ANDES,FACULTAD DE DERECHO Y CIENCIAS POLITICAS,ANDES,DERECHO - ANDES,0.1029,5
TURBO,FACULTAD NACIONAL DE SALUD PUBLICA,TURBO,ADMINISTRACION AMBIENTAL Y SANITARIA- TURBO,0.1029,5
CAUCASIA,INSTITUTO UNIVERSITARIO DE EDUCACION FISICA Y DEPORTES,MEDELLIN,LICENCIATURA EN EDUCACION FISICA - CAUCASIA,0.1028,5
CAUCASIA,FACULTAD DE ARTES,CAUCASIA,GESTION CULTURAL - CAUCASIA,0.1028,5
CARMENVI,FACULTAD DE CIENCIAS FARMACEUTICAS Y ALIMENTARIAS,RIONEGRO,INGENIERIA DE ALIMENTOS - CARMEN DE VIBORAL,0.1025,5
CARMENVI,FACULTAD DE CIENCIAS ECONOMICAS,EL PENOL,DESARROLLO TERRITORIAL- CARMEN DE VIBORAL,0.1024,5
CARMENVI,FACULTAD DE MEDICINA,GUARNE,TECNOLOGIA EN ATENCION PREHOSPITALARIA- CARMEN DE VIBORAL,0.1023,5
APARTADO,FACULTAD DE EDUCACION,CAREPA,LICENCIATURA EN LITERATURA Y LENGUA CASTELLANA-APARTADO,0.1023,5
CARMENVI,FACULTAD DE CIENCIAS ECONOMICAS,ARBOLETES,GESTION EN ECOLOGIA Y TURISMO - CARMEN DE VIBORAL,0.1022,5
CARMENVI,INSTITUTO DE FILOSOFIA,RIONEGRO,LICENCIATURA EN FILOSOFIA - CARMEN DE VIBORAL,0.1022,5
CAUCASIA,FACULTAD DE CIENCIAS FARMACEUTICAS Y ALIMENTARIAS,CAUCASIA,TECNOLOGIA EN REGENCIA DE FARMACIA - CAUCASIA,0.1022,5
CARMENVI,INSTITUTO DE FILOSOFIA,LA CEJA,LICENCIATURA EN FILOSOFIA - CARMEN DE VIBORAL,0.1021,5
SEGOVIA,INSTITUTO UNIVERSITARIO DE EDUCACION FISICA Y DEPORTES,SEGOVIA,LICENCIATURA EN EDUCACION FISICA - SEGOVIA,0.1021,5
CAUCASIA,FACULTAD DE CIENCIAS ECONOMICAS,CAUCASIA,ADMINISTRACION DE EMPRESAS - CAUCASIA,0.1021,5
CARMENVI,FACULTAD DE EDUCACION,EL SANTUARIO,LICENCIATURA EN CIENCIAS SOCIALES-CARMEN DE VIBORAL,0.1019,5
YARUMAL,FACULTAD DE COMUNICACIONES Y FILOLOGIA,YARUMAL,COMUNICACION SOCIAL - PERIODISMO YARUMAL,0.1018,5
CAREPA,INSTITUTO UNIVERSITARIO DE EDUCACION FISICA Y DEPORTES,TURBO,LICENCIATURA EN EDUCACION FISICA - CAREPA,0.1018,5
CARMENVI,FACULTAD DE EDUCACION,EL CARMEN DE VIBORAL,LICENCIATURA EN EDUCACION INFANTIL-CARMEN DE VIBORAL,0.1017,5
ANDES,FACULTAD DE CIENCIAS FARMACEUTICAS Y ALIMENTARIAS,ANDES,TECNOLOGIA EN REGENCIA DE FARMACIA - ANDES,0.1017,5
CARMENVI,FACULTAD DE CIENCIAS ECONOMICAS,COCORNA,GESTION EN ECOLOGIA Y TURISMO - CARMEN DE VIBORAL,0.1017,5
YARUMAL,FACULTAD DE EDUCACION,YARUMAL,LICENCIATURA EN CIENCIAS NATURALES- YARUMAL,0.1016,5
CARMENVI,FACULTAD DE EDUCACION,MARINILLA,LICENCIATURA EN EDUCACION ESPECIAL - CARMEN DE VIBORAL,0.1016,5
ANDES,FACULTAD DE CIENCIAS FARMACEUTICAS Y ALIMENTARIAS,ANDES,TECNOLOGIA EN REGENCIA DE FARMACIA - ANDES,0.1016,5
CAUCASIA,FACULTAD DE DERECHO Y CIENCIAS POLITICAS,CAUCASIA,DERECHO - CAUCASIA,0.1016,5
CAUCASIA,FACULTAD DE CIENCIAS ECONOMICAS,CAUCASIA,ADMINISTRACION DE EMPRESAS - CAUCASIA,0.1015,5
CARMENVI,INSTITUTO UNIVERSITARIO DE EDUCACION FISICA Y DEPORTES,LA CEJA,LICENCIATURA EN EDUCACION FISICA - CARMEN DE VIBORAL,0.1015,5
TURBO,FACULTAD DE CIENCIAS ECONOMICAS,TURBO,DESARROLLO TERRITORIAL- TURBO,0.1014,5
CAUCASIA,FACULTAD DE CIENCIAS SOCIALES Y HUMANAS,CAUCASIA,TRABAJO SOCIAL - CAUCASIA,0.1014,5
CARMENVI,FACULTAD DE CIENCIAS ECONOMICAS,RIONEGRO,DESARROLLO TERRITORIAL- CARMEN DE VIBORAL,0.1014,5
YARUMAL,INSTITUTO UNIVERSITARIO DE EDUCACION FISICA Y DEPORTES,CAMPAMENTO,LICENCIATURA EN EDUCACION FISICA - YARUMAL,0.1012,5
CARMENVI,FACULTAD DE CIENCIAS ECONOMICAS,MARINILLA,DESARROLLO TERRITORIAL- CARMEN DE VIBORAL,0.1011,5
CARMENVI,FACULTAD DE ARTES,GUATAPE,LICENCIATURA EN ARTES PLASTICAS - CARMEN DE VIBORAL,0.101,5
YARUMAL,FACULTAD DE EDUCACION,CAMPAMENTO,LICENCIATURA EN CIENCIAS NATURALES- YARUMAL,0.1009,5
CARMENVI,FACULTAD DE CIENCIAS ECONOMICAS,SONSON,DESARROLLO TERRITORIAL- CARMEN DE VIBORAL,0.1009,5
CARMENVI,FACULTAD DE MEDICINA,RIONEGRO,TECNOLOGIA EN ATENCION PREHOSPITALARIA- CARMEN DE VIBORAL,0.1008,5
CAUCASIA,FACULTAD NACIONAL DE SALUD PUBLICA,CACERES,ADMINISTRACION AMBIENTAL Y SANITARIA- CAUCASIA,0.1007,5
AMALFI,FACULTAD DE CIENCIAS ECONOMICAS,AMALFI,GESTION EN ECOLOGIA Y TURISMO - AMALFI,0.1007,5
CARMENVI,FACULTAD DE EDUCACION,GUARNE,LICENCIATURA EN CIENCIAS SOCIALES-CARMEN DE VIBORAL,0.1007,5
CARMENVI,FACULTAD DE EDUCACION,RIONEGRO,LICENCIATURA EN EDUCACION INFANTIL-CARMEN DE VIBORAL,0.1005,5
CARMENVI,FACULTAD DE EDUCACION,RIONEGRO,LICENCIATURA EN LITERATURA Y LENGUA CASTELLANA-CV,0.1005,5
ANDES,FACULTAD DE CIENCIAS FARMACEUTICAS Y ALIMENTARIAS,ANDES,TECNOLOGIA EN REGENCIA DE FARMACIA - ANDES,0.1005,5
CARMENVI,ESCUELA DE NUTRICION Y DIETETICA,EL CARMEN DE VIBORAL,NUTRICION Y DIETETICA - CARMEN DE VIBORAL,0.1004,5
CAUCASIA,FACULTAD DE DERECHO Y CIENCIAS POLITICAS,EL BAGRE,DERECHO - CAUCASIA,0.1004,5
CAUCASIA,FACULTAD DE CIENCIAS SOCIALES Y HUMANAS,CAUCASIA,TRABAJO SOCIAL - CAUCASIA,0.1004,5
CARMENVI,FACULTAD DE ARTES,MARINILLA,LICENCIATURA EN ARTES PLASTICAS - CARMEN DE VIBORAL,0.1004,5
APARTADO,FACULTAD DE EDUCACION,MEDELLIN,LICENCIATURA EN EDUCACION ESPECIAL - APARTADO,0.1003,5
CAUCASIA,FACULTAD DE DERECHO Y CIENCIAS POLITICAS,SAN JOSE DE URE,DERECHO - CAUCASIA,0.1003,5
CARMENVI,INSTITUTO UNIVERSITARIO DE EDUCACION FISICA Y DEPORTES,LA CEJA,LICENCIATURA EN EDUCACION FISICA - CARMEN DE VIBORAL,0.1003,5
TURBO,FACULTAD DE CIENCIAS FARMACEUTICAS Y ALIMENTARIAS,TURBO,TECNOLOGIA EN REGENCIA DE FARMACIA - TURBO,0.1002,5
CAUCASIA,INSTITUTO UNIVERSITARIO DE EDUCACION FISICA Y DEPORTES,MONTELIBANO,LICENCIATURA EN EDUCACION FISICA - CAUCASIA,0.1002,5
CARMENVI,FACULTAD DE EDUCACION,RIONEGRO,LICENCIATURA EN EDUCACION INFANTIL-CARMEN DE VIBORAL,0.1002,5
CAUCASIA,INSTITUTO UNIVERSITARIO DE EDUCACION FISICA Y DEPORTES,CAUCASIA,LICENCIATURA EN EDUCACION FISICA - CAUCASIA,0.1002,5
TURBO,FACULTAD DE COMUNICACIONES Y FILOLOGIA,TURBO,COMUNICACION SOCIAL - PERIODISMO TURBO,0.1002,5
TURBO,FACULTAD DE CIENCIAS FARMACEUTICAS Y ALIMENTARIAS,CHIGORODO,TECNOLOGIA EN REGENCIA DE FARMACIA - TURBO,0.1001,5
SEGOVIA,INSTITUTO UNIVERSITARIO DE EDUCACION FISICA Y DEPORTES,SEGOVIA,LICENCIATURA EN EDUCACION FISICA - SEGOVIA,0.1,4
ANDES,INSTITUTO UNIVERSITARIO DE EDUCACION FISICA Y DEPORTES,ANDES,ENTRENAMIENTO DEPORTIVO - ANDES,0.1,4
TURBO,FACULTAD DE CIENCIAS FARMACEUTICAS Y ALIMENTARIAS,TURBO,TECNOLOGIA EN REGENCIA DE FARMACIA - TURBO,0.1,4
CARMENVI,FACULTAD DE ARTES,EL CARMEN DE VIBORAL,LICENCIATURA EN MUSICA-CARMEN DE VIBORAL,0.0999,4
TURBO,FACULTAD DE CIENCIAS FARMACEUTICAS Y ALIMENTARIAS,SAN PEDRO DE URABA,TECNOLOGIA EN REGENCIA DE FARMACIA - TURBO,0.0999,4
CARMENVI,FACULTAD DE EDUCACION,LA CEJA,LICENCIATURA EN CIENCIAS NATURALES-CARMEN DE VIBORAL,0.0998,4
TURBO,FACULTAD DE EDUCACION,APARTADO,LICENCIATURA EN EDUCACION INFANTIL-TURBO,0.0998,4
CARMENVI,FACULTAD DE EDUCACION,LA CEJA,LICENCIATURA EN EDUCACION ESPECIAL - CARMEN DE VIBORAL,0.0997,4
CAUCASIA,FACULTAD DE CIENCIAS ECONOMICAS,ZARAGOZA,ADMINISTRACION DE EMPRESAS - CAUCASIA,0.0997,4
SEGOVIA,INSTITUTO UNIVERSITARIO DE EDUCACION FISICA Y DEPORTES,SEGOVIA,LICENCIATURA EN EDUCACION FISICA - SEGOVIA,0.0996,4
TURBO,FACULTAD DE CIENCIAS FARMACEUTICAS Y ALIMENTARIAS,TURBO,TECNOLOGIA EN REGENCIA DE FARMACIA - TURBO,0.0996,4
CARMENVI,FACULTAD DE CIENCIAS FARMACEUTICAS Y ALIMENTARIAS,MARINILLA,TECNOLOGIA EN REGENCIA DE FARMACIA - CARMEN DE VIBORAL,0.0994,4
YARUMAL,FACULTAD DE COMUNICACIONES Y FILOLOGIA,YARUMAL,COMUNICACION SOCIAL - PERIODISMO YARUMAL,0.0994,4
APARTADO,FACULTAD DE ARTES,CAREPA,LICENCIATURA EN ARTES PLASTICAS-APARTADO,0.0994,4
CARMENVI,FACULTAD DE EDUCACION,EL CARMEN DE VIBORAL,LICENCIATURA EN CIENCIAS NATURALES-CARMEN DE VIBORAL,0.0994,4
CARMENVI,FACULTAD DE EDUCACION,RIONEGRO,LICENCIATURA EN LITERATURA Y LENGUA CASTELLANA-CV,0.0994,4
TURBO,FACULTAD DE EDUCACION,APARTADO,LICENCIATURA EN EDUCACION INFANTIL-TURBO,0.0993,4
YARUMAL,FACULTAD DE COMUNICACIONES Y FILOLOGIA,YARUMAL,COMUNICACION SOCIAL - PERIODISMO YARUMAL,0.0993,4
APARTADO,FACULTAD DE CIENCIAS ECONOMICAS,APARTADO,CONTADURIA PUBLICA- URABA (APARTADO),0.0992,4
CARMENVI,FACULTAD DE CIENCIAS ECONOMICAS,LA CEJA,DESARROLLO TERRITORIAL- CARMEN DE VIBORAL,0.0991,4
APARTADO,FACULTAD DE CIENCIAS ECONOMICAS,CAREPA,CONTADURIA PUBLICA- URABA (APARTADO),0.0991,4
TURBO,FACULTAD DE EDUCACION,APARTADO,PEDAGOGIA EN RURALIDAD Y PAZ - TURBO,0.099,4
CARMENVI,INSTITUTO UNIVERSITARIO DE EDUCACION FISICA Y DEPORTES,LA CEJA,LICENCIATURA EN EDUCACION FISICA - CARMEN DE VIBORAL,0.0988,4
CAUCASIA,INSTITUTO UNIVERSITARIO DE EDUCACION FISICA Y DEPORTES,CAUCASIA,LICENCIATURA EN EDUCACION FISICA - CAUCASIA,0.0988,4
CAUCASIA,FACULTAD DE CIENCIAS SOCIALES Y HUMANAS,CAUCASIA,TRABAJO SOCIAL - CAUCASIA,0.0988,4
TURBO,FACULTAD DE CIENCIAS FARMACEUTICAS Y ALIMENTARIAS,CHIGORODO,TECNOLOGIA EN REGENCIA DE FARMACIA - TURBO,0.0987,4
APARTADO,FACULTAD DE ARTES,CHIGORODO,LICENCIATURA EN MUSICA - APARTADO,0.0986,4
ANDES,FACULTAD DE CIENCIAS AGRARIAS,ANDES,INGENIERIA AGROPECUARIA - ANDES,0.0986,4
CARMENVI,FACULTAD DE ARTES,EL CARMEN DE VIBORAL,LICENCIATURA EN ARTES PLASTICAS - CARMEN DE VIBORAL,0.0985,4
APARTADO,FACULTAD DE ARTES,APARTADO,LICENCIATURA EN MUSICA - APARTADO,0.0985,4
STAFEANT,FACULTAD DE COMUNICACIONES Y FILOLOGIA,SOPETRAN,COMUNICACION SOCIAL - PERIODISMO SANTA FE DE ANTIOQUIA,0.0984,4
SONSON,FACULTAD DE CIENCIAS ECONOMICAS,SONSON,GESTION EN ECOLOGIA Y TURISMO - SONSON,0.0984,4
CARMENVI,INSTITUTO UNIVERSITARIO DE EDUCACION FISICA Y DEPORTES,EL CARMEN DE VIBORAL,LICENCIATURA EN EDUCACION FISICA - CARMEN DE VIBORAL,0.0982,4
YARUMAL,FACULTAD DE EDUCACION,YARUMAL,LICENCIATURA EN MATEMATICAS-YARUMAL,0.0982,4
ANDES,FACULTAD DE CIENCIAS ECONOMICAS,JARDIN,GESTION EN ECOLOGIA Y TURISMO - ANDES,0.0982,4
CARMENVI,FACULTAD DE CIENCIAS FARMACEUTICAS Y ALIMENTARIAS,EL CARMEN DE VIBORAL,TECNOLOGIA EN REGENCIA DE FARMACIA - CARMEN DE VIBORAL,0.0981,4
CARMENVI,INSTITUTO UNIVERSITARIO DE EDUCACION FISICA Y DEPORTES,LA CEJA,LICENCIATURA EN EDUCACION FISICA - CARMEN DE VIBORAL,0.0981,4
TURBO,FACULTAD DE CIENCIAS ECONOMICAS,TURBO,ADMINISTRACION DE EMPRESAS - TURBO,0.0981,4
ANDES,FACULTAD DE DERECHO Y CIENCIAS POLITICAS,CONCORDIA,DERECHO - ANDES,0.098,4
STAFEANT,FACULTAD DE EDUCACION,SANTAFE DE ANTIOQUIA,LICENCIATURA EN CIENCIAS NATURALES - SANTA FE DE ANTIOQUIA,0.098,4
CARMENVI,FACULTAD DE ARTES,MARINILLA,LICENCIATURA EN ARTES PLASTICAS - CARMEN DE VIBORAL,0.098,4
CAUCASIA,FACULTAD DE CIENCIAS SOCIALES Y HUMANAS,MEDELLIN,TRABAJO SOCIAL - CAUCASIA,0.098,4
APARTADO,FACULTAD NACIONAL DE SALUD PUBLICA,APARTADO,GERENCIA EN SISTEMAS DE INFORMACION EN SALUD - APARTADO,0.0979,4
APARTADO,FACULTAD DE EDUCACION,CHIGORODO,LICENCIATURA EN LITERATURA Y LENGUA CASTELLANA-APARTADO,0.0978,4
CARMENVI,FACULTAD DE EDUCACION,NARINO,PEDAGOGIA EN RURALIDAD Y PAZ -CARMEN DE VIBORAL,0.0977,4
ANDES,FACULTAD DE CIENCIAS FARMACEUTICAS Y ALIMENTARIAS,ANDES,TECNOLOGIA EN REGENCIA DE FARMACIA - ANDES,0.0976,4
YARUMAL,FACULTAD DE COMUNICACIONES Y FILOLOGIA,YARUMAL,COMUNICACION SOCIAL - PERIODISMO YARUMAL,0.0975,4
SEGOVIA,FACULTAD DE DERECHO Y CIENCIAS POLITICAS,SEGOVIA,DERECHO SEGOVIA,0.0975,4
TURBO,FACULTAD DE COMUNICACIONES Y FILOLOGIA,APARTADO,COMUNICACION SOCIAL - PERIODISMO TURBO,0.0975,4
TURBO,FACULTAD DE CIENCIAS FARMACEUTICAS Y ALIMENTARIAS,SAN PEDRO DE URABA,TECNOLOGIA EN REGENCIA DE FARMACIA - TURBO,0.0975,4
TURBO,FACULTAD DE EDUCACION,CAREPA,PEDAGOGIA EN RURALIDAD Y PAZ - TURBO,0.0973,4
CAREPA,INSTITUTO UNIVERSITARIO DE EDUCACION FISICA Y DEPORTES,APARTADO,LICENCIATURA EN EDUCACION FISICA - CAREPA,0.0972,4
CAUCASIA,INSTITUTO UNIVERSITARIO DE EDUCACION FISICA Y DEPORTES,CAUCASIA,LICENCIATURA EN EDUCACION FISICA - CAUCASIA,0.097,4
CARMENVI,FACULTAD DE EDUCACION,LA CEJA,LICENCIATURA EN CIENCIAS SOCIALES-CARMEN DE VIBORAL,0.0969,4
CAUCASIA,FACULTAD DE CIENCIAS ECONOMICAS,MONTELIBANO,ADMINISTRACION DE EMPRESAS - CAUCASIA,0.0968,4
TURBO,FACULTAD DE COMUNICACIONES Y FILOLOGIA,TURBO,COMUNICACION SOCIAL - PERIODISMO TURBO,0.0968,4
P-BERRIO,INSTITUTO UNIVERSITARIO DE EDUCACION FISICA Y DEPORTES,SAN ROQUE,LICENCIATURA EN EDUCACION FISICA - PUERTO BERRIO,0.0968,4
CAUCASIA,INSTITUTO UNIVERSITARIO DE EDUCACION FISICA Y DEPORTES,CAUCASIA,LICENCIATURA EN EDUCACION FISICA - CAUCASIA,0.0966,4
ANDES,INSTITUTO UNIVERSITARIO DE EDUCACION FISICA Y DEPORTES,ANDES,LICENCIATURA EN EDUCACION FISICA - ANDES,0.0966,4
CARMENVI,FACULTAD DE CIENCIAS FARMACEUTICAS Y ALIMENTARIAS,MEDELLIN,CIENCIAS CULINARIAS - CARMEN DE VIBORAL,0.0965,4
ANDES,FACULTAD DE EDUCACION,PUEBLORRICO,LICENCIATURA EN EDUCACION ESPECIAL - ANDES,0.0962,4
APARTADO,FACULTAD NACIONAL DE SALUD PUBLICA,APARTADO,ADMINISTRACION EN SALUD - APARTADO,0.0961,4
CARMENVI,FACULTAD DE MEDICINA,GUARNE,TECNOLOGIA EN ATENCION PREHOSPITALARIA- CARMEN DE VIBORAL,0.096,4
CARMENVI,INSTITUTO UNIVERSITARIO DE EDUCACION FISICA Y DEPORTES,MARINILLA,LICENCIATURA EN EDUCACION FISICA - CARMEN DE VIBORAL,0.096,4
CARMENVI,INSTITUTO UNIVERSITARIO DE EDUCACION FISICA Y DEPORTES,RIONEGRO,LICENCIATURA EN EDUCACION FISICA - CARMEN DE VIBORAL,0.096,4
ANDES,INSTITUTO UNIVERSITARIO DE EDUCACION FISICA Y DEPORTES,ANDES,LICENCIATURA EN EDUCACION FISICA - ANDES,0.0959,4
CARMENVI,FACULTAD DE EDUCACION,RIONEGRO,LICENCIATURA EN EDUCACION ESPECIAL - CARMEN DE VIBORAL,0.0959,4
ANDES,FACULTAD DE EDUCACION,ANDES,LICENCIATURA EN CIENCIAS NATURALES - ANDES,0.0959,4
TURBO,FACULTAD NACIONAL DE SALUD PUBLICA,CHIGORODO,ADMINISTRACION AMBIENTAL Y SANITARIA- TURBO,0.0959,4
APARTADO,FACULTAD DE COMUNICACIONES Y FILOLOGIA,APARTADO,COMUNICACION SOCIAL - PERIODISMO APARTADO,0.0959,4
APARTADO,FACULTAD DE ARTES,APARTADO,LICENCIATURA EN ARTES PLASTICAS-APARTADO,0.0958,4
CARMENVI,FACULTAD DE ARTES,LA UNION,LICENCIATURA EN ARTES PLASTICAS - CARMEN DE VIBORAL,0.0958,4
CARMENVI,INSTITUTO UNIVERSITARIO DE EDUCACION FISICA Y DEPORTES,RIONEGRO,LICENCIATURA EN EDUCACION FISICA - CARMEN DE VIBORAL,0.0957,4
CAUCASIA,FACULTAD DE DERECHO Y CIENCIAS POLITICAS,CAUCASIA,DERECHO - CAUCASIA,0.0957,4
CARMENVI,FACULTAD DE ARTES,LA UNION,LICENCIATURA EN DANZA -CARMEN DE VIBORAL,0.0957,4
CARMENVI,FACULTAD DE ARTES,LA CEJA,LICENCIATURA EN ARTES PLASTICAS - CARMEN DE VIBORAL,0.0957,4
CARMENVI,FACULTAD DE EDUCACION,LA CEJA,LICENCIATURA EN CIENCIAS NATURALES-CARMEN DE VIBORAL,0.0956,4
ANDES,FACULTAD DE CIENCIAS ECONOMICAS,ANDES,GESTION EN ECOLOGIA Y TURISMO - ANDES,0.0956,4
APARTADO,FACULTAD DE CIENCIAS ECONOMICAS,CHIGORODO,GESTION EN ECOLOGIA Y TURISMO - APARTADO,0.0955,4
CAUCASIA,FACULTAD NACIONAL DE SALUD PUBLICA,CAUCASIA,ADMINISTRACION AMBIENTAL Y SANITARIA- CAUCASIA,0.0955,4
TURBO,FACULTAD DE CIENCIAS FARMACEUTICAS Y ALIMENTARIAS,TURBO,TECNOLOGIA EN REGENCIA DE FARMACIA - TURBO,0.0954,4
APARTADO,FACULTAD DE EDUCACION,TURBO,LICENCIATURA EN LITERATURA Y LENGUA CASTELLANA-APARTADO,0.0954,4
ANDES,INSTITUTO UNIVERSITARIO DE EDUCACION FISICA Y DEPORTES,ANDES,LICENCIATURA EN EDUCACION FISICA - ANDES,0.0953,4
CARMENVI,FACULTAD DE CIENCIAS ECONOMICAS,LA CEJA,CONTADURIA PUBLICA - CARMEN DE VIBORAL,0.0953,4
CARMENVI,INSTITUTO UNIVERSITARIO DE EDUCACION FISICA Y DEPORTES,LA CEJA,LICENCIATURA EN EDUCACION FISICA - CARMEN DE VIBORAL,0.0953,4
TURBO,FACULTAD DE EDUCACION,CHIGORODO,LICENCIATURA EN EDUCACION INFANTIL-TURBO,0.0953,4
CAUCASIA,FACULTAD DE CIENCIAS SOCIALES Y HUMANAS,CACERES,TRABAJO SOCIAL - CAUCASIA,0.0953,4
CARMENVI,FACULTAD DE EDUCACION,RIONEGRO,LICENCIATURA EN EDUCACION ESPECIAL - CARMEN DE VIBORAL,0.0952,4
ANDES,FACULTAD DE CIENCIAS ECONOMICAS,ANDES,GESTION EN ECOLOGIA Y TURISMO - ANDES,0.0952,4
CARMENVI,FACULTAD DE CIENCIAS ECONOMICAS,MARINILLA,DESARROLLO TERRITORIAL- CARMEN DE VIBORAL,0.0952,4
CARMENVI,FACULTAD DE EDUCACION,SAN LUIS,PEDAGOGIA EN RURALIDAD Y PAZ -CARMEN DE VIBORAL,0.0951,4
CARMENVI,FACULTAD DE EDUCACION,MARINILLA,LICENCIATURA EN EDUCACION ESPECIAL - CARMEN DE VIBORAL,0.095,4
CAUCASIA,FACULTAD DE CIENCIAS FARMACEUTICAS Y ALIMENTARIAS,CAUCASIA,TECNOLOGIA EN REGENCIA DE FARMACIA - CAUCASIA,0.095,4
TURBO,FACULTAD DE EDUCACION,CHIGORODO,LICENCIATURA EN EDUCACION INFANTIL-TURBO,0.0949,4
TURBO,FACULTAD DE CIENCIAS FARMACEUTICAS Y ALIMENTARIAS,TURBO,TECNOLOGIA EN REGENCIA DE FARMACIA - TURBO,0.0949,4
ANDES,INSTITUTO UNIVERSITARIO DE EDUCACION FISICA Y DEPORTES,ANDES,LICENCIATURA EN EDUCACION FISICA - ANDES,0.0948,4
APARTADO,FACULTAD DE CIENCIAS ECONOMICAS,TURBO,CONTADURIA PUBLICA- URABA (APARTADO),0.0947,4
TURBO,FACULTAD NACIONAL DE SALUD PUBLICA,APARTADO,ADMINISTRACION AMBIENTAL Y SANITARIA- TURBO,0.0947,4
YARUMAL,INSTITUTO UNIVERSITARIO DE EDUCACION FISICA Y DEPORTES,YARUMAL,LICENCIATURA EN EDUCACION FISICA - YARUMAL,0.0946,4
CARMENVI,FACULTAD DE ARTES,EL SANTUARIO,LICENCIATURA EN MUSICA-CARMEN DE VIBORAL,0.0946,4
CAUCASIA,FACULTAD DE DERECHO Y CIENCIAS POLITICAS,EL BAGRE,DERECHO - CAUCASIA,0.0945,4
CAUCASIA,FACULTAD NACIONAL DE SALUD PUBLICA,CAUCASIA,ADMINISTRACION AMBIENTAL Y SANITARIA- CAUCASIA,0.0945,4
CARMENVI,FACULTAD DE EDUCACION,MEDELLIN,PEDAGOGIA EN RURALIDAD Y PAZ -CARMEN DE VIBORAL,0.0945,4
CARMENVI,FACULTAD DE CIENCIAS FARMACEUTICAS Y ALIMENTARIAS,MEDELLIN,TECNOLOGIA EN REGENCIA DE FARMACIA - CARMEN DE VIBORAL,0.0945,4
CARMENVI,FACULTAD DE EDUCACION,EL SANTUARIO,PEDAGOGIA EN RURALIDAD Y PAZ -CARMEN DE VIBORAL,0.0945,4
CARMENVI,FACULTAD DE EDUCACION,EL SANTUARIO,LICENCIATURA EN CIENCIAS SOCIALES-CARMEN DE VIBORAL,0.0945,4
CAUCASIA,FACULTAD DE DERECHO Y CIENCIAS POLITICAS,CAUCASIA,DERECHO - CAUCASIA,0.0944,4
CAUCASIA,FACULTAD DE CIENCIAS ECONOMICAS,CAUCASIA,GESTION EN ECOLOGIA Y TURISMO - CAUCASIA,0.0943,4
CARMENVI,INSTITUTO UNIVERSITARIO DE EDUCACION FISICA Y DEPORTES,RIONEGRO,LICENCIATURA EN EDUCACION FISICA - CARMEN DE VIBORAL,0.0943,4
CAUCASIA,FACULTAD DE CIENCIAS ECONOMICAS,CAUCASIA,ADMINISTRACION DE EMPRESAS - CAUCASIA,0.0943,4
STAFEANT,FACULTAD DE CIENCIAS ECONOMICAS,SANTAFE DE ANTIOQUIA,CONTADURIA PUBLICA- SANTA FE DE ANTIOQUIA,0.0942,4
CAUCASIA,FACULTAD NACIONAL DE SALUD PUBLICA,CAUCASIA,ADMINISTRACION AMBIENTAL Y SANITARIA- CAUCASIA,0.0941,4
CAUCASIA,FACULTAD DE CIENCIAS ECONOMICAS,MONTELIBANO,ADMINISTRACION DE EMPRESAS - CAUCASIA,0.0941,4
STAFEANT,FACULTAD DE COMUNICACIONES Y FILOLOGIA,LA APARTADA,COMUNICACION SOCIAL - PERIODISMO SANTA FE DE ANTIOQUIA,0.0941,4
CAUCASIA,FACULTAD DE DERECHO Y CIENCIAS POLITICAS,CACERES,DERECHO - CAUCASIA,0.094,4
CAUCASIA,FACULTAD NACIONAL DE SALUD PUBLICA,CAUCASIA,ADMINISTRACION AMBIENTAL Y SANITARIA- CAUCASIA,0.094,4
ANDES,FACULTAD DE EDUCACION,JARDIN,LICENCIATURA EN EDUCACION ESPECIAL - ANDES,0.0939,4
ANDES,FACULTAD DE EDUCACION,ANDES,LICENCIATURA EN LITERATURA Y LENGUA CASTELLANA-ANDES,0.0938,4
CARMENVI,FACULTAD DE CIENCIAS ECONOMICAS,RIONEGRO,DESARROLLO TERRITORIAL- CARMEN DE VIBORAL,0.0938,4
SEGOVIA,FACULTAD DE DERECHO Y CIENCIAS POLITICAS,SEGOVIA,DERECHO SEGOVIA,0.0937,4
APARTADO,FACULTAD DE CIENCIAS ECONOMICAS,CHIGORODO,GESTION EN ECOLOGIA Y TURISMO - APARTADO,0.0936,4
TURBO,FACULTAD NACIONAL DE SALUD PUBLICA,TURBO,ADMINISTRACION AMBIENTAL Y SANITARIA- TURBO,0.0936,4
CAUCASIA,FACULTAD DE CIENCIAS ECONOMICAS,TARAZA,ADMINISTRACION DE EMPRESAS - CAUCASIA,0.0935,4
TURBO,FACULTAD DE EDUCACION,APARTADO,LICENCIATURA EN CIENCIAS NATURALES-TURBO,0.0935,4
CARMENVI,FACULTAD DE CIENCIAS ECONOMICAS,EL CARMEN DE VIBORAL,DESARROLLO TERRITORIAL- CARMEN DE VIBORAL,0.0935,4
CARMENVI,FACULTAD DE ARTES,EL CARMEN DE VIBORAL,GESTION CULTURAL - CARMEN DE VIBORAL,0.0935,4
YARUMAL,INSTITUTO UNIVERSITARIO DE EDUCACION FISICA Y DEPORTES,YARUMAL,LICENCIATURA EN EDUCACION FISICA - YARUMAL,0.0934,4
CAREPA,FACULTAD DE CIENCIAS AGRARIAS,CAREPA,INGENIERIA AGROPECUARIA-CAREPA,0.0934,4
CARMENVI,FACULTAD DE EDUCACION,ABEJORRAL,LICENCIATURA EN EDUCACION INFANTIL-CARMEN DE VIBORAL,0.0933,4
P-BERRIO,FACULTAD DE CIENCIAS ECONOMICAS,PUERTO BERRIO,GESTION EN ECOLOGIA Y TURISMO - PUERTO BERRIO,0.0933,4
ANDES,FACULTAD DE DERECHO Y CIENCIAS POLITICAS,ANDES,DERECHO - ANDES,0.0932,4
CARMENVI,FACULTAD DE CIENCIAS ECONOMICAS,GUARNE,ADMINISTRACION DE EMPRESAS - CARMEN DE VIBORAL,0.0931,4
CARMENVI,FACULTAD DE ARTES,RETIRO,GESTION CULTURAL - CARMEN DE VIBORAL,0.0931,4
CARMENVI,INSTITUTO UNIVERSITARIO DE EDUCACION FISICA Y DEPORTES,LA CEJA,LICENCIATURA EN EDUCACION FISICA - CARMEN DE VIBORAL,0.0931,4
CARMENVI,FACULTAD DE ARTES,EL CARMEN DE VIBORAL,LICENCIATURA EN ARTES PLASTICAS - CARMEN DE VIBORAL,0.093,4
CAUCASIA,INSTITUTO UNIVERSITARIO DE EDUCACION FISICA Y DEPORTES,CAUCASIA,LICENCIATURA EN EDUCACION FISICA - CAUCASIA,0.093,4
CARMENVI,FACULTAD DE CIENCIAS ECONOMICAS,RIONEGRO,GESTION EN ECOLOGIA Y TURISMO - CARMEN DE VIBORAL,0.0929,4
CARMENVI,FACULTAD DE CIENCIAS FARMACEUTICAS Y ALIMENTARIAS,EL CARMEN DE VIBORAL,CIENCIAS CULINARIAS - CARMEN DE VIBORAL,0.0928,4
CARMENVI,FACULTAD DE CIENCIAS FARMACEUTICAS Y ALIMENTARIAS,MARINILLA,TECNOLOGIA EN REGENCIA DE FARMACIA - CARMEN DE VIBORAL,0.0928,4
TURBO,FACULTAD DE CIENCIAS ECONOMICAS,NECOCLI,DESARROLLO TERRITORIAL- TURBO,0.0928,4
CARMENVI,FACULTAD DE EDUCACION,ABEJORRAL,LICENCIATURA EN CIENCIAS SOCIALES-CARMEN DE VIBORAL,0.0927,4
SEGOVIA,FACULTAD NACIONAL DE SALUD PUBLICA,SEGOVIA,TECNOLOGIA EN ADMINISTRACION DE SERVICIOS DE SALUD-SEGOVIA,0.0927,4
ANDES,FACULTAD DE EDUCACION,ANDES,LICENCIATURA EN LITERATURA Y LENGUA CASTELLANA-ANDES,0.0927,4
CAUCASIA,FACULTAD DE CIENCIAS SOCIALES Y HUMANAS,CAUCASIA,TRABAJO SOCIAL - CAUCASIA,0.0926,4
CAUCASIA,FACULTAD DE CIENCIAS SOCIALES Y HUMANAS,CAUCASIA,TRABAJO SOCIAL - CAUCASIA,0.0926,4
CARMENVI,FACULTAD DE CIENCIAS ECONOMICAS,MARINILLA,GESTION EN ECOLOGIA Y TURISMO - CARMEN DE VIBORAL,0.0924,4
ANDES,FACULTAD DE DERECHO Y CIENCIAS POLITICAS,ANDES,DERECHO - ANDES,0.0924,4
TURBO,FACULTAD DE EDUCACION,UNGUIA,PEDAGOGIA EN RURALIDAD Y PAZ - TURBO,0.0923,4
CARMENVI,FACULTAD DE ARTES,LA CEJA,LICENCIATURA EN ARTES PLASTICAS - CARMEN DE VIBORAL,0.0923,4
CARMENVI,FACULTAD DE EDUCACION,SANTA ROSA DE OSOS,LICENCIATURA EN EDUCACION INFANTIL-CARMEN DE VIBORAL,0.0922,4
STAFEANT,FACULTAD DE CIENCIAS ECONOMICAS,SANTAFE DE ANTIOQUIA,GESTION EN ECOLOGIA Y TURISMO - SANTAFE DE ANTIOQUIA,0.0922,4
CAUCASIA,FACULTAD DE CIENCIAS ECONOMICAS,MONTELIBANO,CONTADURIA PUBLICA- CAUCASIA,0.0922,4
APARTADO,FACULTAD DE CIENCIAS ECONOMICAS,CHIGORODO,CONTADURIA PUBLICA- URABA (APARTADO),0.0921,4
ANDES,FACULTAD DE EDUCACION,ANDES,LICENCIATURA EN LITERATURA Y LENGUA CASTELLANA-ANDES,0.0921,4
CAUCASIA,FACULTAD DE CIENCIAS ECONOMICAS,SINCELEJO,ADMINISTRACION DE EMPRESAS - CAUCASIA,0.092,4
SONSON,INSTITUTO UNIVERSITARIO DE EDUCACION FISICA Y DEPORTES,SONSON,LICENCIATURA EN EDUCACION FISICA - SONSON,0.092,4
CARMENVI,INSTITUTO UNIVERSITARIO DE EDUCACION FISICA Y DEPORTES,RIONEGRO,LICENCIATURA EN EDUCACION FISICA - CARMEN DE VIBORAL,0.092,4
CARMENVI,FACULTAD DE EDUCACION,RIONEGRO,LICENCIATURA EN LITERATURA Y LENGUA CASTELLANA-CV,0.0919,4
STAFEANT,FACULTAD DE COMUNICACIONES Y FILOLOGIA,SANTAFE DE ANTIOQUIA,COMUNICACION SOCIAL - PERIODISMO SANTA FE DE ANTIOQUIA,0.0919,4
TURBO,FACULTAD DE EDUCACION,CAREPA,LICENCIATURA EN CIENCIAS NATURALES-TURBO,0.0919,4
CARMENVI,FACULTAD DE ARTES,BELLO,GESTION CULTURAL - CARMEN DE VIBORAL,0.0919,4
CARMENVI,INSTITUTO UNIVERSITARIO DE EDUCACION FISICA Y DEPORTES,RIONEGRO,LICENCIATURA EN EDUCACION FISICA - CARMEN DE VIBORAL,0.0919,4
ANDES,FACULTAD DE EDUCACION,ANDES,LICENCIATURA EN LITERATURA Y LENGUA CASTELLANA-ANDES,0.0919,4
CARMENVI,FACULTAD DE EDUCACION,LA CEJA,LICENCIATURA EN MATEMATICAS-CARMEN DE VIBORAL,0.0918,4
P-BERRIO,FACULTAD NACIONAL DE SALUD PUBLICA,PUERTO NARE,ADMINISTRACION AMBIENTAL Y SANITARIA-PUERTO BERRIO,0.0918,4
CARMENVI,FACULTAD DE CIENCIAS AGRARIAS,LA UNION,INGENIERIA AGROPECUARIA - CARMEN DE VIBORAL,0.0918,4
P-BERRIO,FACULTAD DE CIENCIAS FARMACEUTICAS Y ALIMENTARIAS,PUERTO BERRIO,TECNOLOGIA EN REGENCIA DE FARMACIA - PUERTO BERRIO,0.0917,4
CARMENVI,FACULTAD DE ARTES,RIONEGRO,LICENCIATURA EN MUSICA-CARMEN DE VIBORAL,0.0915,4
SONSON,INSTITUTO UNIVERSITARIO DE EDUCACION FISICA Y DEPORTES,SONSON,LICENCIATURA EN EDUCACION FISICA - SONSON,0.0915,4
ANDES,FACULTAD DE EDUCACION,ANDES,LICENCIATURA EN LITERATURA Y LENGUA CASTELLANA-ANDES,0.0915,4
CARMENVI,FACULTAD DE CIENCIAS FARMACEUTICAS Y ALIMENTARIAS,BOGOTA D.C.,CIENCIAS CULINARIAS - CARMEN DE VIBORAL,0.0915,4
CARMENVI,INSTITUTO UNIVERSITARIO DE EDUCACION FISICA Y DEPORTES,EL CARMEN DE VIBORAL,LICENCIATURA EN EDUCACION FISICA - CARMEN DE VIBORAL,0.0914,4
CARMENVI,FACULTAD DE ARTES,LA CEJA,LICENCIATURA EN ARTES PLASTICAS - CARMEN DE VIBORAL,0.0913,4
CARMENVI,FACULTAD DE EDUCACION,LA CEJA,LICENCIATURA EN EDUCACION ESPECIAL - CARMEN DE VIBORAL,0.0912,4
TURBO,FACULTAD DE EDUCACION,TURBO,LICENCIATURA EN MATEMATICAS-TURBO,0.0911,4
TURBO,FACULTAD NACIONAL DE SALUD PUBLICA,APARTADO,ADMINISTRACION AMBIENTAL Y SANITARIA- TURBO,0.0911,4
TURBO,FACULTAD DE COMUNICACIONES Y FILOLOGIA,TURBO,COMUNICACION SOCIAL - PERIODISMO TURBO,0.091,4
CAUCASIA,FACULTAD DE CIENCIAS SOCIALES Y HUMANAS,CAUCASIA,TRABAJO SOCIAL - CAUCASIA,0.0909,4
CAUCASIA,FACULTAD DE EDUCACION,CAUCASIA,LICENCIATURA EN EDUCACION INFANTIL - CAUCASIA,0.0909,4
CARMENVI,FACULTAD DE ARTES,LA UNION,LICENCIATURA EN ARTES PLASTICAS - CARMEN DE VIBORAL,0.0909,4
CARMENVI,FACULTAD DE ARTES,MARINILLA,LICENCIATURA EN ARTES PLASTICAS - CARMEN DE VIBORAL,0.0909,4
CARMENVI,FACULTAD DE CIENCIAS FARMACEUTICAS Y ALIMENTARIAS,RETIRO,INGENIERIA DE ALIMENTOS - CARMEN DE VIBORAL,0.0908,4
CARMENVI,FACULTAD DE EDUCACION,LA CEJA,LICENCIATURA EN LITERATURA Y LENGUA CASTELLANA-CV,0.0907,4
TURBO,FACULTAD DE CIENCIAS FARMACEUTICAS Y ALIMENTARIAS,CHIGORODO,TECNOLOGIA EN REGENCIA DE FARMACIA - TURBO,0.0907,4
APARTADO,FACULTAD NACIONAL DE SALUD PUBLICA,CHIGORODO,ADMINISTRACION EN SALUD - APARTADO,0.0906,4
CAREPA,INSTITUTO UNIVERSITARIO DE EDUCACION FISICA Y DEPORTES,CAREPA,LICENCIATURA EN EDUCACION FISICA - CAREPA,0.0906,4
P-BERRIO,FACULTAD DE CIENCIAS FARMACEUTICAS Y ALIMENTARIAS,PUERTO BERRIO,TECNOLOGIA EN REGENCIA DE FARMACIA - PUERTO BERRIO,0.0905,4
TURBO,FACULTAD DE EDUCACION,TURBO,LICENCIATURA EN MATEMATICAS-TURBO,0.0904,4
CARMENVI,FACULTAD DE ARTES,EL CARMEN DE VIBORAL,LICENCIATURA EN ARTES PLASTICAS - CARMEN DE VIBORAL,0.0904,4
CARMENVI,FACULTAD DE CIENCIAS FARMACEUTICAS Y ALIMENTARIAS,SAN VICENTE,CIENCIAS CULINARIAS - CARMEN DE VIBORAL,0.0903,4
YARUMAL,FACULTAD DE EDUCACION,YARUMAL,LICENCIATURA EN CIENCIAS NATURALES- YARUMAL,0.0903,4
CARMENVI,FACULTAD DE CIENCIAS ECONOMICAS,MEDELLIN,GESTION EN ECOLOGIA Y TURISMO - CARMEN DE VIBORAL,0.0903,4
APARTADO,FACULTAD DE EDUCACION,CAREPA,LICENCIATURA EN LITERATURA Y LENGUA CASTELLANA-APARTADO,0.0903,4
CARMENVI,FACULTAD DE ARTES,MARINILLA,LICENCIATURA EN ARTES ESCENICAS- CARMEN DE VIBORAL,0.0902,4
CARMENVI,INSTITUTO UNIVERSITARIO DE EDUCACION FISICA Y DEPORTES,EL CARMEN DE VIBORAL,LICENCIATURA EN EDUCACION FISICA - CARMEN DE VIBORAL,0.0902,4
CAUCASIA,FACULTAD DE EDUCACION,LA APARTADA,LICENCIATURA EN EDUCACION INFANTIL - CAUCASIA,0.0902,4
APARTADO,FACULTAD DE ARTES,APARTADO,LICENCIATURA EN DANZA -APARTADO,0.0901,4
ANDES,INSTITUTO UNIVERSITARIO DE EDUCACION FISICA Y DEPORTES,ANDES,LICENCIATURA EN EDUCACION FISICA - ANDES,0.0901,4
YARUMAL,FACULTAD DE COMUNICACIONES Y FILOLOGIA,YARUMAL,COMUNICACION SOCIAL - PERIODISMO YARUMAL,0.0901,4
CAUCASIA,FACULTAD DE DERECHO Y CIENCIAS POLITICAS,MONTELIBANO,DERECHO - CAUCASIA,0.0901,4
ANDES,FACULTAD DE EDUCACION,ANDES,LICENCIATURA EN LITERATURA Y LENGUA CASTELLANA-ANDES,0.0899,4
CARMENVI,FACULTAD DE EDUCACION,RIONEGRO,LICENCIATURA EN CIENCIAS NATURALES-CARMEN DE VIBORAL,0.0898,4
TURBO,FACULTAD DE EDUCACION,TURBO,LICENCIATURA EN MATEMATICAS-TURBO,0.0898,4
CARMENVI,INSTITUTO DE FILOSOFIA,RIONEGRO,LICENCIATURA EN FILOSOFIA - CARMEN DE VIBORAL,0.0898,4
CARMENVI,FACULTAD DE ARTES,EL CARMEN DE VIBORAL,LICENCIATURA EN ARTES PLASTICAS - CARMEN DE VIBORAL,0.0898,4
CARMENVI,FACULTAD DE CIENCIAS FARMACEUTICAS Y ALIMENTARIAS,SAN VICENTE,TECNOLOGIA EN REGENCIA DE FARMACIA - CARMEN DE VIBORAL,0.0898,4
SEGOVIA,FACULTAD NACIONAL DE SALUD PUBLICA,SEGOVIA,TECNOLOGIA EN ADMINISTRACION DE SERVICIOS DE SALUD-SEGOVIA,0.0897,4
TURBO,FACULTAD DE EDUCACION,TURBO,LICENCIATURA EN CIENCIAS NATURALES-TURBO,0.0897,4
APARTADO,FACULTAD DE CIENCIAS ECONOMICAS,APARTADO,GESTION EN ECOLOGIA Y TURISMO - APARTADO,0.0897,4
CAUCASIA,FACULTAD DE CIENCIAS SOCIALES Y HUMANAS,CAUCASIA,TRABAJO SOCIAL - CAUCASIA,0.0897,4
CAUCASIA,FACULTAD DE DERECHO Y CIENCIAS POLITICAS,CAUCASIA,DERECHO - CAUCASIA,0.0896,4
P-BERRIO,INSTITUTO UNIVERSITARIO DE EDUCACION FISICA Y DEPORTES,PUERTO BERRIO,LICENCIATURA EN EDUCACION FISICA - PUERTO BERRIO,0.0896,4
TURBO,FACULTAD DE CIENCIAS ECONOMICAS,TURBO,DESARROLLO TERRITORIAL- TURBO,0.0896,4
STAFEANT,FACULTAD DE ARTES,DABEIBA,GESTION CULTURAL - SANTA FE DE ANTIOQUIA,0.0895,4
CARMENVI,FACULTAD DE EDUCACION,LA CEJA,LICENCIATURA EN LITERATURA Y LENGUA CASTELLANA-CV,0.0895,4
CAREPA,INSTITUTO UNIVERSITARIO DE EDUCACION FISICA Y DEPORTES,CHIGORODO,LICENCIATURA EN EDUCACION FISICA - CAREPA,0.0895,4
P-BERRIO,FACULTAD DE CIENCIAS ECONOMICAS,PUERTO BERRIO,GESTION EN ECOLOGIA Y TURISMO - PUERTO BERRIO,0.0895,4
TURBO,FACULTAD DE CIENCIAS ECONOMICAS,APARTADO,DESARROLLO TERRITORIAL- TURBO,0.0895,4
ANDES,FACULTAD DE CIENCIAS ECONOMICAS,BETANIA,GESTION EN ECOLOGIA Y TURISMO - ANDES,0.0894,4
CARMENVI,FACULTAD DE CIENCIAS ECONOMICAS,LA CEJA,GESTION EN ECOLOGIA Y TURISMO - CARMEN DE VIBORAL,0.0894,4
APARTADO,FACULTAD DE CIENCIAS ECONOMICAS,TURBO,CONTADURIA PUBLICA- URABA (APARTADO),0.0894,4
CAUCASIA,INSTITUTO UNIVERSITARIO DE EDUCACION FISICA Y DEPORTES,MEDELLIN,LICENCIATURA EN EDUCACION FISICA - CAUCASIA,0.0894,4
CAREPA,INSTITUTO UNIVERSITARIO DE EDUCACION FISICA Y DEPORTES,APARTADO,LICENCIATURA EN EDUCACION FISICA - CAREPA,0.0893,4
P-BERRIO,FACULTAD DE CIENCIAS FARMACEUTICAS Y ALIMENTARIAS,PUERTO BERRIO,TECNOLOGIA EN REGENCIA DE FARMACIA - PUERTO BERRIO,0.0893,4
CAUCASIA,FACULTAD DE CIENCIAS ECONOMICAS,CAUCASIA,ADMINISTRACION DE EMPRESAS - CAUCASIA,0.0893,4
CARMENVI,FACULTAD DE CIENCIAS FARMACEUTICAS Y ALIMENTARIAS,MARINILLA,TECNOLOGIA EN REGENCIA DE FARMACIA - CARMEN DE VIBORAL,0.0892,4
APARTADO,FACULTAD DE ARTES,APARTADO,LICENCIATURA EN MUSICA - APARTADO,0.0892,4
P-BERRIO,INSTITUTO UNIVERSITARIO DE EDUCACION FISICA Y DEPORTES,PUERTO BERRIO,LICENCIATURA EN EDUCACION FISICA - PUERTO BERRIO,0.0892,4
TURBO,FACULTAD DE EDUCACION,TURBO,LICENCIATURA EN CIENCIAS NATURALES-TURBO,0.0891,4
TURBO,FACULTAD DE COMUNICACIONES Y FILOLOGIA,TURBO,COMUNICACION SOCIAL - PERIODISMO TURBO,0.0891,4
YARUMAL,FACULTAD DE EDUCACION,YARUMAL,LICENCIATURA EN CIENCIAS NATURALES- YARUMAL,0.0891,4
ANDES,FACULTAD DE CIENCIAS AGRARIAS,ANDES,INGENIERIA AGROPECUARIA - ANDES,0.0891,4
SONSON,INSTITUTO UNIVERSITARIO DE EDUCACION FISICA Y DEPORTES,SONSON,LICENCIATURA EN EDUCACION FISICA - SONSON,0.0891,4
CARMENVI,FACULTAD DE CIENCIAS FARMACEUTICAS Y ALIMENTARIAS,RIONEGRO,CIENCIAS CULINARIAS - CARMEN DE VIBORAL,0.089,4
CARMENVI,FACULTAD DE EDUCACION,RIONEGRO,LICENCIATURA EN CIENCIAS SOCIALES-CARMEN DE VIBORAL,0.0889,4
CARMENVI,FACULTAD DE ARTES,RIONEGRO,LICENCIATURA EN ARTES PLASTICAS - CARMEN DE VIBORAL,0.0889,4
CARMENVI,FACULTAD DE EDUCACION,EL CARMEN DE VIBORAL,LICENCIATURA EN EDUCACION INFANTIL-CARMEN DE VIBORAL,0.0889,4
ANDES,FACULTAD DE CIENCIAS ECONOMICAS,ANDES,GESTION EN ECOLOGIA Y TURISMO - ANDES,0.0889,4
CARMENVI,FACULTAD DE CIENCIAS ECONOMICAS,RIONEGRO,GESTION EN ECOLOGIA Y TURISMO - CARMEN DE VIBORAL,0.0888,4
CARMENVI,FACULTAD DE CIENCIAS ECONOMICAS,MARINILLA,GESTION EN ECOLOGIA Y TURISMO - CARMEN DE VIBORAL,0.0888,4
SONSON,FACULTAD NACIONAL DE SALUD PUBLICA,SONSON,ADMINISTRACION EN SALUD - SONSON,0.0888,4
ANDES,FACULTAD DE EDUCACION,ANDES,LICENCIATURA EN CIENCIAS NATURALES - ANDES,0.0888,4
CAUCASIA,INSTITUTO UNIVERSITARIO DE EDUCACION FISICA Y DEPORTES,CAUCASIA,LICENCIATURA EN EDUCACION FISICA - CAUCASIA,0.0887,4
CARMENVI,FACULTAD DE CIENCIAS FARMACEUTICAS Y ALIMENTARIAS,PAZ DE ARIPORO,INGENIERIA DE ALIMENTOS - CARMEN DE VIBORAL,0.0886,4
TURBO,FACULTAD DE CIENCIAS ECONOMICAS,APARTADO,ADMINISTRACION DE EMPRESAS - TURBO,0.0886,4
P-BERRIO,FACULTAD DE CIENCIAS FARMACEUTICAS Y ALIMENTARIAS,PUERTO BERRIO,TECNOLOGIA EN REGENCIA DE FARMACIA - PUERTO BERRIO,0.0885,4
CARMENVI,FACULTAD DE CIENCIAS FARMACEUTICAS Y ALIMENTARIAS,EL CARMEN DE VIBORAL,TECNOLOGIA EN REGENCIA DE FARMACIA - CARMEN DE VIBORAL,0.0884,4
P-BERRIO,FACULTAD DE CIENCIAS FARMACEUTICAS Y ALIMENTARIAS,PUERTO BERRIO,TECNOLOGIA EN REGENCIA DE FARMACIA - PUERTO BERRIO,0.0884,4
P-BERRIO,INSTITUTO UNIVERSITARIO DE EDUCACION FISICA Y DEPORTES,PUERTO BERRIO,LICENCIATURA EN EDUCACION FISICA - PUERTO BERRIO,0.0884,4
CAUCASIA,FACULTAD DE DERECHO Y CIENCIAS POLITICAS,CAUCASIA,DERECHO - CAUCASIA,0.0884,4
CARMENVI,FACULTAD DE CIENCIAS ECONOMICAS,LA CEJA,GESTION EN ECOLOGIA Y TURISMO - CARMEN DE VIBORAL,0.0883,4
CARMENVI,FACULTAD DE ARTES,LA CEJA,LICENCIATURA EN MUSICA-CARMEN DE VIBORAL,0.0883,4
CAREPA,INSTITUTO UNIVERSITARIO DE EDUCACION FISICA Y DEPORTES,APARTADO,LICENCIATURA EN EDUCACION FISICA - CAREPA,0.0883,4
ANDES,FACULTAD DE DERECHO Y CIENCIAS POLITICAS,VALPARAISO,DERECHO - ANDES,0.0882,4
CAREPA,INSTITUTO UNIVERSITARIO DE EDUCACION FISICA Y DEPORTES,CHIGORODO,LICENCIATURA EN EDUCACION FISICA - CAREPA,0.0882,4
CAUCASIA,FACULTAD NACIONAL DE SALUD PUBLICA,NECHI,ADMINISTRACION AMBIENTAL Y SANITARIA- CAUCASIA,0.0882,4
CAUCASIA,INSTITUTO UNIVERSITARIO DE EDUCACION FISICA Y DEPORTES,EL BAGRE,LICENCIATURA EN EDUCACION FISICA - CAUCASIA,0.0882,4
CARMENVI,FACULTAD DE EDUCACION,CONCEPCION,PEDAGOGIA EN RURALIDAD Y PAZ -CARMEN DE VIBORAL,0.0881,4
CARMENVI,FACULTAD DE EDUCACION,EL CARMEN DE VIBORAL,LICENCIATURA EN EDUCACION ESPECIAL - CARMEN DE VIBORAL,0.0881,4
CARMENVI,FACULTAD DE EDUCACION,RIONEGRO,LICENCIATURA EN EDUCACION INFANTIL-CARMEN DE VIBORAL,0.0881,4
CARMENVI,FACULTAD DE EDUCACION,EL CARMEN DE VIBORAL,LICENCIATURA EN EDUCACION ESPECIAL - CARMEN DE VIBORAL,0.0881,4
CAUCASIA,FACULTAD DE CIENCIAS SOCIALES Y HUMANAS,CAUCASIA,TRABAJO SOCIAL - CAUCASIA,0.0881,4
APARTADO,FACULTAD DE CIENCIAS ECONOMICAS,ARBOLETES,GESTION EN ECOLOGIA Y TURISMO - APARTADO,0.0879,4
CAUCASIA,INSTITUTO UNIVERSITARIO DE EDUCACION FISICA Y DEPORTES,CAUCASIA,LICENCIATURA EN EDUCACION FISICA - CAUCASIA,0.0878,4
CARMENVI,FACULTAD DE EDUCACION,MARINILLA,LICENCIATURA EN LITERATURA Y LENGUA CASTELLANA-CV,0.0877,4
CARMENVI,FACULTAD DE CIENCIAS ECONOMICAS,EL CARMEN DE VIBORAL,GESTION EN ECOLOGIA Y TURISMO - CARMEN DE VIBORAL,0.0877,4
ANDES,INSTITUTO UNIVERSITARIO DE EDUCACION FISICA Y DEPORTES,ANDES,LICENCIATURA EN EDUCACION FISICA - ANDES,0.0877,4
CAREPA,FACULTAD DE CIENCIAS EXACTAS Y NATURALES,APARTADO,BIOLOGIA- CAREPA,0.0876,4
P-BERRIO,FACULTAD DE CIENCIAS FARMACEUTICAS Y ALIMENTARIAS,PUERTO BERRIO,TECNOLOGIA EN REGENCIA DE FARMACIA - PUERTO BERRIO,0.0876,4
APARTADO,FACULTAD DE CIENCIAS ECONOMICAS,TURBO,GESTION EN ECOLOGIA Y TURISMO - APARTADO,0.0876,4
TURBO,FACULTAD DE COMUNICACIONES Y FILOLOGIA,TURBO,COMUNICACION SOCIAL - PERIODISMO TURBO,0.0876,4
CAUCASIA,FACULTAD NACIONAL DE SALUD PUBLICA,CAUCASIA,ADMINISTRACION AMBIENTAL Y SANITARIA- CAUCASIA,0.0875,4
APARTADO,FACULTAD DE CIENCIAS ECONOMICAS,APARTADO,CONTADURIA PUBLICA- URABA (APARTADO),0.0875,4
CARMENVI,ESCUELA DE NUTRICION Y DIETETICA,SAN VICENTE,NUTRICION Y DIETETICA - CARMEN DE VIBORAL,0.0875,4
TURBO,FACULTAD DE EDUCACION,TURBO,LICENCIATURA EN MATEMATICAS-TURBO,0.0875,4
YARUMAL,FACULTAD DE COMUNICACIONES Y FILOLOGIA,ANGOSTURA,COMUNICACION SOCIAL - PERIODISMO YARUMAL,0.0874,4
SONSON,INSTITUTO UNIVERSITARIO DE EDUCACION FISICA Y DEPORTES,ARGELIA,LICENCIATURA EN EDUCACION FISICA - SONSON,0.0874,4
CARMENVI,FACULTAD DE EDUCACION,LA CEJA,LICENCIATURA EN EDUCACION ESPECIAL - CARMEN DE VIBORAL,0.0874,4
STAFEANT,FACULTAD DE ARTES,BURITICA,GESTION CULTURAL - SANTA FE DE ANTIOQUIA,0.0874,4
ANDES,FACULTAD DE CIENCIAS AGRARIAS,ANDES,INGENIERIA AGROPECUARIA - ANDES,0.0873,4
ANDES,FACULTAD DE CIENCIAS FARMACEUTICAS Y ALIMENTARIAS,ANDES,TECNOLOGIA EN REGENCIA DE FARMACIA - ANDES,0.0872,4
TURBO,FACULTAD DE COMUNICACIONES Y FILOLOGIA,TURBO,COMUNICACION SOCIAL - PERIODISMO TURBO,0.0872,4
ANDES,FACULTAD DE CIENCIAS AGRARIAS,ANDES,INGENIERIA AGROPECUARIA - ANDES,0.0872,4
TURBO,FACULTAD DE COMUNICACIONES Y FILOLOGIA,TURBO,COMUNICACION SOCIAL - PERIODISMO TURBO,0.0871,4
CAREPA,INSTITUTO UNIVERSITARIO DE EDUCACION FISICA Y DEPORTES,TURBO,LICENCIATURA EN EDUCACION FISICA - CAREPA,0.0871,4
CARMENVI,INSTITUTO UNIVERSITARIO DE EDUCACION FISICA Y DEPORTES,EL CARMEN DE VIBORAL,LICENCIATURA EN EDUCACION FISICA - CARMEN DE VIBORAL,0.0871,4
ANDES,FACULTAD DE EDUCACION,HISPANIA,LICENCIATURA EN EDUCACION ESPECIAL - ANDES,0.0871,4
SONSON,INSTITUTO UNIVERSITARIO DE EDUCACION FISICA Y DEPORTES,SONSON,LICENCIATURA EN EDUCACION FISICA - SONSON,0.087,4
ANDES,FACULTAD DE CIENCIAS AGRARIAS,ANDES,INGENIERIA AGROPECUARIA - ANDES,0.087,4
CARMENVI,FACULTAD DE EDUCACION,SAN LUIS DE GACENO,LICENCIATURA EN LITERATURA Y LENGUA CASTELLANA-CV,0.0869,4
P-BERRIO,FACULTAD NACIONAL DE SALUD PUBLICA,PUERTO BERRIO,ADMINISTRACION AMBIENTAL Y SANITARIA-PUERTO BERRIO,0.0869,4
ANDES,FACULTAD DE EDUCACION,HISPANIA,LICENCIATURA EN EDUCACION ESPECIAL - ANDES,0.0868,4
APARTADO,FACULTAD DE CIENCIAS ECONOMICAS,APARTADO,CONTADURIA PUBLICA- URABA (APARTADO),0.0867,4
CARMENVI,FACULTAD DE EDUCACION,LA UNION,PEDAGOGIA EN RURALIDAD Y PAZ -CARMEN DE VIBORAL,0.0867,4
CARMENVI,FACULTAD DE CIENCIAS FARMACEUTICAS Y ALIMENTARIAS,GUARNE,CIENCIAS CULINARIAS - CARMEN DE VIBORAL,0.0866,4
CAUCASIA,FACULTAD DE EDUCACION,MONTELIBANO,LICENCIATURA EN EDUCACION INFANTIL - CAUCASIA,0.0864,4
ANDES,INSTITUTO UNIVERSITARIO DE EDUCACION FISICA Y DEPORTES,HISPANIA,LICENCIATURA EN EDUCACION FISICA - ANDES,0.0864,4
CAUCASIA,FACULTAD DE DERECHO Y CIENCIAS POLITICAS,AYAPEL,DERECHO - CAUCASIA,0.0864,4
ANDES,INSTITUTO UNIVERSITARIO DE EDUCACION FISICA Y DEPORTES,ANDES,LICENCIATURA EN EDUCACION FISICA - ANDES,0.0864,4
CAUCASIA,FACULTAD DE CIENCIAS SOCIALES Y HUMANAS,CAUCASIA,TRABAJO SOCIAL - CAUCASIA,0.0864,4
ANDES,FACULTAD DE EDUCACION,ANDES,LICENCIATURA EN LITERATURA Y LENGUA CASTELLANA-ANDES,0.0863,4
SONSON,INSTITUTO UNIVERSITARIO DE EDUCACION FISICA Y DEPORTES,SONSON,LICENCIATURA EN EDUCACION FISICA - SONSON,0.0863,4
CARMENVI,FACULTAD DE ARTES,LA CEJA,ARTE DRAMATICO- CARMEN DE VIBORAL,0.0862,4
CARMENVI,FACULTAD DE EDUCACION,EL SANTUARIO,LICENCIATURA EN LITERATURA Y LENGUA CASTELLANA-CV,0.0862,4
TURBO,FACULTAD DE EDUCACION,TURBO,LICENCIATURA EN CIENCIAS NATURALES-TURBO,0.086,4
CARMENVI,FACULTAD DE EDUCACION,LA CEJA,LICENCIATURA EN LITERATURA Y LENGUA CASTELLANA-CV,0.0859,4
CAREPA,INSTITUTO UNIVERSITARIO DE EDUCACION FISICA Y DEPORTES,CAREPA,LICENCIATURA EN EDUCACION FISICA - CAREPA,0.0859,4
CAREPA,INSTITUTO UNIVERSITARIO DE EDUCACION FISICA Y DEPORTES,APARTADO,LICENCIATURA EN EDUCACION FISICA - CAREPA,0.0859,4
CAREPA,INSTITUTO UNIVERSITARIO DE EDUCACION FISICA Y DEPORTES,CHIGORODO,LICENCIATURA EN EDUCACION FISICA - CAREPA,0.0858,4
TURBO,FACULTAD DE CIENCIAS FARMACEUTICAS Y ALIMENTARIAS,NECOCLI,TECNOLOGIA EN REGENCIA DE FARMACIA - TURBO,0.0857,4
CARMENVI,INSTITUTO UNIVERSITARIO DE EDUCACION FISICA Y DEPORTES,EL CARMEN DE VIBORAL,LICENCIATURA EN EDUCACION FISICA - CARMEN DE VIBORAL,0.0857,4
YARUMAL,FACULTAD DE ARTES,SANTA ROSA DE OSOS,GESTION CULTURAL - YARUMAL,0.0856,4
P-BERRIO,FACULTAD DE CIENCIAS FARMACEUTICAS Y ALIMENTARIAS,PUERTO BERRIO,TECNOLOGIA EN REGENCIA DE FARMACIA - PUERTO BERRIO,0.0856,4
CAUCASIA,FACULTAD DE CIENCIAS SOCIALES Y HUMANAS,CAUCASIA,TRABAJO SOCIAL - CAUCASIA,0.0856,4
APARTADO,FACULTAD NACIONAL DE SALUD PUBLICA,ARBOLETES,ADMINISTRACION EN SALUD - APARTADO,0.0856,4
CARMENVI,FACULTAD DE EDUCACION,LA CEJA,LICENCIATURA EN EDUCACION ESPECIAL - CARMEN DE VIBORAL,0.0855,4
CAUCASIA,FACULTAD DE CIENCIAS FARMACEUTICAS Y ALIMENTARIAS,EL BAGRE,TECNOLOGIA EN REGENCIA DE FARMACIA - CAUCASIA,0.0855,4
CAUCASIA,FACULTAD DE DERECHO Y CIENCIAS POLITICAS,CAUCASIA,DERECHO - CAUCASIA,0.0855,4
CARMENVI,FACULTAD DE CIENCIAS FARMACEUTICAS Y ALIMENTARIAS,MARINILLA,CIENCIAS CULINARIAS - CARMEN DE VIBORAL,0.0855,4
CARMENVI,FACULTAD DE EDUCACION,EL CARMEN DE VIBORAL,LICENCIATURA EN LITERATURA Y LENGUA CASTELLANA-CV,0.0855,4
CARMENVI,FACULTAD DE CIENCIAS AGRARIAS,EL CARMEN DE VIBORAL,INGENIERIA AGROPECUARIA - CARMEN DE VIBORAL,0.0853,4
CARMENVI,FACULTAD DE ARTES,MARINILLA,LICENCIATURA EN ARTES PLASTICAS - CARMEN DE VIBORAL,0.0853,4
CARMENVI,FACULTAD DE EDUCACION,RIONEGRO,LICENCIATURA EN EDUCACION INFANTIL-CARMEN DE VIBORAL,0.0853,4
TURBO,FACULTAD DE EDUCACION,SAN PEDRO DE URABA,LICENCIATURA EN CIENCIAS NATURALES-TURBO,0.0853,4
CAUCASIA,INSTITUTO UNIVERSITARIO DE EDUCACION FISICA Y DEPORTES,CAUCASIA,LICENCIATURA EN EDUCACION FISICA - CAUCASIA,0.0852,4
CARMENVI,FACULTAD DE EDUCACION,RIONEGRO,LICENCIATURA EN EDUCACION ESPECIAL - CARMEN DE VIBORAL,0.0852,4
CAREPA,INSTITUTO UNIVERSITARIO DE EDUCACION FISICA Y DEPORTES,CHIGORODO,LICENCIATURA EN EDUCACION FISICA - CAREPA,0.0852,4
CARMENVI,FACULTAD DE EDUCACION,CERETE,LICENCIATURA EN CIENCIAS SOCIALES-CARMEN DE VIBORAL,0.0852,4
CARMENVI,FACULTAD NACIONAL DE SALUD PUBLICA,LA CEJA,ADMINISTRACION AMBIENTAL Y SANITARIA-CARMEN DE VIBORAL,0.0851,4
ANDES,INSTITUTO UNIVERSITARIO DE EDUCACION FISICA Y DEPORTES,CIUDAD BOLIVAR,LICENCIATURA EN EDUCACION FISICA - ANDES,0.0851,4
CARMENVI,FACULTAD DE EDUCACION,LA UNION,LICENCIATURA EN EDUCACION INFANTIL-CARMEN DE VIBORAL,0.085,4
STAFEANT,FACULTAD DE COMUNICACIONES Y FILOLOGIA,SANTAFE DE ANTIOQUIA,COMUNICACION SOCIAL - PERIODISMO SANTA FE DE ANTIOQUIA,0.0849,4
ANDES,FACULTAD DE EDUCACION,PUEBLORRICO,LICENCIATURA EN LITERATURA Y LENGUA CASTELLANA-ANDES,0.0849,4
CAUCASIA,FACULTAD DE CIENCIAS SOCIALES Y HUMANAS,CAUCASIA,PSICOLOGIA - CAUCASIA,0.0847,4
CARMENVI,FACULTAD DE ARTES,GUARNE,LICENCIATURA EN ARTES PLASTICAS - CARMEN DE VIBORAL,0.0846,4
APARTADO,FACULTAD DE INGENIERIA,APARTADO,INGENIERIA CIVIL-APARTADO,0.0846,4
CARMENVI,FACULTAD DE EDUCACION,EL CARMEN DE VIBORAL,LICENCIATURA EN EDUCACION ESPECIAL - CARMEN DE VIBORAL,0.0845,4
TURBO,FACULTAD DE EDUCACION,TURBO,LICENCIATURA EN MATEMATICAS-TURBO,0.0845,4
SONSON,INSTITUTO UNIVERSITARIO DE EDUCACION FISICA Y DEPORTES,SONSON,LICENCIATURA EN EDUCACION FISICA - SONSON,0.0844,4
CARMENVI,FACULTAD DE EDUCACION,RIONEGRO,LICENCIATURA EN CIENCIAS SOCIALES-CARMEN DE VIBORAL,0.0844,4
CAUCASIA,FACULTAD DE CIENCIAS FARMACEUTICAS Y ALIMENTARIAS,CAUCASIA,TECNOLOGIA EN REGENCIA DE FARMACIA - CAUCASIA,0.0844,4
CARMENVI,INSTITUTO UNIVERSITARIO DE EDUCACION FISICA Y DEPORTES,RIONEGRO,LICENCIATURA EN EDUCACION FISICA - CARMEN DE VIBORAL,0.0844,4
CARMENVI,FACULTAD DE ARTES,MARINILLA,LICENCIATURA EN ARTES PLASTICAS - CARMEN DE VIBORAL,0.0844,4
TURBO,FACULTAD DE EDUCACION,TURBO,LICENCIATURA EN MATEMATICAS-TURBO,0.0844,4
ANDES,FACULTAD DE CIENCIAS AGRARIAS,TARSO,INGENIERIA AGROPECUARIA - ANDES,0.0844,4
YARUMAL,FACULTAD DE COMUNICACIONES Y FILOLOGIA,YARUMAL,COMUNICACION SOCIAL - PERIODISMO YARUMAL,0.0844,4
CAUCASIA,FACULTAD DE CIENCIAS FARMACEUTICAS Y ALIMENTARIAS,CAUCASIA,TECNOLOGIA EN REGENCIA DE FARMACIA - CAUCASIA,0.0843,4
YARUMAL,INSTITUTO UNIVERSITARIO DE EDUCACION FISICA Y DEPORTES,SANTA ROSA DE OSOS,LICENCIATURA EN EDUCACION FISICA - YARUMAL,0.0842,4
CAUCASIA,FACULTAD DE CIENCIAS SOCIALES Y HUMANAS,CAUCASIA,TRABAJO SOCIAL - CAUCASIA,0.0842,4
YARUMAL,FACULTAD DE EDUCACION,YARUMAL,LICENCIATURA EN MATEMATICAS-YARUMAL,0.0842,4
TURBO,FACULTAD DE COMUNICACIONES Y FILOLOGIA,APARTADO,COMUNICACION SOCIAL - PERIODISMO TURBO,0.0842,4
TURBO,FACULTAD DE EDUCACION,TURBO,LICENCIATURA EN MATEMATICAS-TURBO,0.0841,4
CARMENVI,INSTITUTO UNIVERSITARIO DE EDUCACION FISICA Y DEPORTES,RIONEGRO,LICENCIATURA EN EDUCACION FISICA - CARMEN DE VIBORAL,0.084,4
SEGOVIA,FACULTAD DE DERECHO Y CIENCIAS POLITICAS,SEGOVIA,DERECHO SEGOVIA,0.084,4
YARUMAL,FACULTAD DE COMUNICACIONES Y FILOLOGIA,YARUMAL,COMUNICACION SOCIAL - PERIODISMO YARUMAL,0.0839,4
TURBO,FACULTAD DE COMUNICACIONES Y FILOLOGIA,APARTADO,COMUNICACION SOCIAL - PERIODISMO TURBO,0.0838,4
YARUMAL,FACULTAD DE COMUNICACIONES Y FILOLOGIA,YARUMAL,COMUNICACION SOCIAL - PERIODISMO YARUMAL,0.0838,4
STAFEANT,FACULTAD DE COMUNICACIONES Y FILOLOGIA,SANTAFE DE ANTIOQUIA,COMUNICACION SOCIAL - PERIODISMO SANTA FE DE ANTIOQUIA,0.0838,4
CAUCASIA,FACULTAD DE CIENCIAS FARMACEUTICAS Y ALIMENTARIAS,CAUCASIA,TECNOLOGIA EN REGENCIA DE FARMACIA - CAUCASIA,0.0838,4
APARTADO,ESCUELA DE MICROBIOLOGIA,APARTADO,MICROBIOLOGIA INDUSTRIAL Y AMBIENTAL-URABA (APARTADO),0.0837,4
TURBO,FACULTAD DE CIENCIAS ECONOMICAS,TURBO,DESARROLLO TERRITORIAL- TURBO,0.0837,4
SEGOVIA,INSTITUTO UNIVERSITARIO DE EDUCACION FISICA Y DEPORTES,SEGOVIA,LICENCIATURA EN EDUCACION FISICA - SEGOVIA,0.0837,4
CARMENVI,INSTITUTO UNIVERSITARIO DE EDUCACION FISICA Y DEPORTES,MARINILLA,LICENCIATURA EN EDUCACION FISICA - CARMEN DE VIBORAL,0.0837,4
CARMENVI,FACULTAD DE ARTES,LA UNION,LICENCIATURA EN ARTES PLASTICAS - CARMEN DE VIBORAL,0.0836,4
APARTADO,FACULTAD DE COMUNICACIONES Y FILOLOGIA,APARTADO,COMUNICACION SOCIAL - PERIODISMO APARTADO,0.0836,4
TURBO,FACULTAD DE EDUCACION,TURBO,LICENCIATURA EN CIENCIAS NATURALES-TURBO,0.0835,4
CARMENVI,FACULTAD DE EDUCACION,LA UNION,LICENCIATURA EN MATEMATICAS-CARMEN DE VIBORAL,0.0835,4
CAUCASIA,FACULTAD DE DERECHO Y CIENCIAS POLITICAS,LA APARTADA,DERECHO - CAUCASIA,0.0835,4
YARUMAL,FACULTAD DE COMUNICACIONES Y FILOLOGIA,YARUMAL,COMUNICACION SOCIAL - PERIODISMO YARUMAL,0.0834,4
CARMENVI,FACULTAD DE CIENCIAS FARMACEUTICAS Y ALIMENTARIAS,LA UNION,TECNOLOGIA EN REGENCIA DE FARMACIA - CARMEN DE VIBORAL,0.0834,4
CARMENVI,FACULTAD DE CIENCIAS FARMACEUTICAS Y ALIMENTARIAS,LA CEJA,TECNOLOGIA EN REGENCIA DE FARMACIA - CARMEN DE VIBORAL,0.0834,4
CAUCASIA,FACULTAD NACIONAL DE SALUD PUBLICA,CAUCASIA,ADMINISTRACION EN SALUD-CAUCASIA,0.0833,4
ANDES,FACULTAD DE DERECHO Y CIENCIAS POLITICAS,CIUDAD BOLIVAR,DERECHO - ANDES,0.0832,4
APARTADO,FACULTAD DE COMUNICACIONES Y FILOLOGIA,APARTADO,COMUNICACION SOCIAL - PERIODISMO APARTADO,0.0832,4
YARUMAL,FACULTAD DE EDUCACION,YARUMAL,LICENCIATURA EN MATEMATICAS-YARUMAL,0.0832,4
ANDES,ESCUELA DE MICROBIOLOGIA,JERICO,MICROBIOLOGIA INDUSTRIAL Y AMBIENTAL-ANDES,0.0831,4
YARUMAL,FACULTAD DE COMUNICACIONES Y FILOLOGIA,YARUMAL,COMUNICACION SOCIAL - PERIODISMO YARUMAL,0.083,4
CAUCASIA,FACULTAD DE CIENCIAS ECONOMICAS,LA APARTADA,ADMINISTRACION DE EMPRESAS - CAUCASIA,0.0829,4
CARMENVI,FACULTAD DE EDUCACION,EL CARMEN DE VIBORAL,LICENCIATURA EN EDUCACION INFANTIL-CARMEN DE VIBORAL,0.0829,4
TURBO,FACULTAD DE COMUNICACIONES Y FILOLOGIA,APARTADO,COMUNICACION SOCIAL - PERIODISMO TURBO,0.0829,4
CARMENVI,FACULTAD DE MEDICINA,RIONEGRO,TECNOLOGIA EN ATENCION PREHOSPITALARIA- CARMEN DE VIBORAL,0.0829,4
CAREPA,FACULTAD DE DERECHO Y CIENCIAS POLITICAS,TURBO,DERECHO - CAREPA,0.0829,4
TURBO,FACULTAD DE COMUNICACIONES Y FILOLOGIA,TURBO,COMUNICACION SOCIAL - PERIODISMO TURBO,0.0828,4
ANDES,INSTITUTO UNIVERSITARIO DE EDUCACION FISICA Y DEPORTES,JARDIN,LICENCIATURA EN EDUCACION FISICA - ANDES,0.0828,4
ANDES,FACULTAD DE EDUCACION,BETANIA,LICENCIATURA EN LITERATURA Y LENGUA CASTELLANA-ANDES,0.0828,4
SONSON,FACULTAD NACIONAL DE SALUD PUBLICA,SONSON,ADMINISTRACION EN SALUD - SONSON,0.0826,4
TURBO,FACULTAD DE EDUCACION,APARTADO,PEDAGOGIA EN RURALIDAD Y PAZ - TURBO,0.0826,4
CAUCASIA,INSTITUTO UNIVERSITARIO DE EDUCACION FISICA Y DEPORTES,CACERES,LICENCIATURA EN EDUCACION FISICA - CAUCASIA,0.0826,4
SONSON,FACULTAD NACIONAL DE SALUD PUBLICA,SONSON,ADMINISTRACION EN SALUD - SONSON,0.0825,4
P-BERRIO,INSTITUTO UNIVERSITARIO DE EDUCACION FISICA Y DEPORTES,PUERTO BERRIO,LICENCIATURA EN EDUCACION FISICA - PUERTO BERRIO,0.0825,4
TURBO,FACULTAD DE EDUCACION,TURBO,LICENCIATURA EN CIENCIAS NATURALES-TURBO,0.0825,4
ANDES,FACULTAD DE DERECHO Y CIENCIAS POLITICAS,JARDIN,DERECHO - ANDES,0.0825,4
SONSON,FACULTAD NACIONAL DE SALUD PUBLICA,NARINO,ADMINISTRACION EN SALUD - SONSON,0.0825,4
TURBO,FACULTAD DE EDUCACION,TURBO,LICENCIATURA EN CIENCIAS NATURALES-TURBO,0.0825,4
ANDES,FACULTAD DE DERECHO Y CIENCIAS POLITICAS,CIUDAD BOLIVAR,DERECHO - ANDES,0.0825,4
CARMENVI,FACULTAD DE ARTES,LA CEJA,LICENCIATURA EN ARTES PLASTICAS - CARMEN DE VIBORAL,0.0824,4
CARMENVI,FACULTAD DE ARTES,LA CEJA,GESTION CULTURAL - CARMEN DE VIBORAL,0.0823,4
TURBO,FACULTAD DE COMUNICACIONES Y FILOLOGIA,APARTADO,COMUNICACION SOCIAL - PERIODISMO TURBO,0.0822,4
APARTADO,FACULTAD NACIONAL DE SALUD PUBLICA,CAREPA,GERENCIA EN SISTEMAS DE INFORMACION EN SALUD - APARTADO,0.0822,4
CAUCASIA,FACULTAD DE CIENCIAS ECONOMICAS,CAUCASIA,ADMINISTRACION DE EMPRESAS - CAUCASIA,0.0821,4
CARMENVI,FACULTAD DE CIENCIAS FARMACEUTICAS Y ALIMENTARIAS,RIONEGRO,TECNOLOGIA EN REGENCIA DE FARMACIA - CARMEN DE VIBORAL,0.0821,4
TURBO,FACULTAD DE EDUCACION,TURBO,LICENCIATURA EN CIENCIAS NATURALES-TURBO,0.0821,4
TURBO,FACULTAD DE EDUCACION,TURBO,LICENCIATURA EN MATEMATICAS-TURBO,0.0821,4
TURBO,FACULTAD DE EDUCACION,CAREPA,LICENCIATURA EN FISICA - TURBO,0.082,4
CARMENVI,FACULTAD DE EDUCACION,LA CEJA,LICENCIATURA EN EDUCACION INFANTIL-CARMEN DE VIBORAL,0.082,4
CARMENVI,FACULTAD DE EDUCACION,SAN RAFAEL,PEDAGOGIA EN RURALIDAD Y PAZ -CARMEN DE VIBORAL,0.0819,4
CAREPA,INSTITUTO UNIVERSITARIO DE EDUCACION FISICA Y DEPORTES,TURBO,LICENCIATURA EN EDUCACION FISICA - CAREPA,0.0819,4
SONSON,FACULTAD NACIONAL DE SALUD PUBLICA,SONSON,ADMINISTRACION EN SALUD - SONSON,0.0819,4
CARMENVI,FACULTAD DE EDUCACION,RIONEGRO,LICENCIATURA EN EDUCACION ESPECIAL - CARMEN DE VIBORAL,0.0818,4
CARMENVI,FACULTAD DE CIENCIAS ECONOMICAS,LA CEJA,ADMINISTRACION DE EMPRESAS - CARMEN DE VIBORAL,0.0818,4
YARUMAL,INSTITUTO UNIVERSITARIO DE EDUCACION FISICA Y DEPORTES,YARUMAL,LICENCIATURA EN EDUCACION FISICA - YARUMAL,0.0817,4
TURBO,FACULTAD DE CIENCIAS ECONOMICAS,TURBO,DESARROLLO TERRITORIAL- TURBO,0.0817,4
CARMENVI,FACULTAD DE ARTES,RETIRO,LICENCIATURA EN ARTES PLASTICAS - CARMEN DE VIBORAL,0.0817,4
CARMENVI,FACULTAD DE EDUCACION,MARINILLA,LICENCIATURA EN LITERATURA Y LENGUA CASTELLANA-CV,0.0816,4
SONSON,FACULTAD NACIONAL DE SALUD PUBLICA,MEDELLIN,ADMINISTRACION EN SALUD - SONSON,0.0815,4
ANDES,INSTITUTO UNIVERSITARIO DE EDUCACION FISICA Y DEPORTES,CIUDAD BOLIVAR,LICENCIATURA EN EDUCACION FISICA - ANDES,0.0815,4
TURBO,FACULTAD DE CIENCIAS FARMACEUTICAS Y ALIMENTARIAS,APARTADO,TECNOLOGIA EN REGENCIA DE FARMACIA - TURBO,0.0814,4
CARMENVI,FACULTAD DE CIENCIAS ECONOMICAS,LA CEJA,CONTADURIA PUBLICA - CARMEN DE VIBORAL,0.0814,4
CAUCASIA,FACULTAD DE CIENCIAS ECONOMICAS,EL BAGRE,ADMINISTRACION DE EMPRESAS - CAUCASIA,0.0814,4
CARMENVI,FACULTAD DE EDUCACION,LA CEJA,LICENCIATURA EN CIENCIAS NATURALES-CARMEN DE VIBORAL,0.0814,4
CARMENVI,FACULTAD DE CIENCIAS FARMACEUTICAS Y ALIMENTARIAS,CERETE,INGENIERIA DE ALIMENTOS - CARMEN DE VIBORAL,0.0813,4
CARMENVI,FACULTAD DE EDUCACION,MONTEBELLO,LICENCIATURA EN CIENCIAS NATURALES-CARMEN DE VIBORAL,0.0813,4
YARUMAL,FACULTAD DE ARTES,YARUMAL,GESTION CULTURAL - YARUMAL,0.0812,4
ANDES,ESCUELA DE MICROBIOLOGIA,ANDES,MICROBIOLOGIA INDUSTRIAL Y AMBIENTAL-ANDES,0.0812,4
STAFEANT,INSTITUTO UNIVERSITARIO DE EDUCACION FISICA Y DEPORTES,SANTAFE DE ANTIOQUIA,LICENCIATURA EN EDUCACION FISICA - SANTA FE DE ANTIOQUIA,0.0812,4
ANDES,FACULTAD DE EDUCACION,ANDES,LICENCIATURA EN CIENCIAS NATURALES - ANDES,0.0811,4
CAUCASIA,FACULTAD DE CIENCIAS ECONOMICAS,LA APARTADA,CONTADURIA PUBLICA- CAUCASIA,0.081,4
CARMENVI,FACULTAD DE CIENCIAS FARMACEUTICAS Y ALIMENTARIAS,EL CARMEN DE VIBORAL,CIENCIAS CULINARIAS - CARMEN DE VIBORAL,0.081,4
APARTADO,FACULTAD DE EDUCACION,APARTADO,LICENCIATURA EN EDUCACION ESPECIAL - APARTADO,0.0809,4
CARMENVI,FACULTAD DE ARTES,EL CARMEN DE VIBORAL,LICENCIATURA EN ARTES PLASTICAS - CARMEN DE VIBORAL,0.0809,4
TURBO,FACULTAD DE EDUCACION,SAN JUAN DE URABA,LICENCIATURA EN CIENCIAS NATURALES-TURBO,0.0808,4
CARMENVI,FACULTAD DE CIENCIAS ECONOMICAS,MARINILLA,GESTION EN ECOLOGIA Y TURISMO - CARMEN DE VIBORAL,0.0808,4
P-BERRIO,FACULTAD NACIONAL DE SALUD PUBLICA,PUERTO BERRIO,ADMINISTRACION AMBIENTAL Y SANITARIA-PUERTO BERRIO,0.0808,4
CAUCASIA,INSTITUTO UNIVERSITARIO DE EDUCACION FISICA Y DEPORTES,ZARAGOZA,LICENCIATURA EN EDUCACION FISICA - CAUCASIA,0.0808,4
SONSON,FACULTAD NACIONAL DE SALUD PUBLICA,NARINO,ADMINISTRACION EN SALUD - SONSON,0.0807,4
CARMENVI,INSTITUTO UNIVERSITARIO DE EDUCACION FISICA Y DEPORTES,LA CEJA,LICENCIATURA EN EDUCACION FISICA - CARMEN DE VIBORAL,0.0805,4
ANDES,INSTITUTO UNIVERSITARIO DE EDUCACION FISICA Y DEPORTES,CIUDAD BOLIVAR,LICENCIATURA EN EDUCACION FISICA - ANDES,0.0805,4
CAUCASIA,FACULTAD DE CIENCIAS ECONOMICAS,CAUCASIA,ADMINISTRACION DE EMPRESAS - CAUCASIA,0.0805,4
CAUCASIA,FACULTAD DE DERECHO Y CIENCIAS POLITICAS,CAUCASIA,DERECHO - CAUCASIA,0.0805,4
CAREPA,INSTITUTO UNIVERSITARIO DE EDUCACION FISICA Y DEPORTES,CAREPA,LICENCIATURA EN EDUCACION FISICA - CAREPA,0.0804,4
CAUCASIA,INSTITUTO UNIVERSITARIO DE EDUCACION FISICA Y DEPORTES,NECHI,LICENCIATURA EN EDUCACION FISICA - CAUCASIA,0.0804,4
CARMENVI,FACULTAD DE CIENCIAS ECONOMICAS,EL CARMEN DE VIBORAL,CONTADURIA PUBLICA - CARMEN DE VIBORAL,0.0803,4
TURBO,FACULTAD DE CIENCIAS ECONOMICAS,CAREPA,DESARROLLO TERRITORIAL- TURBO,0.0802,4
CAREPA,INSTITUTO UNIVERSITARIO DE EDUCACION FISICA Y DEPORTES,APARTADO,LICENCIATURA EN EDUCACION FISICA - CAREPA,0.0802,4
APARTADO,FACULTAD DE ARTES,CHIGORODO,LICENCIATURA EN ARTES PLASTICAS-APARTADO,0.0801,4
ANDES,INSTITUTO UNIVERSITARIO DE EDUCACION FISICA Y DEPORTES,CIUDAD BOLIVAR,LICENCIATURA EN EDUCACION FISICA - ANDES,0.08,4
TURBO,FACULTAD DE EDUCACION,TURBO,PEDAGOGIA EN RURALIDAD Y PAZ - TURBO,0.08,4
ANDES,FACULTAD DE EDUCACION,ANDES,LICENCIATURA EN EDUCACION ESPECIAL - ANDES,0.0799,4
TURBO,FACULTAD DE CIENCIAS FARMACEUTICAS Y ALIMENTARIAS,TURBO,TECNOLOGIA EN REGENCIA DE FARMACIA - TURBO,0.0798,4
CARMENVI,FACULTAD DE CIENCIAS ECONOMICAS,SAN RAFAEL,GESTION EN ECOLOGIA Y TURISMO - CARMEN DE VIBORAL,0.0796,4
STAFEANT,FACULTAD DE COMUNICACIONES Y FILOLOGIA,CHARALA,COMUNICACION SOCIAL - PERIODISMO SANTA FE DE ANTIOQUIA,0.0796,4
CARMENVI,FACULTAD DE CIENCIAS FARMACEUTICAS Y ALIMENTARIAS,MEDELLIN,CIENCIAS CULINARIAS - CARMEN DE VIBORAL,0.0796,4
CARMENVI,FACULTAD DE EDUCACION,RIONEGRO,LICENCIATURA EN CIENCIAS SOCIALES-CARMEN DE VIBORAL,0.0795,4
STAFEANT,FACULTAD DE COMUNICACIONES Y FILOLOGIA,MOCOA,COMUNICACION SOCIAL - PERIODISMO SANTA FE DE ANTIOQUIA,0.0795,4
APARTADO,FACULTAD DE EDUCACION,CHIGORODO,LICENCIATURA EN EDUCACION ESPECIAL - APARTADO,0.0795,4
CARMENVI,FACULTAD DE EDUCACION,RETIRO,LICENCIATURA EN EDUCACION INFANTIL-CARMEN DE VIBORAL,0.0794,4
APARTADO,FACULTAD DE EDUCACION,TURBO,LICENCIATURA EN EDUCACION ESPECIAL - APARTADO,0.0791,4
ANDES,FACULTAD DE EDUCACION,ANDES,LICENCIATURA EN CIENCIAS NATURALES - ANDES,0.0791,4
P-BERRIO,FACULTAD NACIONAL DE SALUD PUBLICA,MACEO,ADMINISTRACION AMBIENTAL Y SANITARIA-PUERTO BERRIO,0.0791,4
CARMENVI,FACULTAD DE EDUCACION,MARINILLA,LICENCIATURA EN EDUCACION ESPECIAL - CARMEN DE VIBORAL,0.0789,4
CAUCASIA,FACULTAD DE DERECHO Y CIENCIAS POLITICAS,CAUCASIA,DERECHO - CAUCASIA,0.0789,4
CAUCASIA,FACULTAD DE CIENCIAS SOCIALES Y HUMANAS,CAUCASIA,TRABAJO SOCIAL - CAUCASIA,0.0789,4
CARMENVI,FACULTAD DE ARTES,RIONEGRO,LICENCIATURA EN DANZA -CARMEN DE VIBORAL,0.0788,4
CARMENVI,FACULTAD DE EDUCACION,LA CEJA,LICENCIATURA EN CIENCIAS NATURALES-CARMEN DE VIBORAL,0.0787,4
YARUMAL,FACULTAD DE EDUCACION,TARAZA,LICENCIATURA EN MATEMATICAS-YARUMAL,0.0787,4
CARMENVI,FACULTAD DE ARTES,MARINILLA,LICENCIATURA EN ARTES PLASTICAS - CARMEN DE VIBORAL,0.0787,4
CARMENVI,FACULTAD DE EDUCACION,RIONEGRO,LICENCIATURA EN EDUCACION INFANTIL-CARMEN DE VIBORAL,0.0787,4
SONSON,FACULTAD NACIONAL DE SALUD PUBLICA,SONSON,ADMINISTRACION EN SALUD - SONSON,0.0787,4
APARTADO,FACULTAD DE CIENCIAS ECONOMICAS,ARBOLETES,GESTION EN ECOLOGIA Y TURISMO - APARTADO,0.0787,4
CARMENVI,FACULTAD DE ARTES,LA UNION,LICENCIATURA EN MUSICA-CARMEN DE VIBORAL,0.0787,4
CARMENVI,FACULTAD DE ARTES,MARINILLA,LICENCIATURA EN ARTES PLASTICAS - CARMEN DE VIBORAL,0.0786,4
ANDES,INSTITUTO UNIVERSITARIO DE EDUCACION FISICA Y DEPORTES,JARDIN,LICENCIATURA EN EDUCACION FISICA - ANDES,0.0786,4
CARMENVI,FACULTAD DE EDUCACION,LA CEJA,LICENCIATURA EN LITERATURA Y LENGUA CASTELLANA-CV,0.0786,4
CARMENVI,FACULTAD DE CIENCIAS AGRARIAS,RIONEGRO,INGENIERIA AGROPECUARIA - CARMEN DE VIBORAL,0.0786,4
CARMENVI,FACULTAD DE EDUCACION,MARINILLA,LICENCIATURA EN LITERATURA Y LENGUA CASTELLANA-CV,0.0784,4
ANDES,FACULTAD DE EDUCACION,ANDES,LICENCIATURA EN LITERATURA Y LENGUA CASTELLANA-ANDES,0.0784,4
ANDES,FACULTAD NACIONAL DE SALUD PUBLICA,HISPANIA,ADMINISTRACION AMBIENTAL Y SANITARIA- ANDES,0.0783,4
CARMENVI,FACULTAD DE CIENCIAS ECONOMICAS,MARINILLA,GESTION EN ECOLOGIA Y TURISMO - CARMEN DE VIBORAL,0.0783,4
P-BERRIO,FACULTAD DE DERECHO Y CIENCIAS POLITICAS,IPIALES,DERECHO - PUERTO BERRIO,0.0782,4
CAUCASIA,INSTITUTO UNIVERSITARIO DE EDUCACION FISICA Y DEPORTES,CAUCASIA,LICENCIATURA EN EDUCACION FISICA - CAUCASIA,0.0782,4
TURBO,FACULTAD DE CIENCIAS ECONOMICAS,APARTADO,DESARROLLO TERRITORIAL- TURBO,0.0782,4
STAFEANT,FACULTAD DE EDUCACION,SANTAFE DE ANTIOQUIA,LICENCIATURA EN CIENCIAS NATURALES - SANTA FE DE ANTIOQUIA,0.0781,4
CARMENVI,FACULTAD DE CIENCIAS FARMACEUTICAS Y ALIMENTARIAS,LA UNION,TECNOLOGIA EN REGENCIA DE FARMACIA - CARMEN DE VIBORAL,0.0781,4
SEGOVIA,INSTITUTO UNIVERSITARIO DE EDUCACION FISICA Y DEPORTES,SEGOVIA,LICENCIATURA EN EDUCACION FISICA - SEGOVIA,0.078,4
APARTADO,FACULTAD DE CIENCIAS ECONOMICAS,SAN PEDRO DE URABA,GESTION EN ECOLOGIA Y TURISMO - APARTADO,0.078,4
CARMENVI,INSTITUTO UNIVERSITARIO DE EDUCACION FISICA Y DEPORTES,RIONEGRO,LICENCIATURA EN EDUCACION FISICA - CARMEN DE VIBORAL,0.078,4
CARMENVI,FACULTAD DE CIENCIAS FARMACEUTICAS Y ALIMENTARIAS,EL CARMEN DE VIBORAL,TECNOLOGIA EN REGENCIA DE FARMACIA - CARMEN DE VIBORAL,0.0779,4
TURBO,FACULTAD DE COMUNICACIONES Y FILOLOGIA,TURBO,COMUNICACION SOCIAL - PERIODISMO TURBO,0.0778,4
CAREPA,INSTITUTO UNIVERSITARIO DE EDUCACION FISICA Y DEPORTES,TURBO,LICENCIATURA EN EDUCACION FISICA - CAREPA,0.0778,4
TURBO,FACULTAD DE EDUCACION,TURBO,LICENCIATURA EN CIENCIAS NATURALES-TURBO,0.0777,4
CARMENVI,FACULTAD NACIONAL DE SALUD PUBLICA,RIONEGRO,ADMINISTRACION AMBIENTAL Y SANITARIA-CARMEN DE VIBORAL,0.0777,4
SONSON,FACULTAD NACIONAL DE SALUD PUBLICA,SONSON,ADMINISTRACION EN SALUD - SONSON,0.0777,4
SONSON,INSTITUTO UNIVERSITARIO DE EDUCACION FISICA Y DEPORTES,SONSON,LICENCIATURA EN EDUCACION FISICA - SONSON,0.0776,4
TURBO,FACULTAD DE CIENCIAS FARMACEUTICAS Y ALIMENTARIAS,TURBO,TECNOLOGIA EN REGENCIA DE FARMACIA - TURBO,0.0775,4
CARMENVI,FACULTAD DE EDUCACION,COCORNA,PEDAGOGIA EN RURALIDAD Y PAZ -CARMEN DE VIBORAL,0.0774,4
CARMENVI,FACULTAD DE EDUCACION,LA UNION,LICENCIATURA EN EDUCACION ESPECIAL - CARMEN DE VIBORAL,0.0774,4
TURBO,FACULTAD DE EDUCACION,TURBO,LICENCIATURA EN CIENCIAS NATURALES-TURBO,0.0774,4
CARMENVI,INSTITUTO UNIVERSITARIO DE EDUCACION FISICA Y DEPORTES,RIONEGRO,LICENCIATURA EN EDUCACION FISICA - CARMEN DE VIBORAL,0.0774,4
CARMENVI,FACULTAD DE ARTES,SANTO DOMINGO,LICENCIATURA EN ARTES PLASTICAS - CARMEN DE VIBORAL,0.0773,4
CAUCASIA,INSTITUTO UNIVERSITARIO DE EDUCACION FISICA Y DEPORTES,MONTERIA,LICENCIATURA EN EDUCACION FISICA - CAUCASIA,0.0771,4
APARTADO,FACULTAD DE COMUNICACIONES Y FILOLOGIA,APARTADO,COMUNICACION SOCIAL - PERIODISMO APARTADO,0.0771,4
YARUMAL,FACULTAD DE EDUCACION,YARUMAL,LICENCIATURA EN CIENCIAS NATURALES- YARUMAL,0.0771,4
CARMENVI,FACULTAD DE EDUCACION,MEDELLIN,LICENCIATURA EN EDUCACION ESPECIAL - CARMEN DE VIBORAL,0.0771,4
ANDES,FACULTAD DE DERECHO Y CIENCIAS POLITICAS,HISPANIA,DERECHO - ANDES,0.077,4
ANDES,ESCUELA DE MICROBIOLOGIA,ANDES,MICROBIOLOGIA INDUSTRIAL Y AMBIENTAL-ANDES,0.077,4
TURBO,FACULTAD DE EDUCACION,APARTADO,LICENCIATURA EN CIENCIAS NATURALES-TURBO,0.077,4
TURBO,FACULTAD DE EDUCACION,TURBO,LICENCIATURA EN CIENCIAS NATURALES-TURBO,0.077,4
STAFEANT,FACULTAD DE COMUNICACIONES Y FILOLOGIA,SANTAFE DE ANTIOQUIA,COMUNICACION SOCIAL - PERIODISMO SANTA FE DE ANTIOQUIA,0.077,4
CAUCASIA,FACULTAD DE DERECHO Y CIENCIAS POLITICAS,CAUCASIA,DERECHO - CAUCASIA,0.077,4
CARMENVI,INSTITUTO UNIVERSITARIO DE EDUCACION FISICA Y DEPORTES,RIONEGRO,LICENCIATURA EN EDUCACION FISICA - CARMEN DE VIBORAL,0.077,4
ANDES,INSTITUTO UNIVERSITARIO DE EDUCACION FISICA Y DEPORTES,JARDIN,LICENCIATURA EN EDUCACION FISICA - ANDES,0.0769,4
APARTADO,FACULTAD DE COMUNICACIONES Y FILOLOGIA,APARTADO,COMUNICACION SOCIAL - PERIODISMO APARTADO,0.0769,4
CARMENVI,FACULTAD DE CIENCIAS ECONOMICAS,RIONEGRO,ADMINISTRACION DE EMPRESAS - CARMEN DE VIBORAL,0.0767,4
CAUCASIA,INSTITUTO UNIVERSITARIO DE EDUCACION FISICA Y DEPORTES,CAUCASIA,LICENCIATURA EN EDUCACION FISICA - CAUCASIA,0.0767,4
ANDES,FACULTAD DE EDUCACION,ANDES,LICENCIATURA EN EDUCACION ESPECIAL - ANDES,0.0766,4
APARTADO,ESCUELA INTERAMERICANA DE BIBLIOTECOLOGIA,APARTADO,ARCHIVISTICA - APARTADO,0.0765,4
CAUCASIA,FACULTAD NACIONAL DE SALUD PUBLICA,ZARAGOZA,ADMINISTRACION EN SALUD-CAUCASIA,0.0765,4
STAFEANT,FACULTAD DE EDUCACION,SANTAFE DE ANTIOQUIA,LICENCIATURA EN CIENCIAS NATURALES - SANTA FE DE ANTIOQUIA,0.0765,4
CARMENVI,FACULTAD DE CIENCIAS FARMACEUTICAS Y ALIMENTARIAS,RIONEGRO,INGENIERIA DE ALIMENTOS - CARMEN DE VIBORAL,0.0764,4
CARMENVI,FACULTAD DE EDUCACION,SAN LUIS,PEDAGOGIA EN RURALIDAD Y PAZ -CARMEN DE VIBORAL,0.0764,4
YARUMAL,FACULTAD DE ARTES,YARUMAL,GESTION CULTURAL - YARUMAL,0.0763,4
CARMENVI,FACULTAD DE CIENCIAS FARMACEUTICAS Y ALIMENTARIAS,EL CARMEN DE VIBORAL,INGENIERIA DE ALIMENTOS - CARMEN DE VIBORAL,0.0763,4
CARMENVI,FACULTAD DE EDUCACION,RETIRO,LICENCIATURA EN LITERATURA Y LENGUA CASTELLANA-CV,0.0763,4
CARMENVI,FACULTAD DE CIENCIAS ECONOMICAS,RIONEGRO,CONTADURIA PUBLICA - CARMEN DE VIBORAL,0.0762,4
YARUMAL,FACULTAD DE EDUCACION,YARUMAL,LICENCIATURA EN CIENCIAS NATURALES- YARUMAL,0.0762,4
ANDES,FACULTAD DE EDUCACION,ANDES,LICENCIATURA EN EDUCACION ESPECIAL - ANDES,0.0761,4
TURBO,FACULTAD DE CIENCIAS FARMACEUTICAS Y ALIMENTARIAS,TURBO,TECNOLOGIA EN REGENCIA DE FARMACIA - TURBO,0.0761,4
CARMENVI,FACULTAD DE ARTES,GUATAPE,LICENCIATURA EN DANZA -CARMEN DE VIBORAL,0.0761,4
CARMENVI,FACULTAD DE EDUCACION,MARINILLA,PEDAGOGIA EN RURALIDAD Y PAZ -CARMEN DE VIBORAL,0.0761,4
CAUCASIA,INSTITUTO UNIVERSITARIO DE EDUCACION FISICA Y DEPORTES,CAUCASIA,LICENCIATURA EN EDUCACION FISICA - CAUCASIA,0.076,4
CARMENVI,FACULTAD DE ARTES,LA CEJA,LICENCIATURA EN DANZA -CARMEN DE VIBORAL,0.076,4
TURBO,FACULTAD DE CIENCIAS FARMACEUTICAS Y ALIMENTARIAS,CAREPA,TECNOLOGIA EN REGENCIA DE FARMACIA - TURBO,0.0759,4
CAREPA,INSTITUTO UNIVERSITARIO DE EDUCACION FISICA Y DEPORTES,APARTADO,LICENCIATURA EN EDUCACION FISICA - CAREPA,0.0759,4
APARTADO,FACULTAD DE COMUNICACIONES Y FILOLOGIA,CAREPA,COMUNICACION SOCIAL - PERIODISMO APARTADO,0.0759,4
CAREPA,INSTITUTO UNIVERSITARIO DE EDUCACION FISICA Y DEPORTES,TURBO,LICENCIATURA EN EDUCACION FISICA - CAREPA,0.0758,4
CAUCASIA,FACULTAD DE DERECHO Y CIENCIAS POLITICAS,CAUCASIA,DERECHO - CAUCASIA,0.0757,4
CAREPA,INSTITUTO UNIVERSITARIO DE EDUCACION FISICA Y DEPORTES,CHIGORODO,LICENCIATURA EN EDUCACION FISICA - CAREPA,0.0757,4
CARMENVI,FACULTAD DE EDUCACION,SANTA BARBARA,PEDAGOGIA EN RURALIDAD Y PAZ -CARMEN DE VIBORAL,0.0757,4
CARMENVI,FACULTAD DE CIENCIAS ECONOMICAS,GUARNE,DESARROLLO TERRITORIAL- CARMEN DE VIBORAL,0.0756,4
CARMENVI,INSTITUTO UNIVERSITARIO DE EDUCACION FISICA Y DEPORTES,EL CARMEN DE VIBORAL,LICENCIATURA EN EDUCACION FISICA - CARMEN DE VIBORAL,0.0756,4
TURBO,FACULTAD DE EDUCACION,TURBO,LICENCIATURA EN MATEMATICAS-TURBO,0.0755,4
ANDES,FACULTAD DE EDUCACION,DOLORES,LICENCIATURA EN CIENCIAS NATURALES - ANDES,0.0754,4
CARMENVI,FACULTAD DE CIENCIAS ECONOMICAS,LA UNION,GESTION EN ECOLOGIA Y TURISMO - CARMEN DE VIBORAL,0.0754,4
CARMENVI,FACULTAD DE CIENCIAS ECONOMICAS,GUARNE,ADMINISTRACION DE EMPRESAS - CARMEN DE VIBORAL,0.0753,4
ANDES,FACULTAD DE CIENCIAS AGRARIAS,CIUDAD BOLIVAR,INGENIERIA AGROPECUARIA - ANDES,0.0753,4
CARMENVI,FACULTAD DE CIENCIAS ECONOMICAS,LA UNION,GESTION EN ECOLOGIA Y TURISMO - CARMEN DE VIBORAL,0.0753,4
ANDES,FACULTAD DE DERECHO Y CIENCIAS POLITICAS,JARDIN,DERECHO - ANDES,0.0753,4
YARUMAL,INSTITUTO UNIVERSITARIO DE EDUCACION FISICA Y DEPORTES,SANTA ROSA DE OSOS,LICENCIATURA EN EDUCACION FISICA - YARUMAL,0.0752,4
CARMENVI,FACULTAD DE ARTES,EL CARMEN DE VIBORAL,GESTION CULTURAL - CARMEN DE VIBORAL,0.0752,4
TURBO,FACULTAD NACIONAL DE SALUD PUBLICA,TURBO,ADMINISTRACION AMBIENTAL Y SANITARIA- TURBO,0.0751,4
CARMENVI,INSTITUTO UNIVERSITARIO DE EDUCACION FISICA Y DEPORTES,RIONEGRO,LICENCIATURA EN EDUCACION FISICA - CARMEN DE VIBORAL,0.0751,4
CAUCASIA,FACULTAD DE CIENCIAS ECONOMICAS,CAUCASIA,ADMINISTRACION DE EMPRESAS - CAUCASIA,0.0751,4
CARMENVI,FACULTAD DE EDUCACION,RETIRO,LICENCIATURA EN LITERATURA Y LENGUA CASTELLANA-CV,0.075,4
APARTADO,FACULTAD DE CIENCIAS ECONOMICAS,TURBO,GESTION EN ECOLOGIA Y TURISMO - APARTADO,0.075,4
APARTADO,FACULTAD DE CIENCIAS ECONOMICAS,TURBO,GESTION EN ECOLOGIA Y TURISMO - APARTADO,0.075,4
TURBO,FACULTAD DE EDUCACION,TURBO,LICENCIATURA EN CIENCIAS NATURALES-TURBO,0.0749,4
ANDES,INSTITUTO UNIVERSITARIO DE EDUCACION FISICA Y DEPORTES,ANDES,ENTRENAMIENTO DEPORTIVO - ANDES,0.0749,4
APARTADO,FACULTAD DE CIENCIAS SOCIALES Y HUMANAS,APARTADO,TRABAJO SOCIAL-URABA (APARTADO),0.0749,4
CARMENVI,INSTITUTO UNIVERSITARIO DE EDUCACION FISICA Y DEPORTES,EL CARMEN DE VIBORAL,LICENCIATURA EN EDUCACION FISICA - CARMEN DE VIBORAL,0.0749,4
CARMENVI,FACULTAD DE CIENCIAS FARMACEUTICAS Y ALIMENTARIAS,EL CARMEN DE VIBORAL,INGENIERIA DE ALIMENTOS - CARMEN DE VIBORAL,0.0748,4
ANDES,ESCUELA DE MICROBIOLOGIA,ANDES,MICROBIOLOGIA INDUSTRIAL Y AMBIENTAL-ANDES,0.0748,4
APARTADO,FACULTAD DE CIENCIAS ECONOMICAS,TURBO,GESTION EN ECOLOGIA Y TURISMO - APARTADO,0.0748,4
CAUCASIA,FACULTAD DE CIENCIAS ECONOMICAS,PUERTO LIBERTADOR,ADMINISTRACION DE EMPRESAS - CAUCASIA,0.0748,4
SEGOVIA,INSTITUTO UNIVERSITARIO DE EDUCACION FISICA Y DEPORTES,REMEDIOS,LICENCIATURA EN EDUCACION FISICA - SEGOVIA,0.0748,4
ANDES,INSTITUTO UNIVERSITARIO DE EDUCACION FISICA Y DEPORTES,ANDES,LICENCIATURA EN EDUCACION FISICA - ANDES,0.0747,4
CARMENVI,FACULTAD DE CIENCIAS FARMACEUTICAS Y ALIMENTARIAS,RIONEGRO,CIENCIAS CULINARIAS - CARMEN DE VIBORAL,0.0747,4
TURBO,FACULTAD DE EDUCACION,TURBO,LICENCIATURA EN CIENCIAS NATURALES-TURBO,0.0747,4
TURBO,FACULTAD DE EDUCACION,TURBO,LICENCIATURA EN CIENCIAS NATURALES-TURBO,0.0747,4
STAFEANT,INSTITUTO UNIVERSITARIO DE EDUCACION FISICA Y DEPORTES,SAN JERONIMO,LICENCIATURA EN EDUCACION FISICA - SANTA FE DE ANTIOQUIA,0.0745,4
CARMENVI,FACULTAD DE CIENCIAS FARMACEUTICAS Y ALIMENTARIAS,LA CEJA,TECNOLOGIA EN REGENCIA DE FARMACIA - CARMEN DE VIBORAL,0.0745,4
SEGOVIA,INSTITUTO UNIVERSITARIO DE EDUCACION FISICA Y DEPORTES,SEGOVIA,LICENCIATURA EN EDUCACION FISICA - SEGOVIA,0.0745,4
CARMENVI,FACULTAD DE EDUCACION,EL CARMEN DE VIBORAL,LICENCIATURA EN EDUCACION INFANTIL-CARMEN DE VIBORAL,0.0745,4
TURBO,FACULTAD DE EDUCACION,NECOCLI,LICENCIATURA EN FISICA - TURBO,0.0745,4
CARMENVI,FACULTAD DE CIENCIAS SOCIALES Y HUMANAS,EL CARMEN DE VIBORAL,PSICOLOGIA - CARMEN DE VIBORAL,0.0744,4
CAUCASIA,FACULTAD DE DERECHO Y CIENCIAS POLITICAS,NECHI,DERECHO - CAUCASIA,0.0744,4
SONSON,INSTITUTO UNIVERSITARIO DE EDUCACION FISICA Y DEPORTES,ARGELIA,LICENCIATURA EN EDUCACION FISICA - SONSON,0.0744,4
CAREPA,INSTITUTO UNIVERSITARIO DE EDUCACION FISICA Y DEPORTES,TURBO,LICENCIATURA EN EDUCACION FISICA - CAREPA,0.0743,4
CAUCASIA,INSTITUTO UNIVERSITARIO DE EDUCACION FISICA Y DEPORTES,CAUCASIA,LICENCIATURA EN EDUCACION FISICA - CAUCASIA,0.0742,4
STAFEANT,FACULTAD DE COMUNICACIONES Y FILOLOGIA,MEDELLIN,COMUNICACION SOCIAL - PERIODISMO SANTA FE DE ANTIOQUIA,0.0742,4
YARUMAL,INSTITUTO UNIVERSITARIO DE EDUCACION FISICA Y DEPORTES,SANTA ROSA DE OSOS,LICENCIATURA EN EDUCACION FISICA - YARUMAL,0.0741,4
CAUCASIA,INSTITUTO UNIVERSITARIO DE EDUCACION FISICA Y DEPORTES,PLANETA RICA,LICENCIATURA EN EDUCACION FISICA - CAUCASIA,0.0741,4
CARMENVI,FACULTAD DE EDUCACION,LA UNION,LICENCIATURA EN LITERATURA Y LENGUA CASTELLANA-CV,0.074,4
CAUCASIA,FACULTAD DE CIENCIAS ECONOMICAS,AYAPEL,ADMINISTRACION DE EMPRESAS - CAUCASIA,0.074,4
CAUCASIA,FACULTAD DE DERECHO Y CIENCIAS POLITICAS,CAUCASIA,DERECHO - CAUCASIA,0.0739,4
P-BERRIO,FACULTAD DE CIENCIAS ECONOMICAS,PUERTO BERRIO,GESTION EN ECOLOGIA Y TURISMO - PUERTO BERRIO,0.0739,4
CARMENVI,FACULTAD DE CIENCIAS ECONOMICAS,RIONEGRO,ADMINISTRACION DE EMPRESAS - CARMEN DE VIBORAL,0.0739,4
CAUCASIA,FACULTAD DE DERECHO Y CIENCIAS POLITICAS,CAUCASIA,DERECHO - CAUCASIA,0.0738,4
TURBO,FACULTAD NACIONAL DE SALUD PUBLICA,CAREPA,ADMINISTRACION AMBIENTAL Y SANITARIA- TURBO,0.0738,4
APARTADO,FACULTAD DE CIENCIAS ECONOMICAS,TURBO,GESTION EN ECOLOGIA Y TURISMO - APARTADO,0.0737,4
SEGOVIA,INSTITUTO UNIVERSITARIO DE EDUCACION FISICA Y DEPORTES,REMEDIOS,LICENCIATURA EN EDUCACION FISICA - SEGOVIA,0.0736,4
STAFEANT,FACULTAD NACIONAL DE SALUD PUBLICA,SOPETRAN,ADMINISTRACION EN SALUD - SANTA FE,0.0735,4
CARMENVI,FACULTAD DE EDUCACION,EL CARMEN DE VIBORAL,LICENCIATURA EN EDUCACION INFANTIL-CARMEN DE VIBORAL,0.0735,4
APARTADO,FACULTAD NACIONAL DE SALUD PUBLICA,APARTADO,GERENCIA EN SISTEMAS DE INFORMACION EN SALUD - APARTADO,0.0734,4
CARMENVI,FACULTAD DE EDUCACION,LA CEJA,LICENCIATURA EN EDUCACION ESPECIAL - CARMEN DE VIBORAL,0.0733,4
CARMENVI,FACULTAD DE ARTES,EL CARMEN DE VIBORAL,LICENCIATURA EN DANZA -CARMEN DE VIBORAL,0.0733,4
CARMENVI,FACULTAD DE EDUCACION,LA UNION,LICENCIATURA EN LITERATURA Y LENGUA CASTELLANA-CV,0.0733,4
CARMENVI,FACULTAD DE EDUCACION,ARGELIA,PEDAGOGIA EN RURALIDAD Y PAZ -CARMEN DE VIBORAL,0.0732,4
ANDES,INSTITUTO UNIVERSITARIO DE EDUCACION FISICA Y DEPORTES,ANDES,LICENCIATURA EN EDUCACION FISICA - ANDES,0.0732,4
CARMENVI,FACULTAD DE MEDICINA,RIONEGRO,TECNOLOGIA EN ATENCION PREHOSPITALARIA- CARMEN DE VIBORAL,0.0732,4
CARMENVI,FACULTAD DE EDUCACION,RIONEGRO,LICENCIATURA EN MATEMATICAS-CARMEN DE VIBORAL,0.0732,4
CARMENVI,FACULTAD DE CIENCIAS ECONOMICAS,MARINILLA,CONTADURIA PUBLICA - CARMEN DE VIBORAL,0.0732,4
APARTADO,ESCUELA DE MICROBIOLOGIA,CAREPA,MICROBIOLOGIA INDUSTRIAL Y AMBIENTAL-URABA (APARTADO),0.0731,4
CARMENVI,FACULTAD DE CIENCIAS ECONOMICAS,LA CEJA,ADMINISTRACION DE EMPRESAS - CARMEN DE VIBORAL,0.073,4
CARMENVI,FACULTAD DE CIENCIAS ECONOMICAS,LA CEJA,GESTION EN ECOLOGIA Y TURISMO - CARMEN DE VIBORAL,0.0729,4
CARMENVI,FACULTAD DE EDUCACION,EL CARMEN DE VIBORAL,LICENCIATURA EN EDUCACION INFANTIL-CARMEN DE VIBORAL,0.0729,4
YARUMAL,FACULTAD DE ARTES,YARUMAL,GESTION CULTURAL - YARUMAL,0.0729,4
TURBO,FACULTAD NACIONAL DE SALUD PUBLICA,TURBO,ADMINISTRACION AMBIENTAL Y SANITARIA- TURBO,0.0729,4
P-BERRIO,FACULTAD DE CIENCIAS FARMACEUTICAS Y ALIMENTARIAS,PUERTO BERRIO,TECNOLOGIA EN REGENCIA DE FARMACIA - PUERTO BERRIO,0.0729,4
CARMENVI,FACULTAD NACIONAL DE SALUD PUBLICA,LA CEJA,ADMINISTRACION AMBIENTAL Y SANITARIA-CARMEN DE VIBORAL,0.0728,4
ANDES,ESCUELA DE MICROBIOLOGIA,ANDES,MICROBIOLOGIA INDUSTRIAL Y AMBIENTAL-ANDES,0.0728,4
CAREPA,INSTITUTO UNIVERSITARIO DE EDUCACION FISICA Y DEPORTES,CHIGORODO,LICENCIATURA EN EDUCACION FISICA - CAREPA,0.0727,4
P-BERRIO,FACULTAD DE CIENCIAS ECONOMICAS,PUERTO BERRIO,GESTION EN ECOLOGIA Y TURISMO - PUERTO BERRIO,0.0726,4
TURBO,FACULTAD DE EDUCACION,TURBO,LICENCIATURA EN MATEMATICAS-TURBO,0.0726,4
CAUCASIA,FACULTAD DE CIENCIAS SOCIALES Y HUMANAS,MONTELIBANO,TRABAJO SOCIAL - CAUCASIA,0.0725,4
STAFEANT,FACULTAD DE EDUCACION,SANTAFE DE ANTIOQUIA,LICENCIATURA EN CIENCIAS NATURALES - SANTA FE DE ANTIOQUIA,0.0725,4
TURBO,FACULTAD DE COMUNICACIONES Y FILOLOGIA,TURBO,COMUNICACION SOCIAL - PERIODISMO TURBO,0.0724,4
APARTADO,ESCUELA DE MICROBIOLOGIA,APARTADO,MICROBIOLOGIA INDUSTRIAL Y AMBIENTAL-URABA (APARTADO),0.0724,4
ANDES,FACULTAD DE DERECHO Y CIENCIAS POLITICAS,ANDES,DERECHO - ANDES,0.0724,4
CAUCASIA,FACULTAD DE CIENCIAS SOCIALES Y HUMANAS,BUENAVISTA,TRABAJO SOCIAL - CAUCASIA,0.0723,4
CARMENVI,FACULTAD DE ARTES,RETIRO,LICENCIATURA EN MUSICA-CARMEN DE VIBORAL,0.0723,4
CARMENVI,FACULTAD DE CIENCIAS FARMACEUTICAS Y ALIMENTARIAS,MEDELLIN,CIENCIAS CULINARIAS - CARMEN DE VIBORAL,0.0722,4
CAREPA,INSTITUTO UNIVERSITARIO DE EDUCACION FISICA Y DEPORTES,TURBO,LICENCIATURA EN EDUCACION FISICA - CAREPA,0.0722,4
CARMENVI,FACULTAD DE EDUCACION,LA CEJA,LICENCIATURA EN LITERATURA Y LENGUA CASTELLANA-CV,0.0721,4
CARMENVI,FACULTAD DE CIENCIAS ECONOMICAS,LA CEJA,ADMINISTRACION DE EMPRESAS - CARMEN DE VIBORAL,0.0721,4
CAREPA,INSTITUTO UNIVERSITARIO DE EDUCACION FISICA Y DEPORTES,APARTADO,LICENCIATURA EN EDUCACION FISICA - CAREPA,0.0721,4
CAUCASIA,INSTITUTO UNIVERSITARIO DE EDUCACION FISICA Y DEPORTES,CAUCASIA,LICENCIATURA EN EDUCACION FISICA - CAUCASIA,0.072,4
CAUCASIA,INSTITUTO UNIVERSITARIO DE EDUCACION FISICA Y DEPORTES,CAUCASIA,LICENCIATURA EN EDUCACION FISICA - CAUCASIA,0.072,4
APARTADO,FACULTAD DE EDUCACION,APARTADO,LICENCIATURA EN EDUCACION ESPECIAL - APARTADO,0.072,4
TURBO,FACULTAD DE EDUCACION,TURBO,LICENCIATURA EN FISICA - TURBO,0.072,4
TURBO,FACULTAD DE EDUCACION,TURBO,LICENCIATURA EN MATEMATICAS-TURBO,0.0719,4
CAUCASIA,FACULTAD DE EDUCACION,CAUCASIA,LICENCIATURA EN EDUCACION INFANTIL - CAUCASIA,0.0719,4
ANDES,FACULTAD DE CIENCIAS AGRARIAS,CIUDAD BOLIVAR,INGENIERIA AGROPECUARIA - ANDES,0.0719,4
APARTADO,FACULTAD DE EDUCACION,APARTADO,LICENCIATURA EN EDUCACION ESPECIAL - APARTADO,0.0718,4
CAREPA,INSTITUTO UNIVERSITARIO DE EDUCACION FISICA Y DEPORTES,APARTADO,LICENCIATURA EN EDUCACION FISICA - CAREPA,0.0717,4
TURBO,FACULTAD NACIONAL DE SALUD PUBLICA,NECOCLI,ADMINISTRACION AMBIENTAL Y SANITARIA- TURBO,0.0717,4
TURBO,FACULTAD DE COMUNICACIONES Y FILOLOGIA,APARTADO,COMUNICACION SOCIAL - PERIODISMO TURBO,0.0716,4
CAREPA,INSTITUTO UNIVERSITARIO DE EDUCACION FISICA Y DEPORTES,RIOSUCIO,LICENCIATURA EN EDUCACION FISICA - CAREPA,0.0716,4
SONSON,INSTITUTO UNIVERSITARIO DE EDUCACION FISICA Y DEPORTES,ARGELIA,LICENCIATURA EN EDUCACION FISICA - SONSON,0.0716,4
APARTADO,FACULTAD DE CIENCIAS ECONOMICAS,APARTADO,GESTION EN ECOLOGIA Y TURISMO - APARTADO,0.0716,4
TURBO,FACULTAD DE EDUCACION,TURBO,LICENCIATURA EN EDUCACION INFANTIL-TURBO,0.0715,4
CARMENVI,FACULTAD DE MEDICINA,RIONEGRO,TECNOLOGIA EN ATENCION PREHOSPITALARIA- CARMEN DE VIBORAL,0.0715,4
TURBO,FACULTAD NACIONAL DE SALUD PUBLICA,APARTADO,ADMINISTRACION AMBIENTAL Y SANITARIA- TURBO,0.0715,4
YARUMAL,FACULTAD DE COMUNICACIONES Y FILOLOGIA,YARUMAL,COMUNICACION SOCIAL - PERIODISMO YARUMAL,0.0714,3
TURBO,FACULTAD NACIONAL DE SALUD PUBLICA,CAREPA,ADMINISTRACION AMBIENTAL Y SANITARIA- TURBO,0.0714,3
APARTADO,FACULTAD DE ARTES,APARTADO,LICENCIATURA EN MUSICA - APARTADO,0.0714,3
TURBO,FACULTAD DE CIENCIAS FARMACEUTICAS Y ALIMENTARIAS,CHIGORODO,TECNOLOGIA EN REGENCIA DE FARMACIA - TURBO,0.0714,3
CARMENVI,FACULTAD DE CIENCIAS ECONOMICAS,LA CEJA,ADMINISTRACION DE EMPRESAS - CARMEN DE VIBORAL,0.0714,3
YARUMAL,FACULTAD DE COMUNICACIONES Y FILOLOGIA,YARUMAL,COMUNICACION SOCIAL - PERIODISMO YARUMAL,0.0714,3
CARMENVI,FACULTAD DE CIENCIAS ECONOMICAS,COCORNA,GESTION EN ECOLOGIA Y TURISMO - CARMEN DE VIBORAL,0.0714,3
CAUCASIA,FACULTAD DE EDUCACION,CAUCASIA,LICENCIATURA EN EDUCACION INFANTIL - CAUCASIA,0.0713,3
TURBO,FACULTAD NACIONAL DE SALUD PUBLICA,APARTADO,ADMINISTRACION AMBIENTAL Y SANITARIA- TURBO,0.0713,3
YARUMAL,FACULTAD DE EDUCACION,CAUCASIA,LICENCIATURA EN CIENCIAS NATURALES- YARUMAL,0.0713,3
ANDES,FACULTAD DE EDUCACION,ANDES,LICENCIATURA EN CIENCIAS NATURALES - ANDES,0.0713,3
CAUCASIA,FACULTAD DE EDUCACION,CAUCASIA,LICENCIATURA EN EDUCACION INFANTIL - CAUCASIA,0.0713,3
CARMENVI,FACULTAD DE CIENCIAS ECONOMICAS,LA CEJA,CONTADURIA PUBLICA - CARMEN DE VIBORAL,0.0713,3
CARMENVI,FACULTAD DE EDUCACION,SAN VICENTE,LICENCIATURA EN LITERATURA Y LENGUA CASTELLANA-CV,0.0712,3
CARMENVI,FACULTAD DE EDUCACION,GUARNE,LICENCIATURA EN EDUCACION INFANTIL-CARMEN DE VIBORAL,0.0712,3
CAUCASIA,FACULTAD DE CIENCIAS SOCIALES Y HUMANAS,MONTELIBANO,TRABAJO SOCIAL - CAUCASIA,0.0712,3
APARTADO,FACULTAD DE ARTES,APARTADO,LICENCIATURA EN MUSICA - APARTADO,0.0711,3
P-BERRIO,INSTITUTO UNIVERSITARIO DE EDUCACION FISICA Y DEPORTES,PUERTO BERRIO,LICENCIATURA EN EDUCACION FISICA - PUERTO BERRIO,0.071,3
TURBO,FACULTAD DE EDUCACION,TURBO,LICENCIATURA EN EDUCACION INFANTIL-TURBO,0.0709,3
CARMENVI,FACULTAD DE CIENCIAS FARMACEUTICAS Y ALIMENTARIAS,EL CARMEN DE VIBORAL,INGENIERIA DE ALIMENTOS - CARMEN DE VIBORAL,0.0709,3
CARMENVI,FACULTAD DE ARTES,EL SANTUARIO,LICENCIATURA EN ARTES PLASTICAS - CARMEN DE VIBORAL,0.0709,3
ANDES,INSTITUTO UNIVERSITARIO DE EDUCACION FISICA Y DEPORTES,ANDES,ENTRENAMIENTO DEPORTIVO - ANDES,0.0708,3
SEGOVIA,INSTITUTO UNIVERSITARIO DE EDUCACION FISICA Y DEPORTES,SEGOVIA,LICENCIATURA EN EDUCACION FISICA - SEGOVIA,0.0708,3
SEGOVIA,INSTITUTO UNIVERSITARIO DE EDUCACION FISICA Y DEPORTES,SEGOVIA,LICENCIATURA EN EDUCACION FISICA - SEGOVIA,0.0708,3
TURBO,FACULTAD DE EDUCACION,TURBO,LICENCIATURA EN CIENCIAS NATURALES-TURBO,0.0707,3
CAUCASIA,FACULTAD DE DERECHO Y CIENCIAS POLITICAS,CAUCASIA,DERECHO - CAUCASIA,0.0706,3
STAFEANT,FACULTAD DE CIENCIAS ECONOMICAS,BURITICA,GESTION EN ECOLOGIA Y TURISMO - SANTAFE DE ANTIOQUIA,0.0706,3
APARTADO,FACULTAD DE COMUNICACIONES Y FILOLOGIA,APARTADO,COMUNICACION SOCIAL - PERIODISMO APARTADO,0.0706,3
CAUCASIA,FACULTAD DE CIENCIAS ECONOMICAS,CAUCASIA,ADMINISTRACION DE EMPRESAS - CAUCASIA,0.0706,3
YARUMAL,FACULTAD DE EDUCACION,YARUMAL,LICENCIATURA EN CIENCIAS NATURALES- YARUMAL,0.0705,3
TURBO,FACULTAD DE CIENCIAS ECONOMICAS,TURBO,DESARROLLO TERRITORIAL- TURBO,0.0705,3
ANDES,FACULTAD DE EDUCACION,JARDIN,LICENCIATURA EN LITERATURA Y LENGUA CASTELLANA-ANDES,0.0705,3
APARTADO,FACULTAD DE COMUNICACIONES Y FILOLOGIA,APARTADO,COMUNICACION SOCIAL - PERIODISMO APARTADO,0.0705,3
TURBO,FACULTAD DE CIENCIAS FARMACEUTICAS Y ALIMENTARIAS,APARTADO,TECNOLOGIA EN REGENCIA DE FARMACIA - TURBO,0.0704,3
CARMENVI,FACULTAD DE EDUCACION,RETIRO,LICENCIATURA EN MATEMATICAS-CARMEN DE VIBORAL,0.0704,3
TURBO,FACULTAD DE EDUCACION,UNGUIA,LICENCIATURA EN EDUCACION INFANTIL-TURBO,0.0704,3
ANDES,FACULTAD DE CIENCIAS FARMACEUTICAS Y ALIMENTARIAS,BETANIA,TECNOLOGIA EN REGENCIA DE FARMACIA - ANDES,0.0704,3
TURBO,FACULTAD DE CIENCIAS FARMACEUTICAS Y ALIMENTARIAS,TURBO,TECNOLOGIA EN REGENCIA DE FARMACIA - TURBO,0.0704,3
YARUMAL,FACULTAD DE ARTES,VALDIVIA,GESTION CULTURAL - YARUMAL,0.0703,3
ANDES,INSTITUTO UNIVERSITARIO DE EDUCACION FISICA Y DEPORTES,JARDIN,LICENCIATURA EN EDUCACION FISICA - ANDES,0.0703,3
P-BERRIO,FACULTAD DE CIENCIAS ECONOMICAS,PUERTO NARE,GESTION EN ECOLOGIA Y TURISMO - PUERTO BERRIO,0.0703,3
ANDES,INSTITUTO UNIVERSITARIO DE EDUCACION FISICA Y DEPORTES,ANDES,LICENCIATURA EN EDUCACION FISICA - ANDES,0.0702,3
CAREPA,INSTITUTO UNIVERSITARIO DE EDUCACION FISICA Y DEPORTES,APARTADO,LICENCIATURA EN EDUCACION FISICA - CAREPA,0.0702,3
YARUMAL,FACULTAD DE COMUNICACIONES Y FILOLOGIA,MEDELLIN,COMUNICACION SOCIAL - PERIODISMO YARUMAL,0.0702,3
CAUCASIA,FACULTAD DE EDUCACION,CAUCASIA,LICENCIATURA EN EDUCACION INFANTIL - CAUCASIA,0.0701,3
TURBO,FACULTAD DE COMUNICACIONES Y FILOLOGIA,APARTADO,COMUNICACION SOCIAL - PERIODISMO TURBO,0.0701,3
CARMENVI,INSTITUTO UNIVERSITARIO DE EDUCACION FISICA Y DEPORTES,RIONEGRO,LICENCIATURA EN EDUCACION FISICA - CARMEN DE VIBORAL,0.0701,3
P-BERRIO,FACULTAD DE CIENCIAS FARMACEUTICAS Y ALIMENTARIAS,SEGOVIA,TECNOLOGIA EN REGENCIA DE FARMACIA - PUERTO BERRIO,0.0701,3
CAUCASIA,FACULTAD DE ARTES,CAUCASIA,GESTION CULTURAL - CAUCASIA,0.0701,3
CARMENVI,FACULTAD NACIONAL DE SALUD PUBLICA,GUARNE,ADMINISTRACION AMBIENTAL Y SANITARIA-CARMEN DE VIBORAL,0.07,3
ANDES,FACULTAD DE EDUCACION,CIUDAD BOLIVAR,LICENCIATURA EN LITERATURA Y LENGUA CASTELLANA-ANDES,0.0699,3
SEGOVIA,INSTITUTO UNIVERSITARIO DE EDUCACION FISICA Y DEPORTES,SEGOVIA,LICENCIATURA EN EDUCACION FISICA - SEGOVIA,0.0698,3
YARUMAL,FACULTAD DE COMUNICACIONES Y FILOLOGIA,YARUMAL,COMUNICACION SOCIAL - PERIODISMO YARUMAL,0.0697,3
CARMENVI,FACULTAD DE CIENCIAS AGRARIAS,ANDES,INGENIERIA AGROPECUARIA - CARMEN DE VIBORAL,0.0697,3
TURBO,FACULTAD DE COMUNICACIONES Y FILOLOGIA,APARTADO,COMUNICACION SOCIAL - PERIODISMO TURBO,0.0697,3
STAFEANT,FACULTAD DE CIENCIAS FARMACEUTICAS Y ALIMENTARIAS,GIRALDO,TECNOLOGIA EN REGENCIA DE FARMACIA - SANTA FE DE ANTIOQUIA,0.0696,3
CAREPA,INSTITUTO UNIVERSITARIO DE EDUCACION FISICA Y DEPORTES,CAREPA,LICENCIATURA EN EDUCACION FISICA - CAREPA,0.0696,3
SEGOVIA,FACULTAD NACIONAL DE SALUD PUBLICA,SEGOVIA,ADMINISTRACION AMBIENTAL Y SANITARIA- SEGOVIA,0.0696,3
TURBO,FACULTAD DE EDUCACION,APARTADO,PEDAGOGIA EN RURALIDAD Y PAZ - TURBO,0.0696,3
P-BERRIO,FACULTAD NACIONAL DE SALUD PUBLICA,PUERTO BERRIO,ADMINISTRACION AMBIENTAL Y SANITARIA-PUERTO BERRIO,0.0695,3
APARTADO,FACULTAD NACIONAL DE SALUD PUBLICA,CAREPA,ADMINISTRACION EN SALUD - APARTADO,0.0695,3
TURBO,FACULTAD DE EDUCACION,TURBO,LICENCIATURA EN EDUCACION INFANTIL-TURBO,0.0695,3
TURBO,FACULTAD DE CIENCIAS ECONOMICAS,TURBO,DESARROLLO TERRITORIAL- TURBO,0.0695,3
CAUCASIA,FACULTAD DE DERECHO Y CIENCIAS POLITICAS,MONTELIBANO,DERECHO - CAUCASIA,0.0695,3
CARMENVI,FACULTAD DE EDUCACION,RIONEGRO,LICENCIATURA EN CIENCIAS SOCIALES-CARMEN DE VIBORAL,0.0694,3
SONSON,FACULTAD NACIONAL DE SALUD PUBLICA,SONSON,ADMINISTRACION EN SALUD - SONSON,0.0694,3
CAUCASIA,FACULTAD DE CIENCIAS SOCIALES Y HUMANAS,CAUCASIA,TRABAJO SOCIAL - CAUCASIA,0.0693,3
ANDES,FACULTAD DE EDUCACION,JARDIN,LICENCIATURA EN EDUCACION ESPECIAL - ANDES,0.0693,3
CARMENVI,FACULTAD DE CIENCIAS FARMACEUTICAS Y ALIMENTARIAS,EL CARMEN DE VIBORAL,INGENIERIA DE ALIMENTOS - CARMEN DE VIBORAL,0.0692,3
YARUMAL,FACULTAD DE COMUNICACIONES Y FILOLOGIA,YARUMAL,COMUNICACION SOCIAL - PERIODISMO YARUMAL,0.0692,3
P-BERRIO,FACULTAD NACIONAL DE SALUD PUBLICA,PUERTO BERRIO,ADMINISTRACION AMBIENTAL Y SANITARIA-PUERTO BERRIO,0.0692,3
ANDES,FACULTAD DE CIENCIAS FARMACEUTICAS Y ALIMENTARIAS,ANDES,TECNOLOGIA EN REGENCIA DE FARMACIA - ANDES,0.069,3
APARTADO,FACULTAD DE CIENCIAS ECONOMICAS,APARTADO,GESTION EN ECOLOGIA Y TURISMO - APARTADO,0.069,3
CARMENVI,INSTITUTO UNIVERSITARIO DE EDUCACION FISICA Y DEPORTES,RIONEGRO,LICENCIATURA EN EDUCACION FISICA - CARMEN DE VIBORAL,0.069,3
ANDES,INSTITUTO UNIVERSITARIO DE EDUCACION FISICA Y DEPORTES,CIUDAD BOLIVAR,LICENCIATURA EN EDUCACION FISICA - ANDES,0.069,3
TURBO,FACULTAD DE EDUCACION,TURBO,LICENCIATURA EN CIENCIAS NATURALES-TURBO,0.069,3
TURBO,FACULTAD DE EDUCACION,APARTADO,LICENCIATURA EN CIENCIAS NATURALES-TURBO,0.0689,3
CAREPA,INSTITUTO UNIVERSITARIO DE EDUCACION FISICA Y DEPORTES,TURBO,LICENCIATURA EN EDUCACION FISICA - CAREPA,0.0689,3
APARTADO,FACULTAD DE CIENCIAS SOCIALES Y HUMANAS,APARTADO,TRABAJO SOCIAL-URABA (APARTADO),0.0689,3
CARMENVI,FACULTAD DE EDUCACION,SAN VICENTE,LICENCIATURA EN CIENCIAS NATURALES-CARMEN DE VIBORAL,0.0689,3
TURBO,FACULTAD DE EDUCACION,TURBO,LICENCIATURA EN MATEMATICAS-TURBO,0.0689,3
CARMENVI,FACULTAD DE EDUCACION,LA CEJA,LICENCIATURA EN EDUCACION ESPECIAL - CARMEN DE VIBORAL,0.0688,3
APARTADO,FACULTAD DE ARTES,APARTADO,LICENCIATURA EN MUSICA - APARTADO,0.0688,3
CARMENVI,FACULTAD DE EDUCACION,RIONEGRO,LICENCIATURA EN CIENCIAS SOCIALES-CARMEN DE VIBORAL,0.0687,3
APARTADO,FACULTAD DE CIENCIAS ECONOMICAS,APARTADO,GESTION EN ECOLOGIA Y TURISMO - APARTADO,0.0687,3
APARTADO,FACULTAD DE ARTES,NECOCLI,LICENCIATURA EN MUSICA - APARTADO,0.0687,3
CAUCASIA,FACULTAD DE DERECHO Y CIENCIAS POLITICAS,CAUCASIA,DERECHO - CAUCASIA,0.0687,3
YARUMAL,FACULTAD DE COMUNICACIONES Y FILOLOGIA,SANTA ROSA DE OSOS,COMUNICACION SOCIAL - PERIODISMO YARUMAL,0.0686,3
P-BERRIO,INSTITUTO UNIVERSITARIO DE EDUCACION FISICA Y DEPORTES,PUERTO BERRIO,LICENCIATURA EN EDUCACION FISICA - PUERTO BERRIO,0.0686,3
CARMENVI,INSTITUTO DE FILOSOFIA,RIONEGRO,LICENCIATURA EN FILOSOFIA - CARMEN DE VIBORAL,0.0685,3
ANDES,FACULTAD DE DERECHO Y CIENCIAS POLITICAS,ANDES,DERECHO - ANDES,0.0684,3
SEGOVIA,INSTITUTO UNIVERSITARIO DE EDUCACION FISICA Y DEPORTES,SEGOVIA,LICENCIATURA EN EDUCACION FISICA - SEGOVIA,0.0684,3
CARMENVI,FACULTAD DE ARTES,LA UNION,LICENCIATURA EN ARTES PLASTICAS - CARMEN DE VIBORAL,0.0684,3
CAUCASIA,FACULTAD DE DERECHO Y CIENCIAS POLITICAS,MONTELIBANO,DERECHO - CAUCASIA,0.0684,3
CAUCASIA,FACULTAD DE CIENCIAS ECONOMICAS,CAUCASIA,CONTADURIA PUBLICA- CAUCASIA,0.0684,3
TURBO,FACULTAD NACIONAL DE SALUD PUBLICA,APARTADO,ADMINISTRACION AMBIENTAL Y SANITARIA- TURBO,0.0683,3
YARUMAL,FACULTAD DE COMUNICACIONES Y FILOLOGIA,YARUMAL,COMUNICACION SOCIAL - PERIODISMO YARUMAL,0.0681,3
CAREPA,INSTITUTO UNIVERSITARIO DE EDUCACION FISICA Y DEPORTES,CAREPA,LICENCIATURA EN EDUCACION FISICA - CAREPA,0.0681,3
YARUMAL,FACULTAD DE COMUNICACIONES Y FILOLOGIA,VALDIVIA,COMUNICACION SOCIAL - PERIODISMO YARUMAL,0.0681,3
CAUCASIA,FACULTAD DE DERECHO Y CIENCIAS POLITICAS,CAUCASIA,DERECHO - CAUCASIA,0.068,3
CARMENVI,FACULTAD DE CIENCIAS ECONOMICAS,EL CARMEN DE VIBORAL,ADMINISTRACION DE EMPRESAS - CARMEN DE VIBORAL,0.068,3
CARMENVI,FACULTAD DE EDUCACION,EL CARMEN DE VIBORAL,LICENCIATURA EN LITERATURA Y LENGUA CASTELLANA-CV,0.068,3
CAUCASIA,FACULTAD DE DERECHO Y CIENCIAS POLITICAS,CAUCASIA,DERECHO - CAUCASIA,0.068,3
CARMENVI,FACULTAD DE EDUCACION,EL CARMEN DE VIBORAL,LICENCIATURA EN LITERATURA Y LENGUA CASTELLANA-CV,0.0679,3
CARMENVI,ESCUELA DE IDIOMAS,MARINILLA,LICENCIATURA EN LENGUAS EXTRANJERAS CON ENFASIS EN INGLES- CARMEN DE VIBORAL,0.0679,3
TURBO,FACULTAD DE EDUCACION,TURBO,LICENCIATURA EN MATEMATICAS-TURBO,0.0679,3
YARUMAL,FACULTAD NACIONAL DE SALUD PUBLICA,YARUMAL,ADMINISTRACION EN SALUD-YARUMAL,0.0679,3
TURBO,FACULTAD NACIONAL DE SALUD PUBLICA,TURBO,ADMINISTRACION AMBIENTAL Y SANITARIA- TURBO,0.0678,3
APARTADO,FACULTAD DE EDUCACION,SAN PEDRO DE URABA,LICENCIATURA EN EDUCACION ESPECIAL - APARTADO,0.0678,3
CAUCASIA,FACULTAD DE DERECHO Y CIENCIAS POLITICAS,CAUCASIA,DERECHO - CAUCASIA,0.0678,3
APARTADO,FACULTAD DE EDUCACION,CAREPA,LICENCIATURA EN EDUCACION ESPECIAL - APARTADO,0.0677,3
APARTADO,FACULTAD NACIONAL DE SALUD PUBLICA,MEDELLIN,ADMINISTRACION EN SALUD - APARTADO,0.0677,3
CARMENVI,ESCUELA INTERAMERICANA DE BIBLIOTECOLOGIA,EL SANTUARIO,ARCHIVISTICA -CARMEN DE VIBORAL,0.0676,3
TURBO,FACULTAD NACIONAL DE SALUD PUBLICA,SAN JUAN DE URABA,ADMINISTRACION AMBIENTAL Y SANITARIA- TURBO,0.0676,3
P-BERRIO,INSTITUTO UNIVERSITARIO DE EDUCACION FISICA Y DEPORTES,PUERTO BERRIO,LICENCIATURA EN EDUCACION FISICA - PUERTO BERRIO,0.0676,3
TURBO,FACULTAD NACIONAL DE SALUD PUBLICA,SAN JUAN DE URABA,ADMINISTRACION AMBIENTAL Y SANITARIA- TURBO,0.0676,3
APARTADO,FACULTAD DE ARTES,CAREPA,LICENCIATURA EN DANZA -APARTADO,0.0675,3
APARTADO,FACULTAD DE CIENCIAS ECONOMICAS,SAN PEDRO DE URABA,GESTION EN ECOLOGIA Y TURISMO - APARTADO,0.0675,3
TURBO,FACULTAD NACIONAL DE SALUD PUBLICA,APARTADO,ADMINISTRACION AMBIENTAL Y SANITARIA- TURBO,0.0674,3
CARMENVI,FACULTAD DE EDUCACION,EL CARMEN DE VIBORAL,LICENCIATURA EN EDUCACION INFANTIL-CARMEN DE VIBORAL,0.0673,3
ANDES,INSTITUTO UNIVERSITARIO DE EDUCACION FISICA Y DEPORTES,CIUDAD BOLIVAR,LICENCIATURA EN EDUCACION FISICA - ANDES,0.0673,3
CARMENVI,FACULTAD DE EDUCACION,EL CARMEN DE VIBORAL,LICENCIATURA EN LITERATURA Y LENGUA CASTELLANA-CV,0.0672,3
P-BERRIO,INSTITUTO UNIVERSITARIO DE EDUCACION FISICA Y DEPORTES,PUERTO BERRIO,LICENCIATURA EN EDUCACION FISICA - PUERTO BERRIO,0.0672,3
P-BERRIO,FACULTAD NACIONAL DE SALUD PUBLICA,PUERTO BERRIO,ADMINISTRACION AMBIENTAL Y SANITARIA-PUERTO BERRIO,0.0672,3
YARUMAL,FACULTAD DE COMUNICACIONES Y FILOLOGIA,YARUMAL,COMUNICACION SOCIAL - PERIODISMO YARUMAL,0.0672,3
ANDES,FACULTAD DE EDUCACION,ANDES,LICENCIATURA EN CIENCIAS NATURALES - ANDES,0.0671,3
ANDES,FACULTAD DE DERECHO Y CIENCIAS POLITICAS,ANDES,DERECHO - ANDES,0.0671,3
ANDES,FACULTAD NACIONAL DE SALUD PUBLICA,JARDIN,ADMINISTRACION AMBIENTAL Y SANITARIA- ANDES,0.0671,3
CARMENVI,FACULTAD DE EDUCACION,EL CARMEN DE VIBORAL,LICENCIATURA EN EDUCACION ESPECIAL - CARMEN DE VIBORAL,0.0671,3
TURBO,FACULTAD DE COMUNICACIONES Y FILOLOGIA,APARTADO,COMUNICACION SOCIAL - PERIODISMO TURBO,0.0671,3
CARMENVI,FACULTAD DE CIENCIAS ECONOMICAS,LA CEJA,GESTION EN ECOLOGIA Y TURISMO - CARMEN DE VIBORAL,0.067,3
CARMENVI,FACULTAD DE CIENCIAS ECONOMICAS,RIONEGRO,DESARROLLO TERRITORIAL- CARMEN DE VIBORAL,0.067,3
TURBO,FACULTAD DE COMUNICACIONES Y FILOLOGIA,APARTADO,COMUNICACION SOCIAL - PERIODISMO TURBO,0.067,3
APARTADO,ESCUELA DE MICROBIOLOGIA,TURBO,MICROBIOLOGIA INDUSTRIAL Y AMBIENTAL-URABA (APARTADO),0.067,3
CAUCASIA,FACULTAD DE DERECHO Y CIENCIAS POLITICAS,CAUCASIA,DERECHO - CAUCASIA,0.0669,3
TURBO,FACULTAD DE EDUCACION,UNGUIA,PEDAGOGIA EN RURALIDAD Y PAZ - TURBO,0.0669,3
CARMENVI,FACULTAD DE CIENCIAS ECONOMICAS,RIONEGRO,CONTADURIA PUBLICA - CARMEN DE VIBORAL,0.0669,3
TURBO,FACULTAD DE COMUNICACIONES Y FILOLOGIA,APARTADO,COMUNICACION SOCIAL - PERIODISMO TURBO,0.0669,3
CARMENVI,FACULTAD DE EDUCACION,RIONEGRO,LICENCIATURA EN CIENCIAS SOCIALES-CARMEN DE VIBORAL,0.0668,3
TURBO,FACULTAD DE EDUCACION,TURBO,LICENCIATURA EN CIENCIAS NATURALES-TURBO,0.0668,3
P-BERRIO,FACULTAD NACIONAL DE SALUD PUBLICA,PUERTO BERRIO,ADMINISTRACION AMBIENTAL Y SANITARIA-PUERTO BERRIO,0.0668,3
YARUMAL,FACULTAD DE EDUCACION,YARUMAL,LICENCIATURA EN CIENCIAS NATURALES- YARUMAL,0.0668,3
APARTADO,FACULTAD DE EDUCACION,TURBO,LICENCIATURA EN EDUCACION ESPECIAL - APARTADO,0.0667,3
ANDES,FACULTAD DE EDUCACION,ANDES,LICENCIATURA EN LITERATURA Y LENGUA CASTELLANA-ANDES,0.0667,3
APARTADO,FACULTAD DE CIENCIAS ECONOMICAS,APARTADO,CONTADURIA PUBLICA- URABA (APARTADO),0.0667,3
APARTADO,FACULTAD DE COMUNICACIONES Y FILOLOGIA,APARTADO,COMUNICACION SOCIAL - PERIODISMO APARTADO,0.0666,3
CAUCASIA,FACULTAD DE DERECHO Y CIENCIAS POLITICAS,CAUCASIA,DERECHO - CAUCASIA,0.0666,3
CAUCASIA,FACULTAD DE CIENCIAS SOCIALES Y HUMANAS,CAUCASIA,PSICOLOGIA - CAUCASIA,0.0666,3
ANDES,FACULTAD DE CIENCIAS AGRARIAS,CIUDAD BOLIVAR,INGENIERIA AGROPECUARIA - ANDES,0.0665,3
CARMENVI,FACULTAD DE EDUCACION,SONSON,LICENCIATURA EN EDUCACION INFANTIL-CARMEN DE VIBORAL,0.0664,3
STAFEANT,FACULTAD DE COMUNICACIONES Y FILOLOGIA,VALLE DEL GUAMUEZ,COMUNICACION SOCIAL - PERIODISMO SANTA FE DE ANTIOQUIA,0.0664,3
CARMENVI,FACULTAD DE EDUCACION,RIONEGRO,LICENCIATURA EN EDUCACION INFANTIL-CARMEN DE VIBORAL,0.0663,3
APARTADO,FACULTAD NACIONAL DE SALUD PUBLICA,APARTADO,ADMINISTRACION EN SALUD - APARTADO,0.0663,3
YARUMAL,FACULTAD DE EDUCACION,YARUMAL,LICENCIATURA EN MATEMATICAS-YARUMAL,0.0663,3
CAREPA,FACULTAD DE CIENCIAS AGRARIAS,CHIGORODO,INGENIERIA AGROPECUARIA-CAREPA,0.0663,3
CARMENVI,INSTITUTO UNIVERSITARIO DE EDUCACION FISICA Y DEPORTES,LA CEJA,LICENCIATURA EN EDUCACION FISICA - CARMEN DE VIBORAL,0.0662,3
APARTADO,FACULTAD DE CIENCIAS ECONOMICAS,APARTADO,GESTION EN ECOLOGIA Y TURISMO - APARTADO,0.0662,3
CARMENVI,FACULTAD DE CIENCIAS ECONOMICAS,EL CARMEN DE VIBORAL,GESTION EN ECOLOGIA Y TURISMO - CARMEN DE VIBORAL,0.0662,3
CARMENVI,FACULTAD DE EDUCACION,SONSON,LICENCIATURA EN EDUCACION ESPECIAL - CARMEN DE VIBORAL,0.0662,3
ANDES,FACULTAD DE EDUCACION,CIUDAD BOLIVAR,LICENCIATURA EN LITERATURA Y LENGUA CASTELLANA-ANDES,0.0661,3
ANDES,FACULTAD NACIONAL DE SALUD PUBLICA,JARDIN,ADMINISTRACION AMBIENTAL Y SANITARIA- ANDES,0.0661,3
TURBO,FACULTAD DE EDUCACION,APARTADO,LICENCIATURA EN EDUCACION INFANTIL-TURBO,0.0661,3
TURBO,FACULTAD DE EDUCACION,TURBO,LICENCIATURA EN MATEMATICAS-TURBO,0.0661,3
SEGOVIA,INSTITUTO UNIVERSITARIO DE EDUCACION FISICA Y DEPORTES,REMEDIOS,LICENCIATURA EN EDUCACION FISICA - SEGOVIA,0.0661,3
CARMENVI,FACULTAD DE EDUCACION,LA UNION,LICENCIATURA EN FISICA - CARMEN DE VIBORAL,0.066,3
ANDES,FACULTAD DE EDUCACION,HISPANIA,LICENCIATURA EN EDUCACION ESPECIAL - ANDES,0.066,3
CARMENVI,FACULTAD DE ARTES,LA CEJA,LICENCIATURA EN ARTES PLASTICAS - CARMEN DE VIBORAL,0.066,3
SONSON,FACULTAD NACIONAL DE SALUD PUBLICA,SONSON,ADMINISTRACION EN SALUD - SONSON,0.066,3
YARUMAL,INSTITUTO UNIVERSITARIO DE EDUCACION FISICA Y DEPORTES,CAMPAMENTO,LICENCIATURA EN EDUCACION FISICA - YARUMAL,0.0659,3
ANDES,INSTITUTO UNIVERSITARIO DE EDUCACION FISICA Y DEPORTES,ANDES,LICENCIATURA EN EDUCACION FISICA - ANDES,0.0658,3
TURBO,FACULTAD NACIONAL DE SALUD PUBLICA,TURBO,ADMINISTRACION AMBIENTAL Y SANITARIA- TURBO,0.0657,3
SONSON,FACULTAD NACIONAL DE SALUD PUBLICA,SONSON,ADMINISTRACION EN SALUD - SONSON,0.0657,3
CARMENVI,FACULTAD DE ARTES,RIONEGRO,LICENCIATURA EN MUSICA-CARMEN DE VIBORAL,0.0657,3
SONSON,FACULTAD NACIONAL DE SALUD PUBLICA,SONSON,ADMINISTRACION EN SALUD - SONSON,0.0657,3
YARUMAL,FACULTAD DE COMUNICACIONES Y FILOLOGIA,YARUMAL,COMUNICACION SOCIAL - PERIODISMO YARUMAL,0.0657,3
ANDES,FACULTAD DE EDUCACION,ANDES,LICENCIATURA EN EDUCACION ESPECIAL - ANDES,0.0655,3
CAUCASIA,FACULTAD DE DERECHO Y CIENCIAS POLITICAS,APARTADO,DERECHO - CAUCASIA,0.0655,3
APARTADO,FACULTAD NACIONAL DE SALUD PUBLICA,APARTADO,GERENCIA EN SISTEMAS DE INFORMACION EN SALUD - APARTADO,0.0655,3
ANDES,INSTITUTO UNIVERSITARIO DE EDUCACION FISICA Y DEPORTES,JARDIN,LICENCIATURA EN EDUCACION FISICA - ANDES,0.0654,3
CAUCASIA,FACULTAD DE DERECHO Y CIENCIAS POLITICAS,CAUCASIA,DERECHO - CAUCASIA,0.0653,3
APARTADO,FACULTAD DE ARTES,APARTADO,LICENCIATURA EN MUSICA - APARTADO,0.0653,3
P-BERRIO,INSTITUTO UNIVERSITARIO DE EDUCACION FISICA Y DEPORTES,PUERTO BERRIO,LICENCIATURA EN EDUCACION FISICA - PUERTO BERRIO,0.0653,3
ANDES,FACULTAD DE CIENCIAS AGRARIAS,CIUDAD BOLIVAR,INGENIERIA AGROPECUARIA - ANDES,0.0653,3
ANDES,FACULTAD DE EDUCACION,ANDES,LICENCIATURA EN EDUCACION ESPECIAL - ANDES,0.0652,3
SEGOVIA,FACULTAD NACIONAL DE SALUD PUBLICA,REMEDIOS,ADMINISTRACION AMBIENTAL Y SANITARIA- SEGOVIA,0.0652,3
YARUMAL,INSTITUTO UNIVERSITARIO DE EDUCACION FISICA Y DEPORTES,YARUMAL,LICENCIATURA EN EDUCACION FISICA - YARUMAL,0.0652,3
YARUMAL,INSTITUTO UNIVERSITARIO DE EDUCACION FISICA Y DEPORTES,YARUMAL,LICENCIATURA EN EDUCACION FISICA - YARUMAL,0.0652,3
CARMENVI,FACULTAD DE EDUCACION,RIONEGRO,LICENCIATURA EN LITERATURA Y LENGUA CASTELLANA-CV,0.0651,3
SONSON,INSTITUTO UNIVERSITARIO DE EDUCACION FISICA Y DEPORTES,NARINO,LICENCIATURA EN EDUCACION FISICA - SONSON,0.0651,3
CARMENVI,FACULTAD DE EDUCACION,CAUCASIA,LICENCIATURA EN MATEMATICAS-CARMEN DE VIBORAL,0.0651,3
TURBO,FACULTAD DE COMUNICACIONES Y FILOLOGIA,APARTADO,COMUNICACION SOCIAL - PERIODISMO TURBO,0.065,3
APARTADO,FACULTAD DE CIENCIAS ECONOMICAS,CHIGORODO,CONTADURIA PUBLICA- URABA (APARTADO),0.0649,3
CARMENVI,ESCUELA DE NUTRICION Y DIETETICA,GUARNE,NUTRICION Y DIETETICA - CARMEN DE VIBORAL,0.0648,3
CARMENVI,FACULTAD DE CIENCIAS FARMACEUTICAS Y ALIMENTARIAS,RIONEGRO,TECNOLOGIA EN REGENCIA DE FARMACIA - CARMEN DE VIBORAL,0.0648,3
P-BERRIO,FACULTAD DE DERECHO Y CIENCIAS POLITICAS,PUERTO BERRIO,DERECHO - PUERTO BERRIO,0.0648,3
STAFEANT,FACULTAD DE CIENCIAS ECONOMICAS,SABANALARGA,GESTION EN ECOLOGIA Y TURISMO - SANTAFE DE ANTIOQUIA,0.0648,3
CARMENVI,FACULTAD DE CIENCIAS SOCIALES Y HUMANAS,EL CARMEN DE VIBORAL,PSICOLOGIA - CARMEN DE VIBORAL,0.0647,3
CAUCASIA,FACULTAD NACIONAL DE SALUD PUBLICA,CAUCASIA,ADMINISTRACION EN SALUD-CAUCASIA,0.0647,3
CARMENVI,INSTITUTO UNIVERSITARIO DE EDUCACION FISICA Y DEPORTES,EL CARMEN DE VIBORAL,LICENCIATURA EN EDUCACION FISICA - CARMEN DE VIBORAL,0.0646,3
CARMENVI,FACULTAD DE EDUCACION,RIONEGRO,LICENCIATURA EN EDUCACION INFANTIL-CARMEN DE VIBORAL,0.0646,3
ANDES,FACULTAD DE EDUCACION,HISPANIA,LICENCIATURA EN EDUCACION ESPECIAL - ANDES,0.0646,3
TURBO,FACULTAD DE CIENCIAS FARMACEUTICAS Y ALIMENTARIAS,TURBO,TECNOLOGIA EN REGENCIA DE FARMACIA - TURBO,0.0646,3
CAUCASIA,INSTITUTO UNIVERSITARIO DE EDUCACION FISICA Y DEPORTES,TIERRALTA,LICENCIATURA EN EDUCACION FISICA - CAUCASIA,0.0646,3
ANDES,FACULTAD NACIONAL DE SALUD PUBLICA,ANDES,ADMINISTRACION AMBIENTAL Y SANITARIA- ANDES,0.0645,3
CARMENVI,INSTITUTO UNIVERSITARIO DE EDUCACION FISICA Y DEPORTES,COPACABANA,LICENCIATURA EN EDUCACION FISICA - CARMEN DE VIBORAL,0.0644,3
CARMENVI,FACULTAD DE EDUCACION,SAN LUIS,PEDAGOGIA EN RURALIDAD Y PAZ -CARMEN DE VIBORAL,0.0644,3
TURBO,FACULTAD NACIONAL DE SALUD PUBLICA,TURBO,ADMINISTRACION AMBIENTAL Y SANITARIA- TURBO,0.0643,3
CARMENVI,FACULTAD DE CIENCIAS FARMACEUTICAS Y ALIMENTARIAS,EL CARMEN DE VIBORAL,TECNOLOGIA EN REGENCIA DE FARMACIA - CARMEN DE VIBORAL,0.0643,3
TURBO,FACULTAD NACIONAL DE SALUD PUBLICA,TURBO,ADMINISTRACION AMBIENTAL Y SANITARIA- TURBO,0.0642,3
CAUCASIA,FACULTAD DE DERECHO Y CIENCIAS POLITICAS,LA APARTADA,DERECHO - CAUCASIA,0.0642,3
YARUMAL,FACULTAD DE COMUNICACIONES Y FILOLOGIA,YARUMAL,COMUNICACION SOCIAL - PERIODISMO YARUMAL,0.0642,3
CAUCASIA,INSTITUTO UNIVERSITARIO DE EDUCACION FISICA Y DEPORTES,NECHI,LICENCIATURA EN EDUCACION FISICA - CAUCASIA,0.0642,3
CARMENVI,FACULTAD DE EDUCACION,EL CARMEN DE VIBORAL,LICENCIATURA EN LITERATURA Y LENGUA CASTELLANA-CV,0.0641,3
CARMENVI,FACULTAD DE CIENCIAS FARMACEUTICAS Y ALIMENTARIAS,RIONEGRO,INGENIERIA DE ALIMENTOS - CARMEN DE VIBORAL,0.0641,3
SEGOVIA,INSTITUTO UNIVERSITARIO DE EDUCACION FISICA Y DEPORTES,REMEDIOS,LICENCIATURA EN EDUCACION FISICA - SEGOVIA,0.0641,3
APARTADO,FACULTAD DE COMUNICACIONES Y FILOLOGIA,CHIGORODO,COMUNICACION SOCIAL - PERIODISMO APARTADO,0.0641,3
CARMENVI,FACULTAD DE EDUCACION,LA CEJA,LICENCIATURA EN LITERATURA Y LENGUA CASTELLANA-CV,0.064,3
TURBO,FACULTAD NACIONAL DE SALUD PUBLICA,TURBO,ADMINISTRACION AMBIENTAL Y SANITARIA- TURBO,0.064,3
CARMENVI,FACULTAD DE CIENCIAS FARMACEUTICAS Y ALIMENTARIAS,SEGOVIA,TECNOLOGIA EN REGENCIA DE FARMACIA - CARMEN DE VIBORAL,0.064,3
TURBO,FACULTAD DE EDUCACION,APARTADO,LICENCIATURA EN EDUCACION INFANTIL-TURBO,0.064,3
ANDES,FACULTAD DE EDUCACION,ANDES,LICENCIATURA EN LITERATURA Y LENGUA CASTELLANA-ANDES,0.064,3
CARMENVI,ESCUELA INTERAMERICANA DE BIBLIOTECOLOGIA,BARBOSA,ARCHIVISTICA -CARMEN DE VIBORAL,0.0639,3
TURBO,FACULTAD NACIONAL DE SALUD PUBLICA,TURBO,ADMINISTRACION AMBIENTAL Y SANITARIA- TURBO,0.0639,3
P-BERRIO,FACULTAD NACIONAL DE SALUD PUBLICA,PUERTO BERRIO,ADMINISTRACION AMBIENTAL Y SANITARIA-PUERTO BERRIO,0.0638,3
CAUCASIA,FACULTAD DE DERECHO Y CIENCIAS POLITICAS,CAUCASIA,DERECHO - CAUCASIA,0.0637,3
CAREPA,INSTITUTO UNIVERSITARIO DE EDUCACION FISICA Y DEPORTES,ARBOLETES,LICENCIATURA EN EDUCACION FISICA - CAREPA,0.0637,3
TURBO,FACULTAD NACIONAL DE SALUD PUBLICA,TURBO,ADMINISTRACION AMBIENTAL Y SANITARIA- TURBO,0.0637,3
CARMENVI,FACULTAD DE EDUCACION,LA CEJA,LICENCIATURA EN EDUCACION INFANTIL-CARMEN DE VIBORAL,0.0637,3
APARTADO,FACULTAD DE ARTES,APARTADO,LICENCIATURA EN ARTES PLASTICAS-APARTADO,0.0637,3
P-BERRIO,FACULTAD DE CIENCIAS ECONOMICAS,PUERTO BERRIO,GESTION EN ECOLOGIA Y TURISMO - PUERTO BERRIO,0.0636,3
TURBO,FACULTAD DE EDUCACION,TURBO,LICENCIATURA EN MATEMATICAS-TURBO,0.0636,3
TURBO,FACULTAD NACIONAL DE SALUD PUBLICA,TURBO,ADMINISTRACION AMBIENTAL Y SANITARIA- TURBO,0.0636,3
APARTADO,FACULTAD DE CIENCIAS ECONOMICAS,NECOCLI,GESTION EN ECOLOGIA Y TURISMO - APARTADO,0.0636,3
YARUMAL,FACULTAD DE EDUCACION,YARUMAL,LICENCIATURA EN CIENCIAS NATURALES- YARUMAL,0.0636,3
CARMENVI,FACULTAD DE EDUCACION,LA CEJA,LICENCIATURA EN EDUCACION INFANTIL-CARMEN DE VIBORAL,0.0635,3
TURBO,FACULTAD NACIONAL DE SALUD PUBLICA,TURBO,ADMINISTRACION AMBIENTAL Y SANITARIA- TURBO,0.0635,3
TURBO,FACULTAD DE EDUCACION,APARTADO,LICENCIATURA EN EDUCACION INFANTIL-TURBO,0.0635,3
SONSON,FACULTAD NACIONAL DE SALUD PUBLICA,SONSON,ADMINISTRACION EN SALUD - SONSON,0.0634,3
SEGOVIA,FACULTAD NACIONAL DE SALUD PUBLICA,SEGOVIA,TECNOLOGIA EN ADMINISTRACION DE SERVICIOS DE SALUD-SEGOVIA,0.0634,3
CAREPA,FACULTAD DE DERECHO Y CIENCIAS POLITICAS,CHIGORODO,DERECHO - CAREPA,0.0634,3
TURBO,FACULTAD NACIONAL DE SALUD PUBLICA,TURBO,ADMINISTRACION AMBIENTAL Y SANITARIA- TURBO,0.0634,3
CARMENVI,ESCUELA DE NUTRICION Y DIETETICA,MARINILLA,NUTRICION Y DIETETICA - CARMEN DE VIBORAL,0.0634,3
ANDES,FACULTAD DE DERECHO Y CIENCIAS POLITICAS,ANDES,DERECHO - ANDES,0.0634,3
YARUMAL,FACULTAD DE EDUCACION,YARUMAL,LICENCIATURA EN CIENCIAS NATURALES- YARUMAL,0.0633,3
CAUCASIA,FACULTAD DE DERECHO Y CIENCIAS POLITICAS,CAUCASIA,DERECHO - CAUCASIA,0.0633,3
CAUCASIA,FACULTAD DE CIENCIAS SOCIALES Y HUMANAS,BUENAVISTA,TRABAJO SOCIAL - CAUCASIA,0.0633,3
CARMENVI,FACULTAD DE CIENCIAS ECONOMICAS,EL SANTUARIO,CONTADURIA PUBLICA - CARMEN DE VIBORAL,0.0632,3
CAREPA,INSTITUTO UNIVERSITARIO DE EDUCACION FISICA Y DEPORTES,CHIGORODO,LICENCIATURA EN EDUCACION FISICA - CAREPA,0.0632,3
CAUCASIA,INSTITUTO UNIVERSITARIO DE EDUCACION FISICA Y DEPORTES,MONTELIBANO,LICENCIATURA EN EDUCACION FISICA - CAUCASIA,0.0631,3
TURBO,FACULTAD DE EDUCACION,ARBOLETES,LICENCIATURA EN EDUCACION INFANTIL-TURBO,0.063,3
CARMENVI,ESCUELA DE NUTRICION Y DIETETICA,MARINILLA,NUTRICION Y DIETETICA - CARMEN DE VIBORAL,0.063,3
TURBO,FACULTAD DE EDUCACION,SAN PEDRO DE URABA,LICENCIATURA EN EDUCACION INFANTIL-TURBO,0.063,3
CAUCASIA,FACULTAD NACIONAL DE SALUD PUBLICA,CAUCASIA,ADMINISTRACION AMBIENTAL Y SANITARIA- CAUCASIA,0.063,3
CARMENVI,FACULTAD DE EDUCACION,GUATAPE,LICENCIATURA EN LITERATURA Y LENGUA CASTELLANA-CV,0.063,3
ANDES,FACULTAD NACIONAL DE SALUD PUBLICA,ANDES,ADMINISTRACION AMBIENTAL Y SANITARIA- ANDES,0.063,3
TURBO,FACULTAD DE CIENCIAS FARMACEUTICAS Y ALIMENTARIAS,CHIGORODO,TECNOLOGIA EN REGENCIA DE FARMACIA - TURBO,0.0629,3
TURBO,FACULTAD DE EDUCACION,TURBO,LICENCIATURA EN CIENCIAS NATURALES-TURBO,0.0628,3
CARMENVI,ESCUELA DE NUTRICION Y DIETETICA,RETIRO,NUTRICION Y DIETETICA - CARMEN DE VIBORAL,0.0627,3
CARMENVI,FACULTAD DE CIENCIAS ECONOMICAS,GUARNE,GESTION EN ECOLOGIA Y TURISMO - CARMEN DE VIBORAL,0.0627,3
ANDES,FACULTAD NACIONAL DE SALUD PUBLICA,ANDES,ADMINISTRACION AMBIENTAL Y SANITARIA- ANDES,0.0626,3
CARMENVI,FACULTAD DE EDUCACION,RIONEGRO,LICENCIATURA EN LITERATURA Y LENGUA CASTELLANA-CV,0.0624,3
TURBO,FACULTAD DE EDUCACION,TURBO,LICENCIATURA EN EDUCACION INFANTIL-TURBO,0.0624,3
STAFEANT,FACULTAD DE EDUCACION,SANTAFE DE ANTIOQUIA,LICENCIATURA EN MATEMATICAS - SANTA FE DE ANTIOQUIA,0.0624,3
YARUMAL,FACULTAD DE EDUCACION,YARUMAL,LICENCIATURA EN CIENCIAS NATURALES- YARUMAL,0.0623,3
TURBO,FACULTAD DE EDUCACION,TURBO,LICENCIATURA EN MATEMATICAS-TURBO,0.0623,3
SEGOVIA,INSTITUTO UNIVERSITARIO DE EDUCACION FISICA Y DEPORTES,SEGOVIA,LICENCIATURA EN EDUCACION FISICA - SEGOVIA,0.0623,3
CARMENVI,FACULTAD DE ARTES,RIONEGRO,LICENCIATURA EN ARTES PLASTICAS - CARMEN DE VIBORAL,0.0622,3
ANDES,INSTITUTO UNIVERSITARIO DE EDUCACION FISICA Y DEPORTES,BETANIA,LICENCIATURA EN EDUCACION FISICA - ANDES,0.0622,3
P-BERRIO,INSTITUTO UNIVERSITARIO DE EDUCACION FISICA Y DEPORTES,PUERTO NARE,LICENCIATURA EN EDUCACION FISICA - PUERTO BERRIO,0.0622,3
TURBO,FACULTAD DE CIENCIAS FARMACEUTICAS Y ALIMENTARIAS,TURBO,TECNOLOGIA EN REGENCIA DE FARMACIA - TURBO,0.0622,3
SEGOVIA,INSTITUTO UNIVERSITARIO DE EDUCACION FISICA Y DEPORTES,SEGOVIA,LICENCIATURA EN EDUCACION FISICA - SEGOVIA,0.0622,3
APARTADO,FACULTAD DE ARTES,APARTADO,LICENCIATURA EN DANZA -APARTADO,0.0621,3
APARTADO,FACULTAD DE EDUCACION,TURBO,LICENCIATURA EN EDUCACION ESPECIAL - APARTADO,0.0619,3
CARMENVI,FACULTAD DE EDUCACION,LA UNION,LICENCIATURA EN EDUCACION ESPECIAL - CARMEN DE VIBORAL,0.0618,3
TURBO,FACULTAD DE EDUCACION,TURBO,LICENCIATURA EN EDUCACION INFANTIL-TURBO,0.0618,3
CAREPA,INSTITUTO UNIVERSITARIO DE EDUCACION FISICA Y DEPORTES,APARTADO,LICENCIATURA EN EDUCACION FISICA - CAREPA,0.0617,3
CARMENVI,FACULTAD DE EDUCACION,LA CEJA,LICENCIATURA EN EDUCACION INFANTIL-CARMEN DE VIBORAL,0.0617,3
CARMENVI,FACULTAD DE CIENCIAS FARMACEUTICAS Y ALIMENTARIAS,EL CARMEN DE VIBORAL,TECNOLOGIA EN REGENCIA DE FARMACIA - CARMEN DE VIBORAL,0.0617,3
CARMENVI,FACULTAD DE EDUCACION,RIONEGRO,LICENCIATURA EN CIENCIAS NATURALES-CARMEN DE VIBORAL,0.0617,3
STAFEANT,FACULTAD DE COMUNICACIONES Y FILOLOGIA,MEDELLIN,COMUNICACION SOCIAL - PERIODISMO SANTA FE DE ANTIOQUIA,0.0616,3
APARTADO,FACULTAD DE EDUCACION,MEDELLIN,LICENCIATURA EN LITERATURA Y LENGUA CASTELLANA-APARTADO,0.0615,3
APARTADO,ESCUELA DE MICROBIOLOGIA,APARTADO,MICROBIOLOGIA INDUSTRIAL Y AMBIENTAL-URABA (APARTADO),0.0615,3
CARMENVI,FACULTAD DE EDUCACION,MARINILLA,LICENCIATURA EN LITERATURA Y LENGUA CASTELLANA-CV,0.0615,3
TURBO,FACULTAD NACIONAL DE SALUD PUBLICA,TURBO,ADMINISTRACION AMBIENTAL Y SANITARIA- TURBO,0.0615,3
CAUCASIA,FACULTAD DE DERECHO Y CIENCIAS POLITICAS,CAUCASIA,DERECHO - CAUCASIA,0.0615,3
CARMENVI,FACULTAD DE EDUCACION,RIONEGRO,LICENCIATURA EN EDUCACION ESPECIAL - CARMEN DE VIBORAL,0.0615,3
CARMENVI,FACULTAD NACIONAL DE SALUD PUBLICA,LA CEJA,ADMINISTRACION AMBIENTAL Y SANITARIA-CARMEN DE VIBORAL,0.0614,3
YARUMAL,FACULTAD DE EDUCACION,YARUMAL,LICENCIATURA EN CIENCIAS NATURALES- YARUMAL,0.0614,3
CARMENVI,FACULTAD NACIONAL DE SALUD PUBLICA,LA CEJA,ADMINISTRACION AMBIENTAL Y SANITARIA-CARMEN DE VIBORAL,0.0614,3
CARMENVI,FACULTAD DE EDUCACION,LA UNION,LICENCIATURA EN CIENCIAS NATURALES-CARMEN DE VIBORAL,0.0613,3
CARMENVI,FACULTAD DE ARTES,RIONEGRO,LICENCIATURA EN MUSICA-CARMEN DE VIBORAL,0.0611,3
ANDES,FACULTAD DE EDUCACION,ANDES,LICENCIATURA EN LITERATURA Y LENGUA CASTELLANA-ANDES,0.0611,3
CARMENVI,FACULTAD DE EDUCACION,CONCEPCION,LICENCIATURA EN LITERATURA Y LENGUA CASTELLANA-CV,0.061,3
CARMENVI,INSTITUTO DE FILOSOFIA,LA CEJA,LICENCIATURA EN FILOSOFIA - CARMEN DE VIBORAL,0.061,3
CARMENVI,ESCUELA DE NUTRICION Y DIETETICA,RIONEGRO,NUTRICION Y DIETETICA - CARMEN DE VIBORAL,0.0609,3
CARMENVI,FACULTAD DE CIENCIAS FARMACEUTICAS Y ALIMENTARIAS,RIONEGRO,INGENIERIA DE ALIMENTOS - CARMEN DE VIBORAL,0.0609,3
APARTADO,FACULTAD DE EDUCACION,APARTADO,LICENCIATURA EN EDUCACION ESPECIAL - APARTADO,0.0609,3
CARMENVI,FACULTAD DE CIENCIAS FARMACEUTICAS Y ALIMENTARIAS,LA UNION,TECNOLOGIA EN REGENCIA DE FARMACIA - CARMEN DE VIBORAL,0.0608,3
CARMENVI,FACULTAD DE CIENCIAS FARMACEUTICAS Y ALIMENTARIAS,LA CEJA,INGENIERIA DE ALIMENTOS - CARMEN DE VIBORAL,0.0608,3
ANDES,FACULTAD DE EDUCACION,HISPANIA,LICENCIATURA EN LITERATURA Y LENGUA CASTELLANA-ANDES,0.0607,3
APARTADO,FACULTAD DE EDUCACION,APARTADO,LICENCIATURA EN EDUCACION ESPECIAL - APARTADO,0.0606,3
TURBO,FACULTAD DE EDUCACION,TURBO,LICENCIATURA EN EDUCACION INFANTIL-TURBO,0.0605,3
YARUMAL,FACULTAD DE COMUNICACIONES Y FILOLOGIA,YARUMAL,COMUNICACION SOCIAL - PERIODISMO YARUMAL,0.0605,3
CARMENVI,FACULTAD DE CIENCIAS FARMACEUTICAS Y ALIMENTARIAS,BUCARAMANGA,CIENCIAS CULINARIAS - CARMEN DE VIBORAL,0.0604,3
CARMENVI,FACULTAD DE CIENCIAS ECONOMICAS,RIONEGRO,CONTADURIA PUBLICA - CARMEN DE VIBORAL,0.0604,3
CARMENVI,FACULTAD DE CIENCIAS ECONOMICAS,MARINILLA,CONTADURIA PUBLICA - CARMEN DE VIBORAL,0.0603,3
CARMENVI,INSTITUTO UNIVERSITARIO DE EDUCACION FISICA Y DEPORTES,RIONEGRO,LICENCIATURA EN EDUCACION FISICA - CARMEN DE VIBORAL,0.0603,3
CAREPA,ESCUELA DE IDIOMAS,APARTADO,LICENCIATURA EN LENGUAS EXTRANJERAS CON ENFASIS EN INGLES - CAREPA,0.0603,3
TURBO,FACULTAD DE CIENCIAS FARMACEUTICAS Y ALIMENTARIAS,APARTADO,TECNOLOGIA EN REGENCIA DE FARMACIA - TURBO,0.0603,3
ANDES,INSTITUTO UNIVERSITARIO DE EDUCACION FISICA Y DEPORTES,ANDES,LICENCIATURA EN EDUCACION FISICA - ANDES,0.0603,3
SEGOVIA,FACULTAD NACIONAL DE SALUD PUBLICA,REMEDIOS,ADMINISTRACION AMBIENTAL Y SANITARIA- SEGOVIA,0.06,3
APARTADO,FACULTAD DE CIENCIAS SOCIALES Y HUMANAS,CHIGORODO,TRABAJO SOCIAL-URABA (APARTADO),0.0599,3
CARMENVI,FACULTAD DE ARTES,RIONEGRO,LICENCIATURA EN DANZA -CARMEN DE VIBORAL,0.0599,3
APARTADO,FACULTAD DE CIENCIAS SOCIALES Y HUMANAS,TURBO,TRABAJO SOCIAL-URABA (APARTADO),0.0599,3
APARTADO,FACULTAD NACIONAL DE SALUD PUBLICA,CHIGORODO,GERENCIA EN SISTEMAS DE INFORMACION EN SALUD - APARTADO,0.0598,3
CAUCASIA,FACULTAD DE DERECHO Y CIENCIAS POLITICAS,CAUCASIA,DERECHO - CAUCASIA,0.0597,3
CARMENVI,FACULTAD DE EDUCACION,CONCEPCION,PEDAGOGIA EN RURALIDAD Y PAZ -CARMEN DE VIBORAL,0.0597,3
APARTADO,ESCUELA DE MICROBIOLOGIA,SAN PEDRO DE URABA,MICROBIOLOGIA INDUSTRIAL Y AMBIENTAL-URABA (APARTADO),0.0597,3
CARMENVI,FACULTAD DE EDUCACION,EL SANTUARIO,LICENCIATURA EN EDUCACION ESPECIAL - CARMEN DE VIBORAL,0.0596,3
CARMENVI,INSTITUTO UNIVERSITARIO DE EDUCACION FISICA Y DEPORTES,LA CEJA,LICENCIATURA EN EDUCACION FISICA - CARMEN DE VIBORAL,0.0596,3
CARMENVI,FACULTAD DE ARTES,GUARNE,LICENCIATURA EN MUSICA-CARMEN DE VIBORAL,0.0596,3
CARMENVI,FACULTAD DE CIENCIAS ECONOMICAS,RIONEGRO,DESARROLLO TERRITORIAL- CARMEN DE VIBORAL,0.0595,3
STAFEANT,INSTITUTO UNIVERSITARIO DE EDUCACION FISICA Y DEPORTES,SANTAFE DE ANTIOQUIA,LICENCIATURA EN EDUCACION FISICA - SANTA FE DE ANTIOQUIA,0.0593,3
SONSON,INSTITUTO UNIVERSITARIO DE EDUCACION FISICA Y DEPORTES,SONSON,LICENCIATURA EN EDUCACION FISICA - SONSON,0.0593,3
TURBO,FACULTAD NACIONAL DE SALUD PUBLICA,CHIGORODO,ADMINISTRACION AMBIENTAL Y SANITARIA- TURBO,0.0591,3
CAUCASIA,FACULTAD DE EDUCACION,CAUCASIA,LICENCIATURA EN EDUCACION INFANTIL - CAUCASIA,0.0591,3
TURBO,FACULTAD DE EDUCACION,TURBO,LICENCIATURA EN EDUCACION INFANTIL-TURBO,0.059,3
STAFEANT,FACULTAD DE CIENCIAS ECONOMICAS,DABEIBA,GESTION EN ECOLOGIA Y TURISMO - SANTAFE DE ANTIOQUIA,0.059,3
CARMENVI,FACULTAD NACIONAL DE SALUD PUBLICA,MARINILLA,ADMINISTRACION AMBIENTAL Y SANITARIA-CARMEN DE VIBORAL,0.059,3
STAFEANT,INSTITUTO UNIVERSITARIO DE EDUCACION FISICA Y DEPORTES,SANTAFE DE ANTIOQUIA,LICENCIATURA EN EDUCACION FISICA - SANTA FE DE ANTIOQUIA,0.059,3
ANDES,FACULTAD DE DERECHO Y CIENCIAS POLITICAS,CIUDAD BOLIVAR,DERECHO - ANDES,0.0589,3
SONSON,INSTITUTO UNIVERSITARIO DE EDUCACION FISICA Y DEPORTES,NARINO,LICENCIATURA EN EDUCACION FISICA - SONSON,0.0589,3
CAUCASIA,FACULTAD DE EDUCACION,CAUCASIA,LICENCIATURA EN EDUCACION INFANTIL - CAUCASIA,0.0589,3
CARMENVI,FACULTAD DE CIENCIAS FARMACEUTICAS Y ALIMENTARIAS,CALI,CIENCIAS CULINARIAS - CARMEN DE VIBORAL,0.0588,3
CARMENVI,FACULTAD DE MEDICINA,RIONEGRO,TECNOLOGIA EN ATENCION PREHOSPITALARIA- CARMEN DE VIBORAL,0.0588,3
TURBO,FACULTAD DE EDUCACION,TURBO,LICENCIATURA EN MATEMATICAS-TURBO,0.0588,3
CARMENVI,INSTITUTO UNIVERSITARIO DE EDUCACION FISICA Y DEPORTES,RIONEGRO,LICENCIATURA EN EDUCACION FISICA - CARMEN DE VIBORAL,0.0588,3
P-BERRIO,FACULTAD NACIONAL DE SALUD PUBLICA,PUERTO BERRIO,ADMINISTRACION AMBIENTAL Y SANITARIA-PUERTO BERRIO,0.0585,3
CAUCASIA,FACULTAD DE EDUCACION,CAUCASIA,LICENCIATURA EN EDUCACION INFANTIL - CAUCASIA,0.0585,3
P-BERRIO,FACULTAD NACIONAL DE SALUD PUBLICA,PUERTO BERRIO,ADMINISTRACION AMBIENTAL Y SANITARIA-PUERTO BERRIO,0.0584,3
TURBO,FACULTAD DE COMUNICACIONES Y FILOLOGIA,TURBO,COMUNICACION SOCIAL - PERIODISMO TURBO,0.0584,3
ANDES,FACULTAD DE DERECHO Y CIENCIAS POLITICAS,ANDES,DERECHO - ANDES,0.0583,3
CARMENVI,INSTITUTO UNIVERSITARIO DE EDUCACION FISICA Y DEPORTES,ABEJORRAL,LICENCIATURA EN EDUCACION FISICA - CARMEN DE VIBORAL,0.0583,3
APARTADO,ESCUELA INTERAMERICANA DE BIBLIOTECOLOGIA,APARTADO,ARCHIVISTICA - APARTADO,0.0583,3
TURBO,FACULTAD DE EDUCACION,APARTADO,LICENCIATURA EN MATEMATICAS-TURBO,0.0582,3
CAUCASIA,FACULTAD DE DERECHO Y CIENCIAS POLITICAS,CAUCASIA,DERECHO - CAUCASIA,0.0582,3
SONSON,INSTITUTO UNIVERSITARIO DE EDUCACION FISICA Y DEPORTES,SONSON,LICENCIATURA EN EDUCACION FISICA - SONSON,0.0582,3
APARTADO,FACULTAD DE CIENCIAS ECONOMICAS,CHIGORODO,GESTION EN ECOLOGIA Y TURISMO - APARTADO,0.0582,3
YARUMAL,FACULTAD DE COMUNICACIONES Y FILOLOGIA,BUENAVISTA,COMUNICACION SOCIAL - PERIODISMO YARUMAL,0.0581,3
CAUCASIA,INSTITUTO UNIVERSITARIO DE EDUCACION FISICA Y DEPORTES,PLANETA RICA,LICENCIATURA EN EDUCACION FISICA - CAUCASIA,0.0581,3
P-BERRIO,FACULTAD NACIONAL DE SALUD PUBLICA,PUERTO BERRIO,ADMINISTRACION AMBIENTAL Y SANITARIA-PUERTO BERRIO,0.0581,3
CARMENVI,FACULTAD DE EDUCACION,SAN VICENTE,LICENCIATURA EN EDUCACION INFANTIL-CARMEN DE VIBORAL,0.0581,3
CARMENVI,FACULTAD DE CIENCIAS ECONOMICAS,MARINILLA,CONTADURIA PUBLICA - CARMEN DE VIBORAL,0.058,3
CARMENVI,FACULTAD DE EDUCACION,GUARNE,LICENCIATURA EN LITERATURA Y LENGUA CASTELLANA-CV,0.058,3
CARMENVI,FACULTAD NACIONAL DE SALUD PUBLICA,MARINILLA,ADMINISTRACION AMBIENTAL Y SANITARIA-CARMEN DE VIBORAL,0.058,3
TURBO,FACULTAD DE CIENCIAS ECONOMICAS,APARTADO,ADMINISTRACION DE EMPRESAS - TURBO,0.058,3
APARTADO,ESCUELA DE MICROBIOLOGIA,CHIGORODO,MICROBIOLOGIA INDUSTRIAL Y AMBIENTAL-URABA (APARTADO),0.0579,3
TURBO,FACULTAD DE COMUNICACIONES Y FILOLOGIA,MEDELLIN,COMUNICACION SOCIAL - PERIODISMO TURBO,0.0579,3
ANDES,INSTITUTO UNIVERSITARIO DE EDUCACION FISICA Y DEPORTES,ANDES,LICENCIATURA EN EDUCACION FISICA - ANDES,0.0578,3
CARMENVI,FACULTAD DE CIENCIAS FARMACEUTICAS Y ALIMENTARIAS,RIONEGRO,CIENCIAS CULINARIAS - CARMEN DE VIBORAL,0.0577,3
STAFEANT,FACULTAD DE COMUNICACIONES Y FILOLOGIA,TURBO,COMUNICACION SOCIAL - PERIODISMO SANTA FE DE ANTIOQUIA,0.0577,3
APARTADO,ESCUELA DE MICROBIOLOGIA,CHIGORODO,MICROBIOLOGIA INDUSTRIAL Y AMBIENTAL-URABA (APARTADO),0.0577,3
CARMENVI,FACULTAD DE ARTES,LA CEJA,LICENCIATURA EN MUSICA-CARMEN DE VIBORAL,0.0577,3
CAUCASIA,FACULTAD NACIONAL DE SALUD PUBLICA,CACERES,ADMINISTRACION EN SALUD-CAUCASIA,0.0576,3
TURBO,FACULTAD DE CIENCIAS ECONOMICAS,TURBO,DESARROLLO TERRITORIAL- TURBO,0.0576,3
CARMENVI,FACULTAD DE EDUCACION,MARINILLA,LICENCIATURA EN CIENCIAS NATURALES-CARMEN DE VIBORAL,0.0576,3
STAFEANT,FACULTAD DE CIENCIAS ECONOMICAS,GIRALDO,GESTION EN ECOLOGIA Y TURISMO - SANTAFE DE ANTIOQUIA,0.0575,3
ANDES,FACULTAD DE EDUCACION,ANDES,LICENCIATURA EN EDUCACION ESPECIAL - ANDES,0.0575,3
ANDES,FACULTAD NACIONAL DE SALUD PUBLICA,ANDES,ADMINISTRACION AMBIENTAL Y SANITARIA- ANDES,0.0575,3
YARUMAL,INSTITUTO UNIVERSITARIO DE EDUCACION FISICA Y DEPORTES,YARUMAL,LICENCIATURA EN EDUCACION FISICA - YARUMAL,0.0575,3
P-BERRIO,FACULTAD NACIONAL DE SALUD PUBLICA,PUERTO BERRIO,ADMINISTRACION AMBIENTAL Y SANITARIA-PUERTO BERRIO,0.0574,3
P-BERRIO,FACULTAD NACIONAL DE SALUD PUBLICA,PUERTO BERRIO,ADMINISTRACION AMBIENTAL Y SANITARIA-PUERTO BERRIO,0.0574,3
CAREPA,INSTITUTO UNIVERSITARIO DE EDUCACION FISICA Y DEPORTES,APARTADO,LICENCIATURA EN EDUCACION FISICA - CAREPA,0.0574,3
CAUCASIA,FACULTAD DE DERECHO Y CIENCIAS POLITICAS,LA APARTADA,DERECHO - CAUCASIA,0.0573,3
CARMENVI,FACULTAD DE EDUCACION,LA CEJA,LICENCIATURA EN CIENCIAS SOCIALES-CARMEN DE VIBORAL,0.0573,3
CAREPA,INSTITUTO UNIVERSITARIO DE EDUCACION FISICA Y DEPORTES,TURBO,LICENCIATURA EN EDUCACION FISICA - CAREPA,0.0573,3
APARTADO,FACULTAD DE EDUCACION,APARTADO,LICENCIATURA EN EDUCACION ESPECIAL - APARTADO,0.0572,3
CAUCASIA,FACULTAD NACIONAL DE SALUD PUBLICA,CACERES,ADMINISTRACION EN SALUD-CAUCASIA,0.0571,3
CARMENVI,FACULTAD DE CIENCIAS ECONOMICAS,ANORI,DESARROLLO TERRITORIAL- CARMEN DE VIBORAL,0.0571,3
TURBO,FACULTAD DE COMUNICACIONES Y FILOLOGIA,APARTADO,COMUNICACION SOCIAL - PERIODISMO TURBO,0.0571,3
P-BERRIO,FACULTAD NACIONAL DE SALUD PUBLICA,CIMITARRA,ADMINISTRACION AMBIENTAL Y SANITARIA-PUERTO BERRIO,0.0571,3
ANDES,FACULTAD NACIONAL DE SALUD PUBLICA,JARDIN,ADMINISTRACION AMBIENTAL Y SANITARIA- ANDES,0.0571,3
YARUMAL,FACULTAD NACIONAL DE SALUD PUBLICA,YARUMAL,ADMINISTRACION EN SALUD-YARUMAL,0.057,3
ANDES,INSTITUTO UNIVERSITARIO DE EDUCACION FISICA Y DEPORTES,JARDIN,LICENCIATURA EN EDUCACION FISICA - ANDES,0.057,3
APARTADO,FACULTAD DE ARTES,CHIGORODO,LICENCIATURA EN ARTES PLASTICAS-APARTADO,0.0569,3
SONSON,FACULTAD NACIONAL DE SALUD PUBLICA,MEDELLIN,ADMINISTRACION EN SALUD - SONSON,0.0569,3
STAFEANT,FACULTAD DE CIENCIAS ECONOMICAS,SABANALARGA,GESTION EN ECOLOGIA Y TURISMO - SANTAFE DE ANTIOQUIA,0.0569,3
TURBO,FACULTAD DE EDUCACION,APARTADO,LICENCIATURA EN EDUCACION INFANTIL-TURBO,0.0569,3
SONSON,INSTITUTO UNIVERSITARIO DE EDUCACION FISICA Y DEPORTES,NARINO,LICENCIATURA EN EDUCACION FISICA - SONSON,0.0568,3
STAFEANT,INSTITUTO UNIVERSITARIO DE EDUCACION FISICA Y DEPORTES,DABEIBA,LICENCIATURA EN EDUCACION FISICA - SANTA FE DE ANTIOQUIA,0.0568,3
P-BERRIO,FACULTAD NACIONAL DE SALUD PUBLICA,CIMITARRA,ADMINISTRACION AMBIENTAL Y SANITARIA-PUERTO BERRIO,0.0568,3
P-BERRIO,FACULTAD NACIONAL DE SALUD PUBLICA,PUERTO BERRIO,ADMINISTRACION AMBIENTAL Y SANITARIA-PUERTO BERRIO,0.0567,3
CARMENVI,FACULTAD DE EDUCACION,LA CEJA,LICENCIATURA EN MATEMATICAS-CARMEN DE VIBORAL,0.0567,3
P-BERRIO,FACULTAD NACIONAL DE SALUD PUBLICA,PUERTO BERRIO,ADMINISTRACION AMBIENTAL Y SANITARIA-PUERTO BERRIO,0.0567,3
CAREPA,INSTITUTO UNIVERSITARIO DE EDUCACION FISICA Y DEPORTES,CHIGORODO,LICENCIATURA EN EDUCACION FISICA - CAREPA,0.0566,3
ANDES,FACULTAD DE EDUCACION,ANDES,LICENCIATURA EN EDUCACION ESPECIAL - ANDES,0.0566,3
YARUMAL,FACULTAD DE COMUNICACIONES Y FILOLOGIA,YARUMAL,COMUNICACION SOCIAL - PERIODISMO YARUMAL,0.0564,3
YARUMAL,FACULTAD DE EDUCACION,YARUMAL,LICENCIATURA EN MATEMATICAS-YARUMAL,0.0562,3
CARMENVI,FACULTAD DE MEDICINA,LA CEJA,TECNOLOGIA EN ATENCION PREHOSPITALARIA- CARMEN DE VIBORAL,0.0562,3
CARMENVI,FACULTAD DE MEDICINA,EL CARMEN DE VIBORAL,TECNOLOGIA EN ATENCION PREHOSPITALARIA- CARMEN DE VIBORAL,0.0562,3
ANDES,INSTITUTO UNIVERSITARIO DE EDUCACION FISICA Y DEPORTES,HISPANIA,LICENCIATURA EN EDUCACION FISICA - ANDES,0.0561,3
TURBO,FACULTAD DE EDUCACION,APARTADO,LICENCIATURA EN EDUCACION INFANTIL-TURBO,0.0561,3
CARMENVI,FACULTAD DE ARTES,RIONEGRO,LICENCIATURA EN MUSICA-CARMEN DE VIBORAL,0.0561,3
ANDES,FACULTAD DE EDUCACION,ANDES,LICENCIATURA EN EDUCACION ESPECIAL - ANDES,0.0561,3
CARMENVI,FACULTAD DE EDUCACION,LA CEJA,LICENCIATURA EN EDUCACION INFANTIL-CARMEN DE VIBORAL,0.056,3
CAUCASIA,FACULTAD DE DERECHO Y CIENCIAS POLITICAS,CAUCASIA,DERECHO - CAUCASIA,0.056,3
ANDES,INSTITUTO UNIVERSITARIO DE EDUCACION FISICA Y DEPORTES,CIUDAD BOLIVAR,LICENCIATURA EN EDUCACION FISICA - ANDES,0.056,3
APARTADO,FACULTAD NACIONAL DE SALUD PUBLICA,SINCELEJO,ADMINISTRACION EN SALUD - APARTADO,0.0559,3
APARTADO,ESCUELA DE MICROBIOLOGIA,TURBO,MICROBIOLOGIA INDUSTRIAL Y AMBIENTAL-URABA (APARTADO),0.0559,3
CARMENVI,FACULTAD DE EDUCACION,RETIRO,LICENCIATURA EN EDUCACION INFANTIL-CARMEN DE VIBORAL,0.0559,3
CAUCASIA,FACULTAD DE CIENCIAS ECONOMICAS,CAUCASIA,ADMINISTRACION DE EMPRESAS - CAUCASIA,0.0558,3
TURBO,FACULTAD DE CIENCIAS ECONOMICAS,CHIGORODO,ADMINISTRACION DE EMPRESAS - TURBO,0.0558,3
YARUMAL,FACULTAD NACIONAL DE SALUD PUBLICA,ANGOSTURA,ADMINISTRACION EN SALUD-YARUMAL,0.0558,3
ANDES,INSTITUTO UNIVERSITARIO DE EDUCACION FISICA Y DEPORTES,JARDIN,LICENCIATURA EN EDUCACION FISICA - ANDES,0.0558,3
CARMENVI,FACULTAD DE CIENCIAS FARMACEUTICAS Y ALIMENTARIAS,EL CARMEN DE VIBORAL,INGENIERIA DE ALIMENTOS - CARMEN DE VIBORAL,0.0557,3
P-BERRIO,FACULTAD NACIONAL DE SALUD PUBLICA,PUERTO BERRIO,ADMINISTRACION AMBIENTAL Y SANITARIA-PUERTO BERRIO,0.0557,3
SONSON,FACULTAD NACIONAL DE SALUD PUBLICA,NARINO,ADMINISTRACION EN SALUD - SONSON,0.0557,3
ANDES,INSTITUTO UNIVERSITARIO DE EDUCACION FISICA Y DEPORTES,ANDES,LICENCIATURA EN EDUCACION FISICA - ANDES,0.0556,3
CAREPA,INSTITUTO UNIVERSITARIO DE EDUCACION FISICA Y DEPORTES,APARTADO,LICENCIATURA EN EDUCACION FISICA - CAREPA,0.0555,3
P-BERRIO,INSTITUTO UNIVERSITARIO DE EDUCACION FISICA Y DEPORTES,PUERTO NARE,LICENCIATURA EN EDUCACION FISICA - PUERTO BERRIO,0.0555,3
SONSON,FACULTAD NACIONAL DE SALUD PUBLICA,SONSON,ADMINISTRACION EN SALUD - SONSON,0.0555,3
TURBO,FACULTAD DE EDUCACION,APARTADO,LICENCIATURA EN CIENCIAS NATURALES-TURBO,0.0554,3
APARTADO,FACULTAD DE CIENCIAS ECONOMICAS,APARTADO,GESTION EN ECOLOGIA Y TURISMO - APARTADO,0.0554,3
TURBO,FACULTAD DE CIENCIAS ECONOMICAS,TURBO,ADMINISTRACION DE EMPRESAS - TURBO,0.0554,3
SONSON,FACULTAD NACIONAL DE SALUD PUBLICA,SONSON,ADMINISTRACION EN SALUD - SONSON,0.0554,3
P-BERRIO,FACULTAD DE CIENCIAS FARMACEUTICAS Y ALIMENTARIAS,PUERTO BERRIO,TECNOLOGIA EN REGENCIA DE FARMACIA - PUERTO BERRIO,0.0553,3
APARTADO,FACULTAD DE EDUCACION,APARTADO,LICENCIATURA EN EDUCACION ESPECIAL - APARTADO,0.0553,3
ANDES,FACULTAD NACIONAL DE SALUD PUBLICA,ANDES,ADMINISTRACION AMBIENTAL Y SANITARIA- ANDES,0.0553,3
CARMENVI,FACULTAD DE ARTES,MARINILLA,LICENCIATURA EN MUSICA-CARMEN DE VIBORAL,0.0553,3
CARMENVI,FACULTAD DE ARTES,NECHI,LICENCIATURA EN ARTES PLASTICAS - CARMEN DE VIBORAL,0.0552,3
APARTADO,FACULTAD DE ARTES,APARTADO,LICENCIATURA EN ARTES PLASTICAS-APARTADO,0.0552,3
CAUCASIA,FACULTAD DE EDUCACION,CAUCASIA,LICENCIATURA EN EDUCACION INFANTIL - CAUCASIA,0.0552,3
CARMENVI,FACULTAD DE CIENCIAS ECONOMICAS,LA CEJA,GESTION EN ECOLOGIA Y TURISMO - CARMEN DE VIBORAL,0.0552,3
ANDES,FACULTAD NACIONAL DE SALUD PUBLICA,ANDES,ADMINISTRACION AMBIENTAL Y SANITARIA- ANDES,0.0551,3
CARMENVI,FACULTAD DE EDUCACION,RIONEGRO,LICENCIATURA EN CIENCIAS SOCIALES-CARMEN DE VIBORAL,0.0551,3
CARMENVI,INSTITUTO DE FILOSOFIA,RIONEGRO,LICENCIATURA EN FILOSOFIA - CARMEN DE VIBORAL,0.0551,3
APARTADO,FACULTAD NACIONAL DE SALUD PUBLICA,APARTADO,GERENCIA EN SISTEMAS DE INFORMACION EN SALUD - APARTADO,0.0551,3
APARTADO,FACULTAD DE CIENCIAS SOCIALES Y HUMANAS,APARTADO,TRABAJO SOCIAL-URABA (APARTADO),0.055,3
CARMENVI,FACULTAD DE ARTES,LA UNION,GESTION CULTURAL - CARMEN DE VIBORAL,0.055,3
TURBO,FACULTAD DE CIENCIAS FARMACEUTICAS Y ALIMENTARIAS,TURBO,TECNOLOGIA EN REGENCIA DE FARMACIA - TURBO,0.0548,3
CARMENVI,FACULTAD DE EDUCACION,RIONEGRO,LICENCIATURA EN LITERATURA Y LENGUA CASTELLANA-CV,0.0548,3
SONSON,FACULTAD NACIONAL DE SALUD PUBLICA,SONSON,ADMINISTRACION EN SALUD - SONSON,0.0547,3
CARMENVI,FACULTAD DE CIENCIAS ECONOMICAS,RIONEGRO,CONTADURIA PUBLICA - CARMEN DE VIBORAL,0.0546,3
CARMENVI,FACULTAD DE EDUCACION,LA CEJA,LICENCIATURA EN MATEMATICAS-CARMEN DE VIBORAL,0.0546,3
ANDES,FACULTAD DE EDUCACION,HISPANIA,LICENCIATURA EN EDUCACION ESPECIAL - ANDES,0.0545,3
STAFEANT,FACULTAD DE CIENCIAS ECONOMICAS,SANTAFE DE ANTIOQUIA,CONTADURIA PUBLICA- SANTA FE DE ANTIOQUIA,0.0545,3
CARMENVI,FACULTAD DE ARTES,LA CEJA,LICENCIATURA EN MUSICA-CARMEN DE VIBORAL,0.0545,3
CARMENVI,FACULTAD DE EDUCACION,EL SANTUARIO,LICENCIATURA EN EDUCACION INFANTIL-CARMEN DE VIBORAL,0.0545,3
TURBO,FACULTAD DE CIENCIAS FARMACEUTICAS Y ALIMENTARIAS,UNGUIA,TECNOLOGIA EN REGENCIA DE FARMACIA - TURBO,0.0545,3
TURBO,FACULTAD DE CIENCIAS ECONOMICAS,TURBO,ADMINISTRACION DE EMPRESAS - TURBO,0.0544,3
CAUCASIA,INSTITUTO UNIVERSITARIO DE EDUCACION FISICA Y DEPORTES,EL BAGRE,LICENCIATURA EN EDUCACION FISICA - CAUCASIA,0.0543,3
STAFEANT,FACULTAD DE ARTES,SANTAFE DE ANTIOQUIA,GESTION CULTURAL - SANTA FE DE ANTIOQUIA,0.0543,3
SONSON,FACULTAD NACIONAL DE SALUD PUBLICA,SONSON,ADMINISTRACION EN SALUD - SONSON,0.0543,3
ANDES,FACULTAD DE EDUCACION,HISPANIA,LICENCIATURA EN LITERATURA Y LENGUA CASTELLANA-ANDES,0.0542,3
APARTADO,FACULTAD NACIONAL DE SALUD PUBLICA,CAREPA,ADMINISTRACION EN SALUD - APARTADO,0.0541,3
ANDES,FACULTAD DE EDUCACION,ANDES,LICENCIATURA EN EDUCACION ESPECIAL - ANDES,0.0541,3
APARTADO,FACULTAD DE ARTES,SAN JUAN DE URABA,LICENCIATURA EN DANZA -APARTADO,0.0541,3
CARMENVI,FACULTAD DE EDUCACION,LA CEJA,LICENCIATURA EN EDUCACION INFANTIL-CARMEN DE VIBORAL,0.054,3
ANDES,INSTITUTO UNIVERSITARIO DE EDUCACION FISICA Y DEPORTES,ANDES,LICENCIATURA EN EDUCACION FISICA - ANDES,0.054,3
ANDES,FACULTAD DE EDUCACION,ANDES,LICENCIATURA EN LITERATURA Y LENGUA CASTELLANA-ANDES,0.054,3
P-BERRIO,FACULTAD DE CIENCIAS FARMACEUTICAS Y ALIMENTARIAS,PUERTO BERRIO,TECNOLOGIA EN REGENCIA DE FARMACIA - PUERTO BERRIO,0.054,3
APARTADO,FACULTAD DE ARTES,TURBO,LICENCIATURA EN DANZA -APARTADO,0.0538,3
APARTADO,FACULTAD DE EDUCACION,APARTADO,LICENCIATURA EN EDUCACION ESPECIAL - APARTADO,0.0537,3
TURBO,FACULTAD DE CIENCIAS ECONOMICAS,TURBO,ADMINISTRACION DE EMPRESAS - TURBO,0.0536,3
CAUCASIA,FACULTAD DE CIENCIAS ECONOMICAS,CAUCASIA,ADMINISTRACION DE EMPRESAS - CAUCASIA,0.0536,3
SONSON,FACULTAD NACIONAL DE SALUD PUBLICA,SONSON,ADMINISTRACION EN SALUD - SONSON,0.0536,3
CAUCASIA,FACULTAD NACIONAL DE SALUD PUBLICA,MEDELLIN,ADMINISTRACION EN SALUD-CAUCASIA,0.0534,3
CARMENVI,FACULTAD DE EDUCACION,EL CARMEN DE VIBORAL,LICENCIATURA EN LITERATURA Y LENGUA CASTELLANA-CV,0.0534,3
ANDES,FACULTAD NACIONAL DE SALUD PUBLICA,ANDES,ADMINISTRACION AMBIENTAL Y SANITARIA- ANDES,0.0534,3
CARMENVI,FACULTAD DE ARTES,MARINILLA,LICENCIATURA EN DANZA -CARMEN DE VIBORAL,0.0534,3
CARMENVI,FACULTAD DE ARTES,EL CARMEN DE VIBORAL,LICENCIATURA EN MUSICA-CARMEN DE VIBORAL,0.0534,3
CARMENVI,FACULTAD DE CIENCIAS FARMACEUTICAS Y ALIMENTARIAS,LIBORINA,INGENIERIA DE ALIMENTOS - CARMEN DE VIBORAL,0.0534,3
P-BERRIO,FACULTAD DE CIENCIAS ECONOMICAS,PUERTO BERRIO,GESTION EN ECOLOGIA Y TURISMO - PUERTO BERRIO,0.0534,3
YARUMAL,FACULTAD DE EDUCACION,YARUMAL,LICENCIATURA EN CIENCIAS NATURALES- YARUMAL,0.0533,3
TURBO,FACULTAD DE COMUNICACIONES Y FILOLOGIA,TURBO,COMUNICACION SOCIAL - PERIODISMO TURBO,0.0533,3
STAFEANT,FACULTAD DE CIENCIAS FARMACEUTICAS Y ALIMENTARIAS,LIBORINA,TECNOLOGIA EN REGENCIA DE FARMACIA - SANTA FE DE ANTIOQUIA,0.0532,3
ANDES,FACULTAD DE EDUCACION,CIUDAD BOLIVAR,LICENCIATURA EN LITERATURA Y LENGUA CASTELLANA-ANDES,0.0532,3
TURBO,FACULTAD DE EDUCACION,CHIGORODO,LICENCIATURA EN MATEMATICAS-TURBO,0.053,3
CARMENVI,FACULTAD DE EDUCACION,MARINILLA,LICENCIATURA EN CIENCIAS NATURALES-CARMEN DE VIBORAL,0.053,3
YARUMAL,FACULTAD NACIONAL DE SALUD PUBLICA,YARUMAL,ADMINISTRACION EN SALUD-YARUMAL,0.053,3
CAUCASIA,FACULTAD DE DERECHO Y CIENCIAS POLITICAS,CAUCASIA,DERECHO - CAUCASIA,0.0529,3
APARTADO,FACULTAD DE ARTES,CAREPA,LICENCIATURA EN ARTES PLASTICAS-APARTADO,0.0529,3
CARMENVI,FACULTAD DE ARTES,RETIRO,LICENCIATURA EN DANZA -CARMEN DE VIBORAL,0.0528,3
APARTADO,FACULTAD DE ARTES,TURBO,LICENCIATURA EN MUSICA - APARTADO,0.0527,3
CARMENVI,FACULTAD DE EDUCACION,LA CEJA,PEDAGOGIA EN RURALIDAD Y PAZ -CARMEN DE VIBORAL,0.0525,3
SONSON,FACULTAD NACIONAL DE SALUD PUBLICA,SONSON,ADMINISTRACION EN SALUD - SONSON,0.0525,3
CAREPA,INSTITUTO UNIVERSITARIO DE EDUCACION FISICA Y DEPORTES,CAREPA,LICENCIATURA EN EDUCACION FISICA - CAREPA,0.0524,3
ANDES,INSTITUTO UNIVERSITARIO DE EDUCACION FISICA Y DEPORTES,BETANIA,LICENCIATURA EN EDUCACION FISICA - ANDES,0.0524,3
CAUCASIA,FACULTAD DE CIENCIAS ECONOMICAS,CAUCASIA,CONTADURIA PUBLICA- CAUCASIA,0.0524,3
P-BERRIO,FACULTAD DE CIENCIAS FARMACEUTICAS Y ALIMENTARIAS,PUERTO BERRIO,TECNOLOGIA EN REGENCIA DE FARMACIA - PUERTO BERRIO,0.0523,3
YARUMAL,FACULTAD DE EDUCACION,YARUMAL,LICENCIATURA EN CIENCIAS NATURALES- YARUMAL,0.0523,3
APARTADO,FACULTAD NACIONAL DE SALUD PUBLICA,APARTADO,GERENCIA EN SISTEMAS DE INFORMACION EN SALUD - APARTADO,0.0522,3
CAUCASIA,INSTITUTO UNIVERSITARIO DE EDUCACION FISICA Y DEPORTES,PUERTO LIBERTADOR,LICENCIATURA EN EDUCACION FISICA - CAUCASIA,0.0522,3
CAUCASIA,FACULTAD DE DERECHO Y CIENCIAS POLITICAS,CAUCASIA,DERECHO - CAUCASIA,0.0522,3
SONSON,FACULTAD NACIONAL DE SALUD PUBLICA,SONSON,ADMINISTRACION EN SALUD - SONSON,0.0522,3
CAREPA,INSTITUTO UNIVERSITARIO DE EDUCACION FISICA Y DEPORTES,CAREPA,LICENCIATURA EN EDUCACION FISICA - CAREPA,0.0521,3
CARMENVI,FACULTAD DE EDUCACION,MARINILLA,LICENCIATURA EN LITERATURA Y LENGUA CASTELLANA-CV,0.052,3
CARMENVI,FACULTAD DE CIENCIAS ECONOMICAS,RIONEGRO,CONTADURIA PUBLICA - CARMEN DE VIBORAL,0.052,3
YARUMAL,INSTITUTO UNIVERSITARIO DE EDUCACION FISICA Y DEPORTES,ANGOSTURA,LICENCIATURA EN EDUCACION FISICA - YARUMAL,0.0519,3
CARMENVI,FACULTAD DE CIENCIAS FARMACEUTICAS Y ALIMENTARIAS,SAN LUIS,TECNOLOGIA EN REGENCIA DE FARMACIA - CARMEN DE VIBORAL,0.0519,3
ANDES,INSTITUTO UNIVERSITARIO DE EDUCACION FISICA Y DEPORTES,HISPANIA,LICENCIATURA EN EDUCACION FISICA - ANDES,0.0519,3
APARTADO,FACULTAD DE CIENCIAS ECONOMICAS,APARTADO,GESTION EN ECOLOGIA Y TURISMO - APARTADO,0.0518,3
ANDES,FACULTAD DE EDUCACION,ANDES,LICENCIATURA EN LITERATURA Y LENGUA CASTELLANA-ANDES,0.0518,3
STAFEANT,FACULTAD DE COMUNICACIONES Y FILOLOGIA,BELLO,COMUNICACION SOCIAL - PERIODISMO SANTA FE DE ANTIOQUIA,0.0518,3
TURBO,FACULTAD DE EDUCACION,APARTADO,LICENCIATURA EN MATEMATICAS-TURBO,0.0518,3
CARMENVI,FACULTAD DE EDUCACION,SAN CARLOS,LICENCIATURA EN EDUCACION ESPECIAL - CARMEN DE VIBORAL,0.0517,3
CARMENVI,FACULTAD NACIONAL DE SALUD PUBLICA,LA CEJA,ADMINISTRACION AMBIENTAL Y SANITARIA-CARMEN DE VIBORAL,0.0517,3
ANDES,INSTITUTO UNIVERSITARIO DE EDUCACION FISICA Y DEPORTES,CONCORDIA,LICENCIATURA EN EDUCACION FISICA - ANDES,0.0517,3
CAUCASIA,INSTITUTO UNIVERSITARIO DE EDUCACION FISICA Y DEPORTES,MONTELIBANO,LICENCIATURA EN EDUCACION FISICA - CAUCASIA,0.0516,3
CARMENVI,FACULTAD DE EDUCACION,EL CARMEN DE VIBORAL,LICENCIATURA EN LITERATURA Y LENGUA CASTELLANA-CV,0.0516,3
CARMENVI,FACULTAD DE EDUCACION,EL CARMEN DE VIBORAL,LICENCIATURA EN EDUCACION INFANTIL-CARMEN DE VIBORAL,0.0516,3
SONSON,INSTITUTO UNIVERSITARIO DE EDUCACION FISICA Y DEPORTES,NARINO,LICENCIATURA EN EDUCACION FISICA - SONSON,0.0515,3
CARMENVI,FACULTAD DE ARTES,MEDELLIN,LICENCIATURA EN DANZA -CARMEN DE VIBORAL,0.0515,3
ANDES,FACULTAD DE CIENCIAS FARMACEUTICAS Y ALIMENTARIAS,JARDIN,TECNOLOGIA EN REGENCIA DE FARMACIA - ANDES,0.0514,3
ANDES,FACULTAD NACIONAL DE SALUD PUBLICA,BETANIA,ADMINISTRACION AMBIENTAL Y SANITARIA- ANDES,0.0514,3
APARTADO,FACULTAD NACIONAL DE SALUD PUBLICA,APARTADO,GERENCIA EN SISTEMAS DE INFORMACION EN SALUD - APARTADO,0.0513,3
APARTADO,FACULTAD DE CIENCIAS ECONOMICAS,NECOCLI,GESTION EN ECOLOGIA Y TURISMO - APARTADO,0.0513,3
APARTADO,FACULTAD NACIONAL DE SALUD PUBLICA,APARTADO,GERENCIA EN SISTEMAS DE INFORMACION EN SALUD - APARTADO,0.0513,3
CAUCASIA,FACULTAD DE DERECHO Y CIENCIAS POLITICAS,FUNZA,DERECHO - CAUCASIA,0.0512,3
P-BERRIO,FACULTAD DE CIENCIAS FARMACEUTICAS Y ALIMENTARIAS,PUERTO BERRIO,TECNOLOGIA EN REGENCIA DE FARMACIA - PUERTO BERRIO,0.0512,3
APARTADO,FACULTAD DE CIENCIAS ECONOMICAS,APARTADO,GESTION EN ECOLOGIA Y TURISMO - APARTADO,0.0512,3
CARMENVI,FACULTAD DE MEDICINA,RIONEGRO,TECNOLOGIA EN ATENCION PREHOSPITALARIA- CARMEN DE VIBORAL,0.0512,3
ANDES,INSTITUTO UNIVERSITARIO DE EDUCACION FISICA Y DEPORTES,CIUDAD BOLIVAR,LICENCIATURA EN EDUCACION FISICA - ANDES,0.0512,3
APARTADO,FACULTAD DE CIENCIAS ECONOMICAS,APARTADO,CONTADURIA PUBLICA- URABA (APARTADO),0.0511,3
CARMENVI,FACULTAD DE EDUCACION,EL PENOL,LICENCIATURA EN CIENCIAS NATURALES-CARMEN DE VIBORAL,0.0511,3
CARMENVI,FACULTAD DE EDUCACION,RIONEGRO,LICENCIATURA EN EDUCACION INFANTIL-CARMEN DE VIBORAL,0.051,3
TURBO,FACULTAD DE CIENCIAS FARMACEUTICAS Y ALIMENTARIAS,CHIGORODO,TECNOLOGIA EN REGENCIA DE FARMACIA - TURBO,0.0509,3
ANDES,FACULTAD DE DERECHO Y CIENCIAS POLITICAS,RIONEGRO,DERECHO - ANDES,0.0509,3
P-BERRIO,ESCUELA INTERAMERICANA DE BIBLIOTECOLOGIA,PUERTO BERRIO,ARCHIVISTICA - PUERTO BERRIO,0.0508,3
CARMENVI,FACULTAD DE MEDICINA,MEDELLIN,TECNOLOGIA EN ATENCION PREHOSPITALARIA- CARMEN DE VIBORAL,0.0508,3
TURBO,FACULTAD DE COMUNICACIONES Y FILOLOGIA,TURBO,COMUNICACION SOCIAL - PERIODISMO TURBO,0.0508,3
YARUMAL,FACULTAD DE ARTES,YARUMAL,GESTION CULTURAL - YARUMAL,0.0508,3
CAUCASIA,FACULTAD DE CIENCIAS SOCIALES Y HUMANAS,CAUCASIA,TRABAJO SOCIAL - CAUCASIA,0.0507,3
CAUCASIA,FACULTAD NACIONAL DE SALUD PUBLICA,CAUCASIA,ADMINISTRACION EN SALUD-CAUCASIA,0.0507,3
CARMENVI,FACULTAD DE ARTES,GUARNE,LICENCIATURA EN MUSICA-CARMEN DE VIBORAL,0.0506,3
SEGOVIA,FACULTAD NACIONAL DE SALUD PUBLICA,SEGOVIA,ADMINISTRACION AMBIENTAL Y SANITARIA- SEGOVIA,0.0505,3
CAUCASIA,FACULTAD NACIONAL DE SALUD PUBLICA,CACERES,ADMINISTRACION EN SALUD-CAUCASIA,0.0505,3
TURBO,FACULTAD NACIONAL DE SALUD PUBLICA,APARTADO,ADMINISTRACION AMBIENTAL Y SANITARIA- TURBO,0.0504,3
CARMENVI,ESCUELA DE NUTRICION Y DIETETICA,RIONEGRO,NUTRICION Y DIETETICA - CARMEN DE VIBORAL,0.0504,3
CAUCASIA,FACULTAD DE EDUCACION,CAUCASIA,LICENCIATURA EN EDUCACION INFANTIL - CAUCASIA,0.0503,3
TURBO,FACULTAD DE CIENCIAS ECONOMICAS,APARTADO,ADMINISTRACION DE EMPRESAS - TURBO,0.0503,3
YARUMAL,INSTITUTO UNIVERSITARIO DE EDUCACION FISICA Y DEPORTES,SANTA ROSA DE OSOS,LICENCIATURA EN EDUCACION FISICA - YARUMAL,0.0503,3
CARMENVI,FACULTAD DE EDUCACION,EL CARMEN DE VIBORAL,LICENCIATURA EN LITERATURA Y LENGUA CASTELLANA-CV,0.0502,3
CARMENVI,FACULTAD DE MEDICINA,GUARNE,TECNOLOGIA EN ATENCION PREHOSPITALARIA- CARMEN DE VIBORAL,0.0502,3
SONSON,INSTITUTO UNIVERSITARIO DE EDUCACION FISICA Y DEPORTES,SONSON,LICENCIATURA EN EDUCACION FISICA - SONSON,0.0502,3
APARTADO,FACULTAD DE ARTES,CHIGORODO,LICENCIATURA EN ARTES PLASTICAS-APARTADO,0.0501,3
ANDES,INSTITUTO UNIVERSITARIO DE EDUCACION FISICA Y DEPORTES,ANDES,LICENCIATURA EN EDUCACION FISICA - ANDES,0.0501,3
APARTADO,FACULTAD DE CIENCIAS SOCIALES Y HUMANAS,CHIGORODO,TRABAJO SOCIAL-URABA (APARTADO),0.0501,3
CARMENVI,FACULTAD DE CIENCIAS FARMACEUTICAS Y ALIMENTARIAS,BELLO,CIENCIAS CULINARIAS - CARMEN DE VIBORAL,0.0501,3
APARTADO,FACULTAD DE ARTES,NECOCLI,LICENCIATURA EN DANZA -APARTADO,0.0501,3
CAUCASIA,FACULTAD DE EDUCACION,PLANETA RICA,LICENCIATURA EN EDUCACION INFANTIL - CAUCASIA,0.05,3
ANDES,INSTITUTO UNIVERSITARIO DE EDUCACION FISICA Y DEPORTES,CIUDAD BOLIVAR,LICENCIATURA EN EDUCACION FISICA - ANDES,0.05,3
CARMENVI,INSTITUTO DE FILOSOFIA,GUARNE,LICENCIATURA EN FILOSOFIA - CARMEN DE VIBORAL,0.05,3
CARMENVI,FACULTAD DE ARTES,RIONEGRO,GESTION CULTURAL - CARMEN DE VIBORAL,0.0499,3
CARMENVI,INSTITUTO UNIVERSITARIO DE EDUCACION FISICA Y DEPORTES,LA UNION,LICENCIATURA EN EDUCACION FISICA - CARMEN DE VIBORAL,0.0499,3
APARTADO,FACULTAD DE CIENCIAS ECONOMICAS,TURBO,GESTION EN ECOLOGIA Y TURISMO - APARTADO,0.0498,3
TURBO,FACULTAD DE EDUCACION,APARTADO,LICENCIATURA EN CIENCIAS NATURALES-TURBO,0.0498,3
TURBO,FACULTAD DE EDUCACION,TURBO,LICENCIATURA EN EDUCACION INFANTIL-TURBO,0.0498,3
APARTADO,FACULTAD DE EDUCACION,APARTADO,LICENCIATURA EN EDUCACION ESPECIAL - APARTADO,0.0497,3
CARMENVI,FACULTAD DE CIENCIAS ECONOMICAS,RIONEGRO,DESARROLLO TERRITORIAL- CARMEN DE VIBORAL,0.0497,3
CARMENVI,FACULTAD DE CIENCIAS SOCIALES Y HUMANAS,MEDELLIN,PSICOLOGIA - CARMEN DE VIBORAL,0.0497,3
CARMENVI,FACULTAD DE CIENCIAS ECONOMICAS,GUATAPE,DESARROLLO TERRITORIAL- CARMEN DE VIBORAL,0.0497,3
ANDES,FACULTAD DE EDUCACION,ANDES,LICENCIATURA EN LITERATURA Y LENGUA CASTELLANA-ANDES,0.0496,3
CAUCASIA,INSTITUTO UNIVERSITARIO DE EDUCACION FISICA Y DEPORTES,CAUCASIA,LICENCIATURA EN EDUCACION FISICA - CAUCASIA,0.0496,3
P-BERRIO,FACULTAD NACIONAL DE SALUD PUBLICA,PUERTO BERRIO,ADMINISTRACION AMBIENTAL Y SANITARIA-PUERTO BERRIO,0.0496,3
CAREPA,INSTITUTO UNIVERSITARIO DE EDUCACION FISICA Y DEPORTES,CAREPA,LICENCIATURA EN EDUCACION FISICA - CAREPA,0.0496,3
APARTADO,FACULTAD DE CIENCIAS ECONOMICAS,TURBO,GESTION EN ECOLOGIA Y TURISMO - APARTADO,0.0495,3
CARMENVI,FACULTAD DE EDUCACION,RIONEGRO,LICENCIATURA EN EDUCACION INFANTIL-CARMEN DE VIBORAL,0.0495,3
STAFEANT,FACULTAD DE CIENCIAS ECONOMICAS,SANTAFE DE ANTIOQUIA,CONTADURIA PUBLICA- SANTA FE DE ANTIOQUIA,0.0495,3
YARUMAL,FACULTAD DE ARTES,SANTA ROSA DE OSOS,GESTION CULTURAL - YARUMAL,0.0495,3
APARTADO,FACULTAD NACIONAL DE SALUD PUBLICA,APARTADO,GERENCIA EN SISTEMAS DE INFORMACION EN SALUD - APARTADO,0.0494,3
APARTADO,FACULTAD DE ARTES,APARTADO,LICENCIATURA EN ARTES PLASTICAS-APARTADO,0.0494,3
CARMENVI,FACULTAD DE CIENCIAS FARMACEUTICAS Y ALIMENTARIAS,MARINILLA,TECNOLOGIA EN REGENCIA DE FARMACIA - CARMEN DE VIBORAL,0.0494,3
CARMENVI,FACULTAD DE CIENCIAS ECONOMICAS,BARANOA,GESTION EN ECOLOGIA Y TURISMO - CARMEN DE VIBORAL,0.0494,3
CARMENVI,FACULTAD DE MEDICINA,LA UNION,TECNOLOGIA EN ATENCION PREHOSPITALARIA- CARMEN DE VIBORAL,0.0493,3
CARMENVI,FACULTAD DE CIENCIAS FARMACEUTICAS Y ALIMENTARIAS,LA CEJA,INGENIERIA DE ALIMENTOS - CARMEN DE VIBORAL,0.0492,3
SONSON,INSTITUTO UNIVERSITARIO DE EDUCACION FISICA Y DEPORTES,SONSON,LICENCIATURA EN EDUCACION FISICA - SONSON,0.0492,3
CARMENVI,FACULTAD DE CIENCIAS FARMACEUTICAS Y ALIMENTARIAS,RIONEGRO,INGENIERIA DE ALIMENTOS - CARMEN DE VIBORAL,0.0492,3
CARMENVI,FACULTAD DE EDUCACION,RIONEGRO,LICENCIATURA EN EDUCACION INFANTIL-CARMEN DE VIBORAL,0.0492,3
YARUMAL,INSTITUTO UNIVERSITARIO DE EDUCACION FISICA Y DEPORTES,ENTRERRIOS,LICENCIATURA EN EDUCACION FISICA - YARUMAL,0.0491,3
APARTADO,FACULTAD DE EDUCACION,CHIGORODO,LICENCIATURA EN EDUCACION ESPECIAL - APARTADO,0.0491,3
CARMENVI,INSTITUTO DE FILOSOFIA,RIONEGRO,LICENCIATURA EN FILOSOFIA - CARMEN DE VIBORAL,0.0491,3
YARUMAL,INSTITUTO UNIVERSITARIO DE EDUCACION FISICA Y DEPORTES,YARUMAL,LICENCIATURA EN EDUCACION FISICA - YARUMAL,0.0491,3
SONSON,FACULTAD NACIONAL DE SALUD PUBLICA,SONSON,ADMINISTRACION EN SALUD - SONSON,0.049,3
CARMENVI,FACULTAD DE EDUCACION,MARINILLA,PEDAGOGIA EN RURALIDAD Y PAZ -CARMEN DE VIBORAL,0.049,3
CAUCASIA,FACULTAD DE CIENCIAS SOCIALES Y HUMANAS,LA APARTADA,TRABAJO SOCIAL - CAUCASIA,0.049,3
CAUCASIA,FACULTAD DE CIENCIAS ECONOMICAS,CAUCASIA,ADMINISTRACION DE EMPRESAS - CAUCASIA,0.0489,3
YARUMAL,FACULTAD DE COMUNICACIONES Y FILOLOGIA,YARUMAL,COMUNICACION SOCIAL - PERIODISMO YARUMAL,0.0489,3
TURBO,FACULTAD DE COMUNICACIONES Y FILOLOGIA,APARTADO,COMUNICACION SOCIAL - PERIODISMO TURBO,0.0489,3
ANDES,FACULTAD DE CIENCIAS FARMACEUTICAS Y ALIMENTARIAS,ANDES,TECNOLOGIA EN REGENCIA DE FARMACIA - ANDES,0.0488,3
TURBO,FACULTAD DE COMUNICACIONES Y FILOLOGIA,APARTADO,COMUNICACION SOCIAL - PERIODISMO TURBO,0.0488,3
APARTADO,FACULTAD DE CIENCIAS ECONOMICAS,APARTADO,GESTION EN ECOLOGIA Y TURISMO - APARTADO,0.0487,3
CAUCASIA,FACULTAD DE DERECHO Y CIENCIAS POLITICAS,MONTELIBANO,DERECHO - CAUCASIA,0.0487,3
APARTADO,FACULTAD NACIONAL DE SALUD PUBLICA,APARTADO,GERENCIA EN SISTEMAS DE INFORMACION EN SALUD - APARTADO,0.0486,3
P-BERRIO,INSTITUTO UNIVERSITARIO DE EDUCACION FISICA Y DEPORTES,MEDELLIN,LICENCIATURA EN EDUCACION FISICA - PUERTO BERRIO,0.0485,3
YARUMAL,FACULTAD DE COMUNICACIONES Y FILOLOGIA,YARUMAL,COMUNICACION SOCIAL - PERIODISMO YARUMAL,0.0485,3
CARMENVI,FACULTAD DE ARTES,LA CEJA,LICENCIATURA EN ARTES PLASTICAS - CARMEN DE VIBORAL,0.0483,3
STAFEANT,FACULTAD DE CIENCIAS ECONOMICAS,SANTAFE DE ANTIOQUIA,GESTION EN ECOLOGIA Y TURISMO - SANTAFE DE ANTIOQUIA,0.0482,3
APARTADO,FACULTAD DE ARTES,APARTADO,LICENCIATURA EN MUSICA - APARTADO,0.0482,3
CARMENVI,INSTITUTO DE FILOSOFIA,EL CARMEN DE VIBORAL,LICENCIATURA EN FILOSOFIA - CARMEN DE VIBORAL,0.0482,3
CARMENVI,FACULTAD DE EDUCACION,LA CEJA,LICENCIATURA EN CIENCIAS NATURALES-CARMEN DE VIBORAL,0.0482,3
APARTADO,FACULTAD DE CIENCIAS ECONOMICAS,CAREPA,GESTION EN ECOLOGIA Y TURISMO - APARTADO,0.0481,3
CARMENVI,FACULTAD DE EDUCACION,RIONEGRO,LICENCIATURA EN EDUCACION ESPECIAL - CARMEN DE VIBORAL,0.048,3
ANDES,FACULTAD DE EDUCACION,CIUDAD BOLIVAR,LICENCIATURA EN EDUCACION ESPECIAL - ANDES,0.048,3
APARTADO,FACULTAD DE ARTES,TURBO,LICENCIATURA EN MUSICA - APARTADO,0.048,3
CARMENVI,FACULTAD NACIONAL DE SALUD PUBLICA,GUARNE,ADMINISTRACION AMBIENTAL Y SANITARIA-CARMEN DE VIBORAL,0.048,3
CARMENVI,FACULTAD DE ARTES,EL CARMEN DE VIBORAL,LICENCIATURA EN MUSICA-CARMEN DE VIBORAL,0.048,3
YARUMAL,FACULTAD NACIONAL DE SALUD PUBLICA,SANTA ROSA DE OSOS,ADMINISTRACION EN SALUD-YARUMAL,0.0479,3
CAUCASIA,INSTITUTO UNIVERSITARIO DE EDUCACION FISICA Y DEPORTES,CAUCASIA,LICENCIATURA EN EDUCACION FISICA - CAUCASIA,0.0479,3
APARTADO,FACULTAD NACIONAL DE SALUD PUBLICA,NECOCLI,ADMINISTRACION EN SALUD - APARTADO,0.0479,3
APARTADO,FACULTAD DE ARTES,CHIGORODO,LICENCIATURA EN DANZA -APARTADO,0.0478,3
APARTADO,FACULTAD NACIONAL DE SALUD PUBLICA,CHIGORODO,ADMINISTRACION EN SALUD - APARTADO,0.0478,3
YARUMAL,FACULTAD DE COMUNICACIONES Y FILOLOGIA,YARUMAL,COMUNICACION SOCIAL - PERIODISMO YARUMAL,0.0478,3
CARMENVI,FACULTAD DE EDUCACION,EL CARMEN DE VIBORAL,LICENCIATURA EN LITERATURA Y LENGUA CASTELLANA-CV,0.0478,3
CARMENVI,FACULTAD DE ARTES,RIONEGRO,LICENCIATURA EN MUSICA-CARMEN DE VIBORAL,0.0477,3
TURBO,FACULTAD DE CIENCIAS ECONOMICAS,APARTADO,ADMINISTRACION DE EMPRESAS - TURBO,0.0477,3
P-BERRIO,FACULTAD DE CIENCIAS FARMACEUTICAS Y ALIMENTARIAS,PUERTO BERRIO,TECNOLOGIA EN REGENCIA DE FARMACIA - PUERTO BERRIO,0.0476,3
P-BERRIO,FACULTAD DE CIENCIAS ECONOMICAS,PUERTO BERRIO,GESTION EN ECOLOGIA Y TURISMO - PUERTO BERRIO,0.0475,3
CARMENVI,FACULTAD DE EDUCACION,EL CARMEN DE VIBORAL,LICENCIATURA EN CIENCIAS NATURALES-CARMEN DE VIBORAL,0.0475,3
CAREPA,INSTITUTO UNIVERSITARIO DE EDUCACION FISICA Y DEPORTES,APARTADO,LICENCIATURA EN EDUCACION FISICA - CAREPA,0.0474,3
CAUCASIA,INSTITUTO UNIVERSITARIO DE EDUCACION FISICA Y DEPORTES,CAUCASIA,LICENCIATURA EN EDUCACION FISICA - CAUCASIA,0.0474,3
CAUCASIA,FACULTAD DE CIENCIAS ECONOMICAS,MONTELIBANO,CONTADURIA PUBLICA- CAUCASIA,0.0474,3
ANDES,FACULTAD DE EDUCACION,ANDES,LICENCIATURA EN EDUCACION ESPECIAL - ANDES,0.0474,3
CARMENVI,FACULTAD DE MEDICINA,GUARNE,TECNOLOGIA EN ATENCION PREHOSPITALARIA- CARMEN DE VIBORAL,0.0473,3
STAFEANT,FACULTAD NACIONAL DE SALUD PUBLICA,SANTAFE DE ANTIOQUIA,ADMINISTRACION EN SALUD - SANTA FE,0.0473,3
APARTADO,ESCUELA INTERAMERICANA DE BIBLIOTECOLOGIA,NECOCLI,ARCHIVISTICA - APARTADO,0.0471,3
CAREPA,INSTITUTO UNIVERSITARIO DE EDUCACION FISICA Y DEPORTES,APARTADO,LICENCIATURA EN EDUCACION FISICA - CAREPA,0.0471,3
CAUCASIA,FACULTAD DE CIENCIAS SOCIALES Y HUMANAS,CAUCASIA,TRABAJO SOCIAL - CAUCASIA,0.047,3
APARTADO,FACULTAD NACIONAL DE SALUD PUBLICA,APARTADO,GERENCIA EN SISTEMAS DE INFORMACION EN SALUD - APARTADO,0.047,3
CAUCASIA,FACULTAD DE DERECHO Y CIENCIAS POLITICAS,CAUCASIA,DERECHO - CAUCASIA,0.047,3
APARTADO,FACULTAD NACIONAL DE SALUD PUBLICA,TURBO,ADMINISTRACION EN SALUD - APARTADO,0.047,3
SONSON,INSTITUTO UNIVERSITARIO DE EDUCACION FISICA Y DEPORTES,ARGELIA,LICENCIATURA EN EDUCACION FISICA - SONSON,0.0469,3
YARUMAL,INSTITUTO UNIVERSITARIO DE EDUCACION FISICA Y DEPORTES,VALDIVIA,LICENCIATURA EN EDUCACION FISICA - YARUMAL,0.0469,3
APARTADO,FACULTAD DE CIENCIAS ECONOMICAS,APARTADO,CONTADURIA PUBLICA- URABA (APARTADO),0.0469,3
CAUCASIA,INSTITUTO UNIVERSITARIO DE EDUCACION FISICA Y DEPORTES,CAUCASIA,LICENCIATURA EN EDUCACION FISICA - CAUCASIA,0.0469,3
CAUCASIA,FACULTAD NACIONAL DE SALUD PUBLICA,CAUCASIA,ADMINISTRACION EN SALUD-CAUCASIA,0.0469,3
CARMENVI,FACULTAD DE EDUCACION,TIERRALTA,LICENCIATURA EN EDUCACION ESPECIAL - CARMEN DE VIBORAL,0.0469,3
STAFEANT,FACULTAD DE CIENCIAS ECONOMICAS,BURITICA,GESTION EN ECOLOGIA Y TURISMO - SANTAFE DE ANTIOQUIA,0.0469,3
STAFEANT,FACULTAD NACIONAL DE SALUD PUBLICA,SOPETRAN,ADMINISTRACION EN SALUD - SANTA FE,0.0468,3
CARMENVI,FACULTAD DE CIENCIAS FARMACEUTICAS Y ALIMENTARIAS,EL CARMEN DE VIBORAL,TECNOLOGIA EN REGENCIA DE FARMACIA - CARMEN DE VIBORAL,0.0468,3
CARMENVI,FACULTAD NACIONAL DE SALUD PUBLICA,LA CEJA,ADMINISTRACION AMBIENTAL Y SANITARIA-CARMEN DE VIBORAL,0.0468,3
CARMENVI,FACULTAD DE EDUCACION,MARINILLA,LICENCIATURA EN CIENCIAS NATURALES-CARMEN DE VIBORAL,0.0467,3
CARMENVI,FACULTAD DE EDUCACION,RIONEGRO,LICENCIATURA EN EDUCACION ESPECIAL - CARMEN DE VIBORAL,0.0467,3
ANDES,INSTITUTO UNIVERSITARIO DE EDUCACION FISICA Y DEPORTES,ANDES,LICENCIATURA EN EDUCACION FISICA - ANDES,0.0466,3
TURBO,FACULTAD NACIONAL DE SALUD PUBLICA,TURBO,ADMINISTRACION AMBIENTAL Y SANITARIA- TURBO,0.0466,3
CARMENVI,FACULTAD DE ARTES,LA CEJA,LICENCIATURA EN MUSICA-CARMEN DE VIBORAL,0.0465,3
APARTADO,FACULTAD DE CIENCIAS ECONOMICAS,TURBO,CONTADURIA PUBLICA- URABA (APARTADO),0.0465,3
CARMENVI,FACULTAD NACIONAL DE SALUD PUBLICA,LA UNION,ADMINISTRACION AMBIENTAL Y SANITARIA-CARMEN DE VIBORAL,0.0465,3
TURBO,FACULTAD DE CIENCIAS FARMACEUTICAS Y ALIMENTARIAS,CAREPA,TECNOLOGIA EN REGENCIA DE FARMACIA - TURBO,0.0465,3
CARMENVI,FACULTAD DE MEDICINA,LA CEJA,TECNOLOGIA EN ATENCION PREHOSPITALARIA- CARMEN DE VIBORAL,0.0464,3
CAUCASIA,FACULTAD DE CIENCIAS ECONOMICAS,CAUCASIA,ADMINISTRACION DE EMPRESAS - CAUCASIA,0.0464,3
STAFEANT,INSTITUTO UNIVERSITARIO DE EDUCACION FISICA Y DEPORTES,SAN JERONIMO,LICENCIATURA EN EDUCACION FISICA - SANTA FE DE ANTIOQUIA,0.0463,2
P-BERRIO,FACULTAD NACIONAL DE SALUD PUBLICA,PUERTO BERRIO,ADMINISTRACION AMBIENTAL Y SANITARIA-PUERTO BERRIO,0.0463,2
CARMENVI,FACULTAD DE ARTES,EL CARMEN DE VIBORAL,LICENCIATURA EN MUSICA-CARMEN DE VIBORAL,0.0462,2
CAUCASIA,FACULTAD NACIONAL DE SALUD PUBLICA,AYAPEL,ADMINISTRACION EN SALUD-CAUCASIA,0.0462,2
P-BERRIO,FACULTAD NACIONAL DE SALUD PUBLICA,PUERTO BERRIO,ADMINISTRACION AMBIENTAL Y SANITARIA-PUERTO BERRIO,0.0461,2
APARTADO,FACULTAD DE ARTES,CAREPA,LICENCIATURA EN MUSICA - APARTADO,0.0461,2
APARTADO,FACULTAD DE CIENCIAS ECONOMICAS,TURBO,GESTION EN ECOLOGIA Y TURISMO - APARTADO,0.046,2
CARMENVI,FACULTAD DE EDUCACION,LA CEJA,LICENCIATURA EN CIENCIAS SOCIALES-CARMEN DE VIBORAL,0.046,2
SONSON,FACULTAD NACIONAL DE SALUD PUBLICA,SONSON,ADMINISTRACION EN SALUD - SONSON,0.046,2
APARTADO,FACULTAD DE EDUCACION,APARTADO,LICENCIATURA EN EDUCACION ESPECIAL - APARTADO,0.046,2
CARMENVI,ESCUELA DE NUTRICION Y DIETETICA,RETIRO,NUTRICION Y DIETETICA - CARMEN DE VIBORAL,0.046,2
ANDES,FACULTAD DE EDUCACION,MEDELLIN,LICENCIATURA EN EDUCACION ESPECIAL - ANDES,0.046,2
TURBO,FACULTAD DE COMUNICACIONES Y FILOLOGIA,APARTADO,COMUNICACION SOCIAL - PERIODISMO TURBO,0.046,2
CARMENVI,FACULTAD DE ARTES,LA UNION,LICENCIATURA EN MUSICA-CARMEN DE VIBORAL,0.046,2
APARTADO,FACULTAD NACIONAL DE SALUD PUBLICA,TURBO,ADMINISTRACION EN SALUD - APARTADO,0.0459,2
CARMENVI,FACULTAD DE CIENCIAS FARMACEUTICAS Y ALIMENTARIAS,EL CARMEN DE VIBORAL,TECNOLOGIA EN REGENCIA DE FARMACIA - CARMEN DE VIBORAL,0.0459,2
SONSON,FACULTAD DE EDUCACION,SONSON,LICENCIATURA EN LITERATURA Y LENGUA CASTELLANA SONSON,0.0459,2
CARMENVI,FACULTAD NACIONAL DE SALUD PUBLICA,LA CEJA,ADMINISTRACION AMBIENTAL Y SANITARIA-CARMEN DE VIBORAL,0.0459,2
APARTADO,FACULTAD NACIONAL DE SALUD PUBLICA,CHIGORODO,GERENCIA EN SISTEMAS DE INFORMACION EN SALUD - APARTADO,0.0459,2
P-BERRIO,FACULTAD NACIONAL DE SALUD PUBLICA,PUERTO BERRIO,ADMINISTRACION AMBIENTAL Y SANITARIA-PUERTO BERRIO,0.0458,2
CARMENVI,FACULTAD DE CIENCIAS ECONOMICAS,SAN RAFAEL,GESTION EN ECOLOGIA Y TURISMO - CARMEN DE VIBORAL,0.0458,2
APARTADO,FACULTAD DE ARTES,APARTADO,LICENCIATURA EN ARTES PLASTICAS-APARTADO,0.0458,2
CARMENVI,FACULTAD NACIONAL DE SALUD PUBLICA,LA CEJA,ADMINISTRACION AMBIENTAL Y SANITARIA-CARMEN DE VIBORAL,0.0458,2
APARTADO,FACULTAD DE ARTES,COPACABANA,LICENCIATURA EN ARTES PLASTICAS-APARTADO,0.0457,2
APARTADO,FACULTAD DE INGENIERIA,SAN PEDRO DE URABA,INGENIERIA SANITARIA-APARTADO,0.0457,2
CARMENVI,ESCUELA DE NUTRICION Y DIETETICA,GUARNE,NUTRICION Y DIETETICA - CARMEN DE VIBORAL,0.0456,2
ANDES,INSTITUTO UNIVERSITARIO DE EDUCACION FISICA Y DEPORTES,ANDES,LICENCIATURA EN EDUCACION FISICA - ANDES,0.0456,2
YARUMAL,INSTITUTO UNIVERSITARIO DE EDUCACION FISICA Y DEPORTES,CAMPAMENTO,LICENCIATURA EN EDUCACION FISICA - YARUMAL,0.0456,2
STAFEANT,INSTITUTO UNIVERSITARIO DE EDUCACION FISICA Y DEPORTES,GIRALDO,LICENCIATURA EN EDUCACION FISICA - SANTA FE DE ANTIOQUIA,0.0455,2
SEGOVIA,FACULTAD NACIONAL DE SALUD PUBLICA,VEGACHI,ADMINISTRACION AMBIENTAL Y SANITARIA- SEGOVIA,0.0455,2
TURBO,FACULTAD DE COMUNICACIONES Y FILOLOGIA,TURBO,COMUNICACION SOCIAL - PERIODISMO TURBO,0.0455,2
APARTADO,FACULTAD NACIONAL DE SALUD PUBLICA,CAREPA,ADMINISTRACION EN SALUD - APARTADO,0.0455,2
CAREPA,INSTITUTO UNIVERSITARIO DE EDUCACION FISICA Y DEPORTES,CHIGORODO,LICENCIATURA EN EDUCACION FISICA - CAREPA,0.0454,2
APARTADO,FACULTAD DE ARTES,CHIGORODO,LICENCIATURA EN DANZA -APARTADO,0.0454,2
CARMENVI,FACULTAD DE ARTES,RIONEGRO,LICENCIATURA EN DANZA -CARMEN DE VIBORAL,0.0453,2
CAREPA,INSTITUTO UNIVERSITARIO DE EDUCACION FISICA Y DEPORTES,CHIGORODO,LICENCIATURA EN EDUCACION FISICA - CAREPA,0.0452,2
YARUMAL,INSTITUTO UNIVERSITARIO DE EDUCACION FISICA Y DEPORTES,CAMPAMENTO,LICENCIATURA EN EDUCACION FISICA - YARUMAL,0.0452,2
TURBO,FACULTAD DE CIENCIAS FARMACEUTICAS Y ALIMENTARIAS,CHIGORODO,TECNOLOGIA EN REGENCIA DE FARMACIA - TURBO,0.0452,2
ANDES,INSTITUTO UNIVERSITARIO DE EDUCACION FISICA Y DEPORTES,ANDES,LICENCIATURA EN EDUCACION FISICA - ANDES,0.0451,2
CAREPA,INSTITUTO UNIVERSITARIO DE EDUCACION FISICA Y DEPORTES,CHIGORODO,LICENCIATURA EN EDUCACION FISICA - CAREPA,0.0451,2
CAREPA,INSTITUTO UNIVERSITARIO DE EDUCACION FISICA Y DEPORTES,CAREPA,LICENCIATURA EN EDUCACION FISICA - CAREPA,0.045,2
CAREPA,INSTITUTO UNIVERSITARIO DE EDUCACION FISICA Y DEPORTES,CHIGORODO,LICENCIATURA EN EDUCACION FISICA - CAREPA,0.0449,2
CARMENVI,FACULTAD DE EDUCACION,LA UNION,LICENCIATURA EN CIENCIAS SOCIALES-CARMEN DE VIBORAL,0.0449,2
P-BERRIO,FACULTAD DE CIENCIAS FARMACEUTICAS Y ALIMENTARIAS,PUERTO BERRIO,TECNOLOGIA EN REGENCIA DE FARMACIA - PUERTO BERRIO,0.0448,2
YARUMAL,INSTITUTO UNIVERSITARIO DE EDUCACION FISICA Y DEPORTES,YARUMAL,LICENCIATURA EN EDUCACION FISICA - YARUMAL,0.0448,2
TURBO,FACULTAD DE EDUCACION,APARTADO,LICENCIATURA EN EDUCACION INFANTIL-TURBO,0.0448,2
APARTADO,FACULTAD DE CIENCIAS SOCIALES Y HUMANAS,NECOCLI,TRABAJO SOCIAL-URABA (APARTADO),0.0447,2
APARTADO,FACULTAD DE ARTES,TURBO,LICENCIATURA EN ARTES PLASTICAS-APARTADO,0.0447,2
STAFEANT,FACULTAD NACIONAL DE SALUD PUBLICA,GIRALDO,ADMINISTRACION EN SALUD - SANTA FE,0.0447,2
CARMENVI,FACULTAD DE CIENCIAS FARMACEUTICAS Y ALIMENTARIAS,LA UNION,CIENCIAS CULINARIAS - CARMEN DE VIBORAL,0.0447,2
CARMENVI,FACULTAD DE MEDICINA,LA CEJA,TECNOLOGIA EN ATENCION PREHOSPITALARIA- CARMEN DE VIBORAL,0.0446,2
TURBO,FACULTAD DE CIENCIAS FARMACEUTICAS Y ALIMENTARIAS,CAREPA,TECNOLOGIA EN REGENCIA DE FARMACIA - TURBO,0.0446,2
CARMENVI,FACULTAD DE MEDICINA,EL CARMEN DE VIBORAL,TECNOLOGIA EN ATENCION PREHOSPITALARIA- CARMEN DE VIBORAL,0.0445,2
STAFEANT,FACULTAD DE CIENCIAS FARMACEUTICAS Y ALIMENTARIAS,SANTAFE DE ANTIOQUIA,TECNOLOGIA EN REGENCIA DE FARMACIA - SANTA FE DE ANTIOQUIA,0.0445,2
APARTADO,FACULTAD DE CIENCIAS ECONOMICAS,CHIGORODO,GESTION EN ECOLOGIA Y TURISMO - APARTADO,0.0445,2
CARMENVI,FACULTAD DE ARTES,RIONEGRO,LICENCIATURA EN MUSICA-CARMEN DE VIBORAL,0.0445,2
YARUMAL,INSTITUTO UNIVERSITARIO DE EDUCACION FISICA Y DEPORTES,CAMPAMENTO,LICENCIATURA EN EDUCACION FISICA - YARUMAL,0.0445,2
STAFEANT,FACULTAD NACIONAL DE SALUD PUBLICA,SANTAFE DE ANTIOQUIA,ADMINISTRACION EN SALUD - SANTA FE,0.0445,2
CARMENVI,FACULTAD DE EDUCACION,LA UNION,LICENCIATURA EN EDUCACION INFANTIL-CARMEN DE VIBORAL,0.0445,2
CARMENVI,FACULTAD DE ARTES,RIONEGRO,LICENCIATURA EN DANZA -CARMEN DE VIBORAL,0.0444,2
APARTADO,FACULTAD NACIONAL DE SALUD PUBLICA,NECOCLI,GERENCIA EN SISTEMAS DE INFORMACION EN SALUD - APARTADO,0.0444,2
APARTADO,FACULTAD DE ARTES,TURBO,LICENCIATURA EN ARTES PLASTICAS-APARTADO,0.0443,2
CARMENVI,FACULTAD DE ARTES,MEDELLIN,GESTION CULTURAL - CARMEN DE VIBORAL,0.0442,2
P-BERRIO,INSTITUTO UNIVERSITARIO DE EDUCACION FISICA Y DEPORTES,PUERTO BERRIO,LICENCIATURA EN EDUCACION FISICA - PUERTO BERRIO,0.0442,2
TURBO,FACULTAD DE CIENCIAS FARMACEUTICAS Y ALIMENTARIAS,TURBO,TECNOLOGIA EN REGENCIA DE FARMACIA - TURBO,0.0442,2
CARMENVI,FACULTAD NACIONAL DE SALUD PUBLICA,LA CEJA,ADMINISTRACION AMBIENTAL Y SANITARIA-CARMEN DE VIBORAL,0.0441,2
CARMENVI,FACULTAD DE ARTES,RIONEGRO,GESTION CULTURAL - CARMEN DE VIBORAL,0.0441,2
P-BERRIO,FACULTAD DE CIENCIAS FARMACEUTICAS Y ALIMENTARIAS,PUERTO BERRIO,TECNOLOGIA EN REGENCIA DE FARMACIA - PUERTO BERRIO,0.0441,2
CARMENVI,FACULTAD DE CIENCIAS ECONOMICAS,EL SANTUARIO,CONTADURIA PUBLICA - CARMEN DE VIBORAL,0.0441,2
CAUCASIA,FACULTAD DE CIENCIAS FARMACEUTICAS Y ALIMENTARIAS,CAUCASIA,TECNOLOGIA EN REGENCIA DE FARMACIA - CAUCASIA,0.0441,2
STAFEANT,INSTITUTO UNIVERSITARIO DE EDUCACION FISICA Y DEPORTES,SAN JERONIMO,LICENCIATURA EN EDUCACION FISICA - SANTA FE DE ANTIOQUIA,0.044,2
ANDES,INSTITUTO UNIVERSITARIO DE EDUCACION FISICA Y DEPORTES,ANDES,LICENCIATURA EN EDUCACION FISICA - ANDES,0.0439,2
CAUCASIA,FACULTAD DE CIENCIAS SOCIALES Y HUMANAS,TARAZA,TRABAJO SOCIAL - CAUCASIA,0.0439,2
APARTADO,FACULTAD DE ARTES,CHIGORODO,LICENCIATURA EN MUSICA - APARTADO,0.0439,2
CARMENVI,FACULTAD DE CIENCIAS ECONOMICAS,GRANADA,DESARROLLO TERRITORIAL- CARMEN DE VIBORAL,0.0438,2
CARMENVI,FACULTAD NACIONAL DE SALUD PUBLICA,LA CEJA,ADMINISTRACION AMBIENTAL Y SANITARIA-CARMEN DE VIBORAL,0.0438,2
APARTADO,FACULTAD DE CIENCIAS ECONOMICAS,APARTADO,GESTION EN ECOLOGIA Y TURISMO - APARTADO,0.0437,2
CAREPA,INSTITUTO UNIVERSITARIO DE EDUCACION FISICA Y DEPORTES,TURBO,LICENCIATURA EN EDUCACION FISICA - CAREPA,0.0437,2
CAREPA,INSTITUTO UNIVERSITARIO DE EDUCACION FISICA Y DEPORTES,TURBO,LICENCIATURA EN EDUCACION FISICA - CAREPA,0.0436,2
CAREPA,INSTITUTO UNIVERSITARIO DE EDUCACION FISICA Y DEPORTES,APARTADO,LICENCIATURA EN EDUCACION FISICA - CAREPA,0.0436,2
STAFEANT,INSTITUTO UNIVERSITARIO DE EDUCACION FISICA Y DEPORTES,BURITICA,LICENCIATURA EN EDUCACION FISICA - SANTA FE DE ANTIOQUIA,0.0436,2
APARTADO,FACULTAD DE CIENCIAS ECONOMICAS,CAREPA,CONTADURIA PUBLICA- URABA (APARTADO),0.0436,2
ANDES,INSTITUTO UNIVERSITARIO DE EDUCACION FISICA Y DEPORTES,HISPANIA,LICENCIATURA EN EDUCACION FISICA - ANDES,0.0434,2
CARMENVI,FACULTAD NACIONAL DE SALUD PUBLICA,MARINILLA,ADMINISTRACION AMBIENTAL Y SANITARIA-CARMEN DE VIBORAL,0.0434,2
CARMENVI,FACULTAD DE ARTES,EL CARMEN DE VIBORAL,LICENCIATURA EN ARTES PLASTICAS - CARMEN DE VIBORAL,0.0434,2
STAFEANT,INSTITUTO UNIVERSITARIO DE EDUCACION FISICA Y DEPORTES,BURITICA,LICENCIATURA EN EDUCACION FISICA - SANTA FE DE ANTIOQUIA,0.0434,2
ANDES,FACULTAD NACIONAL DE SALUD PUBLICA,ANDES,ADMINISTRACION AMBIENTAL Y SANITARIA- ANDES,0.0434,2
CARMENVI,FACULTAD DE CIENCIAS FARMACEUTICAS Y ALIMENTARIAS,MEDELLIN,CIENCIAS CULINARIAS - CARMEN DE VIBORAL,0.0433,2
CARMENVI,FACULTAD DE ARTES,RIONEGRO,LICENCIATURA EN DANZA -CARMEN DE VIBORAL,0.0432,2
CAUCASIA,FACULTAD NACIONAL DE SALUD PUBLICA,EL BAGRE,ADMINISTRACION EN SALUD-CAUCASIA,0.0432,2
STAFEANT,FACULTAD DE CIENCIAS FARMACEUTICAS Y ALIMENTARIAS,LIBORINA,TECNOLOGIA EN REGENCIA DE FARMACIA - SANTA FE DE ANTIOQUIA,0.0432,2
CARMENVI,FACULTAD DE ARTES,LA CEJA,LICENCIATURA EN DANZA -CARMEN DE VIBORAL,0.0431,2
TURBO,FACULTAD DE COMUNICACIONES Y FILOLOGIA,APARTADO,COMUNICACION SOCIAL - PERIODISMO TURBO,0.0431,2
ANDES,INSTITUTO UNIVERSITARIO DE EDUCACION FISICA Y DEPORTES,ANDES,LICENCIATURA EN EDUCACION FISICA - ANDES,0.0431,2
APARTADO,FACULTAD DE CIENCIAS SOCIALES Y HUMANAS,TURBO,PSICOLOGIA - URABA (APARTADO),0.0431,2
TURBO,FACULTAD NACIONAL DE SALUD PUBLICA,TURBO,ADMINISTRACION AMBIENTAL Y SANITARIA- TURBO,0.0431,2
YARUMAL,FACULTAD DE ARTES,MEDELLIN,GESTION CULTURAL - YARUMAL,0.0431,2
CARMENVI,INSTITUTO UNIVERSITARIO DE EDUCACION FISICA Y DEPORTES,RIONEGRO,LICENCIATURA EN EDUCACION FISICA - CARMEN DE VIBORAL,0.043,2
APARTADO,FACULTAD DE EDUCACION,DESCONOCIDO,LICENCIATURA EN EDUCACION ESPECIAL - APARTADO,0.043,2
ANDES,FACULTAD DE EDUCACION,ANDES,LICENCIATURA EN EDUCACION ESPECIAL - ANDES,0.043,2
APARTADO,FACULTAD DE CIENCIAS ECONOMICAS,CAREPA,GESTION EN ECOLOGIA Y TURISMO - APARTADO,0.043,2
CARMENVI,FACULTAD DE CIENCIAS ECONOMICAS,LA CEJA,GESTION EN ECOLOGIA Y TURISMO - CARMEN DE VIBORAL,0.043,2
APARTADO,FACULTAD NACIONAL DE SALUD PUBLICA,APARTADO,ADMINISTRACION EN SALUD - APARTADO,0.043,2
CARMENVI,FACULTAD DE MEDICINA,RIONEGRO,TECNOLOGIA EN ATENCION PREHOSPITALARIA- CARMEN DE VIBORAL,0.043,2
CARMENVI,FACULTAD NACIONAL DE SALUD PUBLICA,EL CARMEN DE VIBORAL,ADMINISTRACION AMBIENTAL Y SANITARIA-CARMEN DE VIBORAL,0.0429,2
CARMENVI,FACULTAD NACIONAL DE SALUD PUBLICA,EL CARMEN DE VIBORAL,ADMINISTRACION AMBIENTAL Y SANITARIA-CARMEN DE VIBORAL,0.0429,2
YARUMAL,FACULTAD DE ARTES,YARUMAL,GESTION CULTURAL - YARUMAL,0.0429,2
P-BERRIO,ESCUELA INTERAMERICANA DE BIBLIOTECOLOGIA,PUERTO BERRIO,ARCHIVISTICA - PUERTO BERRIO,0.0428,2
APARTADO,ESCUELA INTERAMERICANA DE BIBLIOTECOLOGIA,GUARNE,ARCHIVISTICA - APARTADO,0.0428,2
CARMENVI,FACULTAD DE ARTES,RIONEGRO,LICENCIATURA EN DANZA -CARMEN DE VIBORAL,0.0428,2
CAUCASIA,FACULTAD NACIONAL DE SALUD PUBLICA,CAUCASIA,ADMINISTRACION EN SALUD-CAUCASIA,0.0428,2
ANDES,INSTITUTO UNIVERSITARIO DE EDUCACION FISICA Y DEPORTES,ANDES,LICENCIATURA EN EDUCACION FISICA - ANDES,0.0428,2
ANDES,INSTITUTO UNIVERSITARIO DE EDUCACION FISICA Y DEPORTES,BETANIA,LICENCIATURA EN EDUCACION FISICA - ANDES,0.0427,2
YARUMAL,FACULTAD NACIONAL DE SALUD PUBLICA,YARUMAL,ADMINISTRACION EN SALUD-YARUMAL,0.0426,2
CARMENVI,FACULTAD DE CIENCIAS ECONOMICAS,MARINILLA,GESTION EN ECOLOGIA Y TURISMO - CARMEN DE VIBORAL,0.0426,2
STAFEANT,INSTITUTO UNIVERSITARIO DE EDUCACION FISICA Y DEPORTES,SANTAFE DE ANTIOQUIA,LICENCIATURA EN EDUCACION FISICA - SANTA FE DE ANTIOQUIA,0.0425,2
APARTADO,FACULTAD DE ARTES,CHIGORODO,LICENCIATURA EN MUSICA - APARTADO,0.0425,2
CARMENVI,FACULTAD DE CIENCIAS ECONOMICAS,LA ESTRELLA,GESTION EN ECOLOGIA Y TURISMO - CARMEN DE VIBORAL,0.0425,2
P-BERRIO,ESCUELA INTERAMERICANA DE BIBLIOTECOLOGIA,PUERTO BERRIO,ARCHIVISTICA - PUERTO BERRIO,0.0425,2
CAREPA,INSTITUTO UNIVERSITARIO DE EDUCACION FISICA Y DEPORTES,CHIGORODO,LICENCIATURA EN EDUCACION FISICA - CAREPA,0.0424,2
CARMENVI,INSTITUTO UNIVERSITARIO DE EDUCACION FISICA Y DEPORTES,ABEJORRAL,LICENCIATURA EN EDUCACION FISICA - CARMEN DE VIBORAL,0.0424,2
TURBO,FACULTAD DE EDUCACION,TURBO,LICENCIATURA EN CIENCIAS NATURALES-TURBO,0.0422,2
P-BERRIO,FACULTAD DE DERECHO Y CIENCIAS POLITICAS,BELLO,DERECHO - PUERTO BERRIO,0.0421,2
CARMENVI,FACULTAD DE CIENCIAS FARMACEUTICAS Y ALIMENTARIAS,RETIRO,INGENIERIA DE ALIMENTOS - CARMEN DE VIBORAL,0.0421,2
APARTADO,FACULTAD NACIONAL DE SALUD PUBLICA,CHIGORODO,ADMINISTRACION EN SALUD - APARTADO,0.042,2
CARMENVI,FACULTAD DE CIENCIAS FARMACEUTICAS Y ALIMENTARIAS,GRANADA,TECNOLOGIA EN REGENCIA DE FARMACIA - CARMEN DE VIBORAL,0.042,2
CARMENVI,FACULTAD DE ARTES,EL CARMEN DE VIBORAL,LICENCIATURA EN MUSICA-CARMEN DE VIBORAL,0.042,2
CAREPA,INSTITUTO UNIVERSITARIO DE EDUCACION FISICA Y DEPORTES,APARTADO,LICENCIATURA EN EDUCACION FISICA - CAREPA,0.0419,2
TURBO,FACULTAD DE COMUNICACIONES Y FILOLOGIA,APARTADO,COMUNICACION SOCIAL - PERIODISMO TURBO,0.0419,2
STAFEANT,FACULTAD NACIONAL DE SALUD PUBLICA,SANTAFE DE ANTIOQUIA,ADMINISTRACION EN SALUD - SANTA FE,0.0418,2
CAUCASIA,INSTITUTO UNIVERSITARIO DE EDUCACION FISICA Y DEPORTES,CAUCASIA,LICENCIATURA EN EDUCACION FISICA - CAUCASIA,0.0418,2
CARMENVI,INSTITUTO UNIVERSITARIO DE EDUCACION FISICA Y DEPORTES,LA UNION,LICENCIATURA EN EDUCACION FISICA - CARMEN DE VIBORAL,0.0417,2
CARMENVI,FACULTAD NACIONAL DE SALUD PUBLICA,RIONEGRO,ADMINISTRACION AMBIENTAL Y SANITARIA-CARMEN DE VIBORAL,0.0417,2
CARMENVI,FACULTAD DE CIENCIAS ECONOMICAS,SUPIA,CONTADURIA PUBLICA - CARMEN DE VIBORAL,0.0417,2
CARMENVI,FACULTAD DE CIENCIAS ECONOMICAS,EL CARMEN DE VIBORAL,GESTION EN ECOLOGIA Y TURISMO - CARMEN DE VIBORAL,0.0417,2
CARMENVI,INSTITUTO DE FILOSOFIA,EL CARMEN DE VIBORAL,LICENCIATURA EN FILOSOFIA - CARMEN DE VIBORAL,0.0417,2
CAUCASIA,FACULTAD NACIONAL DE SALUD PUBLICA,CAUCASIA,ADMINISTRACION EN SALUD-CAUCASIA,0.0416,2
APARTADO,FACULTAD DE ARTES,CAREPA,LICENCIATURA EN ARTES PLASTICAS-APARTADO,0.0416,2
P-BERRIO,INSTITUTO UNIVERSITARIO DE EDUCACION FISICA Y DEPORTES,PUERTO BERRIO,LICENCIATURA EN EDUCACION FISICA - PUERTO BERRIO,0.0416,2
CAREPA,INSTITUTO UNIVERSITARIO DE EDUCACION FISICA Y DEPORTES,CHIGORODO,LICENCIATURA EN EDUCACION FISICA - CAREPA,0.0416,2
APARTADO,FACULTAD DE INGENIERIA,APARTADO,INGENIERIA CIVIL-APARTADO,0.0416,2
CARMENVI,FACULTAD NACIONAL DE SALUD PUBLICA,RIONEGRO,ADMINISTRACION AMBIENTAL Y SANITARIA-CARMEN DE VIBORAL,0.0416,2
TURBO,FACULTAD DE CIENCIAS FARMACEUTICAS Y ALIMENTARIAS,TURBO,TECNOLOGIA EN REGENCIA DE FARMACIA - TURBO,0.0415,2
CARMENVI,FACULTAD DE CIENCIAS FARMACEUTICAS Y ALIMENTARIAS,RIONEGRO,INGENIERIA DE ALIMENTOS - CARMEN DE VIBORAL,0.0415,2
CAUCASIA,FACULTAD DE EDUCACION,LA APARTADA,LICENCIATURA EN EDUCACION INFANTIL - CAUCASIA,0.0415,2
CAUCASIA,INSTITUTO UNIVERSITARIO DE EDUCACION FISICA Y DEPORTES,ZARAGOZA,LICENCIATURA EN EDUCACION FISICA - CAUCASIA,0.0415,2
YARUMAL,INSTITUTO UNIVERSITARIO DE EDUCACION FISICA Y DEPORTES,CAMPAMENTO,LICENCIATURA EN EDUCACION FISICA - YARUMAL,0.0414,2
CARMENVI,INSTITUTO UNIVERSITARIO DE EDUCACION FISICA Y DEPORTES,RIONEGRO,LICENCIATURA EN EDUCACION FISICA - CARMEN DE VIBORAL,0.0414,2
CAUCASIA,INSTITUTO UNIVERSITARIO DE EDUCACION FISICA Y DEPORTES,CACERES,LICENCIATURA EN EDUCACION FISICA - CAUCASIA,0.0414,2
P-BERRIO,FACULTAD DE CIENCIAS FARMACEUTICAS Y ALIMENTARIAS,PUERTO BERRIO,TECNOLOGIA EN REGENCIA DE FARMACIA - PUERTO BERRIO,0.0412,2
YARUMAL,INSTITUTO UNIVERSITARIO DE EDUCACION FISICA Y DEPORTES,MEDELLIN,LICENCIATURA EN EDUCACION FISICA - YARUMAL,0.0412,2
YARUMAL,INSTITUTO UNIVERSITARIO DE EDUCACION FISICA Y DEPORTES,CAMPAMENTO,LICENCIATURA EN EDUCACION FISICA - YARUMAL,0.041,2
CAUCASIA,FACULTAD NACIONAL DE SALUD PUBLICA,CAUCASIA,ADMINISTRACION EN SALUD-CAUCASIA,0.041,2
CAREPA,INSTITUTO UNIVERSITARIO DE EDUCACION FISICA Y DEPORTES,APARTADO,LICENCIATURA EN EDUCACION FISICA - CAREPA,0.041,2
CARMENVI,FACULTAD DE CIENCIAS FARMACEUTICAS Y ALIMENTARIAS,EL CARMEN DE VIBORAL,TECNOLOGIA EN REGENCIA DE FARMACIA - CARMEN DE VIBORAL,0.0409,2
ANDES,FACULTAD DE CIENCIAS AGRARIAS,ANDES,INGENIERIA AGROPECUARIA - ANDES,0.0409,2
CARMENVI,FACULTAD DE ARTES,EL PENOL,LICENCIATURA EN DANZA -CARMEN DE VIBORAL,0.0409,2
TURBO,FACULTAD DE CIENCIAS FARMACEUTICAS Y ALIMENTARIAS,TURBO,TECNOLOGIA EN REGENCIA DE FARMACIA - TURBO,0.0408,2
STAFEANT,FACULTAD DE CIENCIAS ECONOMICAS,SANTAFE DE ANTIOQUIA,GESTION EN ECOLOGIA Y TURISMO - SANTAFE DE ANTIOQUIA,0.0406,2
APARTADO,FACULTAD DE ARTES,APARTADO,LICENCIATURA EN ARTES PLASTICAS-APARTADO,0.0406,2
ANDES,FACULTAD DE CIENCIAS FARMACEUTICAS Y ALIMENTARIAS,ANDES,TECNOLOGIA EN REGENCIA DE FARMACIA - ANDES,0.0406,2
CARMENVI,FACULTAD DE CIENCIAS FARMACEUTICAS Y ALIMENTARIAS,EL CARMEN DE VIBORAL,TECNOLOGIA EN REGENCIA DE FARMACIA - CARMEN DE VIBORAL,0.0406,2
CARMENVI,FACULTAD DE CIENCIAS ECONOMICAS,EL CARMEN DE VIBORAL,GESTION EN ECOLOGIA Y TURISMO - CARMEN DE VIBORAL,0.0406,2
APARTADO,FACULTAD NACIONAL DE SALUD PUBLICA,APARTADO,ADMINISTRACION EN SALUD - APARTADO,0.0405,2
CAREPA,INSTITUTO UNIVERSITARIO DE EDUCACION FISICA Y DEPORTES,TURBO,LICENCIATURA EN EDUCACION FISICA - CAREPA,0.0405,2
CARMENVI,FACULTAD NACIONAL DE SALUD PUBLICA,MARINILLA,ADMINISTRACION AMBIENTAL Y SANITARIA-CARMEN DE VIBORAL,0.0404,2
P-BERRIO,FACULTAD NACIONAL DE SALUD PUBLICA,PUERTO BERRIO,ADMINISTRACION AMBIENTAL Y SANITARIA-PUERTO BERRIO,0.0403,2
CARMENVI,INSTITUTO DE FILOSOFIA,SONSON,LICENCIATURA EN FILOSOFIA - CARMEN DE VIBORAL,0.0403,2
TURBO,FACULTAD DE CIENCIAS FARMACEUTICAS Y ALIMENTARIAS,TURBO,TECNOLOGIA EN REGENCIA DE FARMACIA - TURBO,0.0403,2
CARMENVI,FACULTAD DE CIENCIAS FARMACEUTICAS Y ALIMENTARIAS,MARINILLA,TECNOLOGIA EN REGENCIA DE FARMACIA - CARMEN DE VIBORAL,0.0402,2
ANDES,FACULTAD DE EDUCACION,JARDIN,LICENCIATURA EN LITERATURA Y LENGUA CASTELLANA-ANDES,0.0402,2
CAREPA,INSTITUTO UNIVERSITARIO DE EDUCACION FISICA Y DEPORTES,TURBO,LICENCIATURA EN EDUCACION FISICA - CAREPA,0.0402,2
CARMENVI,FACULTAD NACIONAL DE SALUD PUBLICA,RIONEGRO,ADMINISTRACION AMBIENTAL Y SANITARIA-CARMEN DE VIBORAL,0.0401,2
CARMENVI,FACULTAD DE ARTES,EL SANTUARIO,LICENCIATURA EN MUSICA-CARMEN DE VIBORAL,0.0401,2
ANDES,FACULTAD DE CIENCIAS FARMACEUTICAS Y ALIMENTARIAS,JARDIN,TECNOLOGIA EN REGENCIA DE FARMACIA - ANDES,0.04,2
CARMENVI,FACULTAD DE EDUCACION,EL SANTUARIO,LICENCIATURA EN CIENCIAS NATURALES-CARMEN DE VIBORAL,0.0399,2
CAREPA,INSTITUTO UNIVERSITARIO DE EDUCACION FISICA Y DEPORTES,TURBO,LICENCIATURA EN EDUCACION FISICA - CAREPA,0.0399,2
ANDES,FACULTAD DE CIENCIAS FARMACEUTICAS Y ALIMENTARIAS,ANDES,TECNOLOGIA EN REGENCIA DE FARMACIA - ANDES,0.0399,2
CARMENVI,FACULTAD NACIONAL DE SALUD PUBLICA,RIONEGRO,ADMINISTRACION AMBIENTAL Y SANITARIA-CARMEN DE VIBORAL,0.0398,2
STAFEANT,INSTITUTO UNIVERSITARIO DE EDUCACION FISICA Y DEPORTES,SOPETRAN,LICENCIATURA EN EDUCACION FISICA - SANTA FE DE ANTIOQUIA,0.0398,2
CAUCASIA,FACULTAD NACIONAL DE SALUD PUBLICA,MONTELIBANO,ADMINISTRACION EN SALUD-CAUCASIA,0.0398,2
APARTADO,FACULTAD DE INGENIERIA,APARTADO,INGENIERIA CIVIL-APARTADO,0.0398,2
ANDES,INSTITUTO UNIVERSITARIO DE EDUCACION FISICA Y DEPORTES,ANDES,LICENCIATURA EN EDUCACION FISICA - ANDES,0.0398,2
APARTADO,FACULTAD DE CIENCIAS ECONOMICAS,CAREPA,CONTADURIA PUBLICA- URABA (APARTADO),0.0397,2
CARMENVI,FACULTAD DE EDUCACION,RIONEGRO,LICENCIATURA EN LITERATURA Y LENGUA CASTELLANA-CV,0.0396,2
ANDES,ESCUELA DE MICROBIOLOGIA,JARDIN,MICROBIOLOGIA INDUSTRIAL Y AMBIENTAL-ANDES,0.0396,2
STAFEANT,FACULTAD DE CIENCIAS FARMACEUTICAS Y ALIMENTARIAS,SANTAFE DE ANTIOQUIA,TECNOLOGIA EN REGENCIA DE FARMACIA - SANTA FE DE ANTIOQUIA,0.0396,2
YARUMAL,INSTITUTO UNIVERSITARIO DE EDUCACION FISICA Y DEPORTES,YARUMAL,LICENCIATURA EN EDUCACION FISICA - YARUMAL,0.0395,2
APARTADO,ESCUELA INTERAMERICANA DE BIBLIOTECOLOGIA,CHIGORODO,ARCHIVISTICA - APARTADO,0.0395,2
TURBO,FACULTAD DE CIENCIAS FARMACEUTICAS Y ALIMENTARIAS,SAN JUAN DE URABA,TECNOLOGIA EN REGENCIA DE FARMACIA - TURBO,0.0394,2
CARMENVI,FACULTAD DE EDUCACION,EL CARMEN DE VIBORAL,LICENCIATURA EN LITERATURA Y LENGUA CASTELLANA-CV,0.0393,2
ANDES,FACULTAD DE CIENCIAS FARMACEUTICAS Y ALIMENTARIAS,ANDES,TECNOLOGIA EN REGENCIA DE FARMACIA - ANDES,0.0393,2
ANDES,FACULTAD NACIONAL DE SALUD PUBLICA,ANDES,ADMINISTRACION AMBIENTAL Y SANITARIA- ANDES,0.0393,2
CARMENVI,FACULTAD DE CIENCIAS FARMACEUTICAS Y ALIMENTARIAS,EL CARMEN DE VIBORAL,TECNOLOGIA EN REGENCIA DE FARMACIA - CARMEN DE VIBORAL,0.0392,2
YARUMAL,FACULTAD DE COMUNICACIONES Y FILOLOGIA,YARUMAL,COMUNICACION SOCIAL - PERIODISMO YARUMAL,0.0392,2
P-BERRIO,INSTITUTO UNIVERSITARIO DE EDUCACION FISICA Y DEPORTES,PUERTO BERRIO,LICENCIATURA EN EDUCACION FISICA - PUERTO BERRIO,0.0392,2
CARMENVI,FACULTAD DE ARTES,EL CARMEN DE VIBORAL,LICENCIATURA EN MUSICA-CARMEN DE VIBORAL,0.0391,2
YARUMAL,INSTITUTO UNIVERSITARIO DE EDUCACION FISICA Y DEPORTES,SANTA ROSA DE OSOS,LICENCIATURA EN EDUCACION FISICA - YARUMAL,0.0391,2
ANDES,FACULTAD DE DERECHO Y CIENCIAS POLITICAS,ANDES,DERECHO - ANDES,0.039,2
P-BERRIO,INSTITUTO UNIVERSITARIO DE EDUCACION FISICA Y DEPORTES,PUERTO BERRIO,LICENCIATURA EN EDUCACION FISICA - PUERTO BERRIO,0.039,2
CARMENVI,INSTITUTO UNIVERSITARIO DE EDUCACION FISICA Y DEPORTES,EL CARMEN DE VIBORAL,LICENCIATURA EN EDUCACION FISICA - CARMEN DE VIBORAL,0.039,2
ANDES,INSTITUTO UNIVERSITARIO DE EDUCACION FISICA Y DEPORTES,ANDES,LICENCIATURA EN EDUCACION FISICA - ANDES,0.039,2
YARUMAL,FACULTAD DE ARTES,YARUMAL,GESTION CULTURAL - YARUMAL,0.039,2
APARTADO,FACULTAD DE ARTES,TURBO,LICENCIATURA EN ARTES PLASTICAS-APARTADO,0.0389,2
CARMENVI,FACULTAD DE MEDICINA,RIONEGRO,TECNOLOGIA EN ATENCION PREHOSPITALARIA- CARMEN DE VIBORAL,0.0389,2
CARMENVI,INSTITUTO UNIVERSITARIO DE EDUCACION FISICA Y DEPORTES,RIONEGRO,LICENCIATURA EN EDUCACION FISICA - CARMEN DE VIBORAL,0.0389,2
ANDES,INSTITUTO UNIVERSITARIO DE EDUCACION FISICA Y DEPORTES,CIUDAD BOLIVAR,LICENCIATURA EN EDUCACION FISICA - ANDES,0.0388,2
CAREPA,INSTITUTO UNIVERSITARIO DE EDUCACION FISICA Y DEPORTES,SAN JUAN DE URABA,LICENCIATURA EN EDUCACION FISICA - CAREPA,0.0388,2
STAFEANT,FACULTAD DE CIENCIAS FARMACEUTICAS Y ALIMENTARIAS,SANTAFE DE ANTIOQUIA,TECNOLOGIA EN REGENCIA DE FARMACIA - SANTA FE DE ANTIOQUIA,0.0388,2
ANDES,FACULTAD DE CIENCIAS FARMACEUTICAS Y ALIMENTARIAS,ANDES,TECNOLOGIA EN REGENCIA DE FARMACIA - ANDES,0.0387,2
TURBO,FACULTAD DE CIENCIAS FARMACEUTICAS Y ALIMENTARIAS,TURBO,TECNOLOGIA EN REGENCIA DE FARMACIA - TURBO,0.0387,2
APARTADO,FACULTAD DE CIENCIAS ECONOMICAS,CHIGORODO,CONTADURIA PUBLICA- URABA (APARTADO),0.0387,2
TURBO,FACULTAD DE COMUNICACIONES Y FILOLOGIA,UNGUIA,COMUNICACION SOCIAL - PERIODISMO TURBO,0.0386,2
TURBO,FACULTAD DE COMUNICACIONES Y FILOLOGIA,TURBO,COMUNICACION SOCIAL - PERIODISMO TURBO,0.0385,2
CARMENVI,FACULTAD DE CIENCIAS ECONOMICAS,RIONEGRO,DESARROLLO TERRITORIAL- CARMEN DE VIBORAL,0.0385,2
ANDES,INSTITUTO UNIVERSITARIO DE EDUCACION FISICA Y DEPORTES,CIUDAD BOLIVAR,LICENCIATURA EN EDUCACION FISICA - ANDES,0.0385,2
CAREPA,INSTITUTO UNIVERSITARIO DE EDUCACION FISICA Y DEPORTES,APARTADO,LICENCIATURA EN EDUCACION FISICA - CAREPA,0.0385,2
CARMENVI,FACULTAD DE EDUCACION,LA CEJA,LICENCIATURA EN LITERATURA Y LENGUA CASTELLANA-CV,0.0384,2
CAUCASIA,FACULTAD DE DERECHO Y CIENCIAS POLITICAS,CACERES,DERECHO - CAUCASIA,0.0384,2
CAREPA,INSTITUTO UNIVERSITARIO DE EDUCACION FISICA Y DEPORTES,SAN PEDRO DE URABA,LICENCIATURA EN EDUCACION FISICA - CAREPA,0.0384,2
CAUCASIA,FACULTAD DE DERECHO Y CIENCIAS POLITICAS,LA APARTADA,DERECHO - CAUCASIA,0.0383,2
APARTADO,FACULTAD DE ARTES,NECOCLI,LICENCIATURA EN ARTES PLASTICAS-APARTADO,0.0383,2
APARTADO,FACULTAD NACIONAL DE SALUD PUBLICA,CAREPA,GERENCIA EN SISTEMAS DE INFORMACION EN SALUD - APARTADO,0.0383,2
CARMENVI,INSTITUTO UNIVERSITARIO DE EDUCACION FISICA Y DEPORTES,RIONEGRO,LICENCIATURA EN EDUCACION FISICA - CARMEN DE VIBORAL,0.0383,2
CARMENVI,FACULTAD DE CIENCIAS FARMACEUTICAS Y ALIMENTARIAS,JARDIN,CIENCIAS CULINARIAS - CARMEN DE VIBORAL,0.0382,2
CARMENVI,FACULTAD DE CIENCIAS FARMACEUTICAS Y ALIMENTARIAS,IPIALES,CIENCIAS CULINARIAS - CARMEN DE VIBORAL,0.0382,2
CARMENVI,FACULTAD DE ARTES,RIONEGRO,LICENCIATURA EN DANZA -CARMEN DE VIBORAL,0.0382,2
APARTADO,FACULTAD NACIONAL DE SALUD PUBLICA,NECOCLI,GERENCIA EN SISTEMAS DE INFORMACION EN SALUD - APARTADO,0.0381,2
CAREPA,INSTITUTO UNIVERSITARIO DE EDUCACION FISICA Y DEPORTES,ARBOLETES,LICENCIATURA EN EDUCACION FISICA - CAREPA,0.0381,2
CARMENVI,INSTITUTO UNIVERSITARIO DE EDUCACION FISICA Y DEPORTES,RIONEGRO,LICENCIATURA EN EDUCACION FISICA - CARMEN DE VIBORAL,0.0381,2
CARMENVI,FACULTAD DE EDUCACION,LA CEJA,LICENCIATURA EN LITERATURA Y LENGUA CASTELLANA-CV,0.038,2
CAUCASIA,FACULTAD DE DERECHO Y CIENCIAS POLITICAS,CAUCASIA,DERECHO - CAUCASIA,0.038,2
CAREPA,INSTITUTO UNIVERSITARIO DE EDUCACION FISICA Y DEPORTES,CHIGORODO,LICENCIATURA EN EDUCACION FISICA - CAREPA,0.0379,2
CARMENVI,FACULTAD DE CIENCIAS FARMACEUTICAS Y ALIMENTARIAS,MARINILLA,TECNOLOGIA EN REGENCIA DE FARMACIA - CARMEN DE VIBORAL,0.0379,2
CARMENVI,FACULTAD DE EDUCACION,LA CEJA,LICENCIATURA EN EDUCACION INFANTIL-CARMEN DE VIBORAL,0.0379,2
CARMENVI,FACULTAD NACIONAL DE SALUD PUBLICA,GRANADA,ADMINISTRACION AMBIENTAL Y SANITARIA-CARMEN DE VIBORAL,0.0379,2
TURBO,FACULTAD DE CIENCIAS FARMACEUTICAS Y ALIMENTARIAS,APARTADO,TECNOLOGIA EN REGENCIA DE FARMACIA - TURBO,0.0378,2
STAFEANT,INSTITUTO UNIVERSITARIO DE EDUCACION FISICA Y DEPORTES,MEDELLIN,LICENCIATURA EN EDUCACION FISICA - SANTA FE DE ANTIOQUIA,0.0378,2
STAFEANT,FACULTAD NACIONAL DE SALUD PUBLICA,SANTAFE DE ANTIOQUIA,ADMINISTRACION EN SALUD - SANTA FE,0.0378,2
TURBO,FACULTAD DE COMUNICACIONES Y FILOLOGIA,TURBO,COMUNICACION SOCIAL - PERIODISMO TURBO,0.0378,2
CAUCASIA,FACULTAD DE DERECHO Y CIENCIAS POLITICAS,CAUCASIA,DERECHO - CAUCASIA,0.0378,2
CARMENVI,FACULTAD DE ARTES,SAN RAFAEL,LICENCIATURA EN DANZA -CARMEN DE VIBORAL,0.0378,2
P-BERRIO,INSTITUTO UNIVERSITARIO DE EDUCACION FISICA Y DEPORTES,PUERTO BERRIO,LICENCIATURA EN EDUCACION FISICA - PUERTO BERRIO,0.0378,2
P-BERRIO,FACULTAD DE CIENCIAS ECONOMICAS,PUERTO BERRIO,GESTION EN ECOLOGIA Y TURISMO - PUERTO BERRIO,0.0377,2
CAREPA,INSTITUTO UNIVERSITARIO DE EDUCACION FISICA Y DEPORTES,APARTADO,LICENCIATURA EN EDUCACION FISICA - CAREPA,0.0377,2
CARMENVI,FACULTAD NACIONAL DE SALUD PUBLICA,ABEJORRAL,ADMINISTRACION AMBIENTAL Y SANITARIA-CARMEN DE VIBORAL,0.0377,2
CARMENVI,ESCUELA DE NUTRICION Y DIETETICA,LA UNION,NUTRICION Y DIETETICA - CARMEN DE VIBORAL,0.0377,2
CARMENVI,ESCUELA DE NUTRICION Y DIETETICA,LA UNION,NUTRICION Y DIETETICA - CARMEN DE VIBORAL,0.0376,2
P-BERRIO,INSTITUTO UNIVERSITARIO DE EDUCACION FISICA Y DEPORTES,PUERTO BERRIO,LICENCIATURA EN EDUCACION FISICA - PUERTO BERRIO,0.0376,2
CAREPA,INSTITUTO UNIVERSITARIO DE EDUCACION FISICA Y DEPORTES,CHIGORODO,LICENCIATURA EN EDUCACION FISICA - CAREPA,0.0376,2
CARMENVI,FACULTAD DE EDUCACION,LA CEJA,LICENCIATURA EN CIENCIAS NATURALES-CARMEN DE VIBORAL,0.0375,2
CAUCASIA,FACULTAD DE DERECHO Y CIENCIAS POLITICAS,CAUCASIA,DERECHO - CAUCASIA,0.0375,2
CAUCASIA,FACULTAD DE DERECHO Y CIENCIAS POLITICAS,CAUCASIA,DERECHO - CAUCASIA,0.0375,2
ANDES,INSTITUTO UNIVERSITARIO DE EDUCACION FISICA Y DEPORTES,ANDES,LICENCIATURA EN EDUCACION FISICA - ANDES,0.0375,2
CARMENVI,FACULTAD DE CIENCIAS FARMACEUTICAS Y ALIMENTARIAS,LA UNION,TECNOLOGIA EN REGENCIA DE FARMACIA - CARMEN DE VIBORAL,0.0374,2
CAREPA,INSTITUTO UNIVERSITARIO DE EDUCACION FISICA Y DEPORTES,TURBO,LICENCIATURA EN EDUCACION FISICA - CAREPA,0.0374,2
SONSON,INSTITUTO UNIVERSITARIO DE EDUCACION FISICA Y DEPORTES,SONSON,LICENCIATURA EN EDUCACION FISICA - SONSON,0.0374,2
APARTADO,FACULTAD DE ARTES,CAREPA,LICENCIATURA EN ARTES PLASTICAS-APARTADO,0.0374,2
P-BERRIO,FACULTAD DE CIENCIAS FARMACEUTICAS Y ALIMENTARIAS,PUERTO BERRIO,TECNOLOGIA EN REGENCIA DE FARMACIA - PUERTO BERRIO,0.0373,2
CARMENVI,FACULTAD DE EDUCACION,LA CEJA,LICENCIATURA EN CIENCIAS SOCIALES-CARMEN DE VIBORAL,0.0372,2
CAUCASIA,FACULTAD DE CIENCIAS ECONOMICAS,CACERES,ADMINISTRACION DE EMPRESAS - CAUCASIA,0.0372,2
CAREPA,INSTITUTO UNIVERSITARIO DE EDUCACION FISICA Y DEPORTES,CHIGORODO,LICENCIATURA EN EDUCACION FISICA - CAREPA,0.0371,2
YARUMAL,INSTITUTO UNIVERSITARIO DE EDUCACION FISICA Y DEPORTES,ANGOSTURA,LICENCIATURA EN EDUCACION FISICA - YARUMAL,0.0371,2
YARUMAL,INSTITUTO UNIVERSITARIO DE EDUCACION FISICA Y DEPORTES,YARUMAL,LICENCIATURA EN EDUCACION FISICA - YARUMAL,0.0371,2
APARTADO,FACULTAD DE CIENCIAS ECONOMICAS,APARTADO,GESTION EN ECOLOGIA Y TURISMO - APARTADO,0.0371,2
APARTADO,FACULTAD NACIONAL DE SALUD PUBLICA,APARTADO,GERENCIA EN SISTEMAS DE INFORMACION EN SALUD - APARTADO,0.0371,2
CARMENVI,FACULTAD DE CIENCIAS FARMACEUTICAS Y ALIMENTARIAS,RIONEGRO,INGENIERIA DE ALIMENTOS - CARMEN DE VIBORAL,0.0371,2
TURBO,FACULTAD DE COMUNICACIONES Y FILOLOGIA,TURBO,COMUNICACION SOCIAL - PERIODISMO TURBO,0.0371,2
ANDES,FACULTAD DE EDUCACION,PUERTO SALGAR,LICENCIATURA EN EDUCACION ESPECIAL - ANDES,0.037,2
P-BERRIO,FACULTAD DE CIENCIAS FARMACEUTICAS Y ALIMENTARIAS,PUERTO BERRIO,TECNOLOGIA EN REGENCIA DE FARMACIA - PUERTO BERRIO,0.037,2
YARUMAL,INSTITUTO UNIVERSITARIO DE EDUCACION FISICA Y DEPORTES,YARUMAL,LICENCIATURA EN EDUCACION FISICA - YARUMAL,0.0369,2
SONSON,INSTITUTO UNIVERSITARIO DE EDUCACION FISICA Y DEPORTES,SONSON,LICENCIATURA EN EDUCACION FISICA - SONSON,0.0369,2
ANDES,INSTITUTO UNIVERSITARIO DE EDUCACION FISICA Y DEPORTES,ANDES,LICENCIATURA EN EDUCACION FISICA - ANDES,0.0369,2
YARUMAL,INSTITUTO UNIVERSITARIO DE EDUCACION FISICA Y DEPORTES,YARUMAL,LICENCIATURA EN EDUCACION FISICA - YARUMAL,0.0369,2
YARUMAL,INSTITUTO UNIVERSITARIO DE EDUCACION FISICA Y DEPORTES,YARUMAL,LICENCIATURA EN EDUCACION FISICA - YARUMAL,0.0369,2
CARMENVI,FACULTAD DE EDUCACION,ABEJORRAL,LICENCIATURA EN CIENCIAS NATURALES-CARMEN DE VIBORAL,0.0369,2
APARTADO,FACULTAD DE CIENCIAS ECONOMICAS,APARTADO,CONTADURIA PUBLICA- URABA (APARTADO),0.0368,2
CARMENVI,INSTITUTO DE FILOSOFIA,LA UNION,LICENCIATURA EN FILOSOFIA - CARMEN DE VIBORAL,0.0368,2
TURBO,FACULTAD DE COMUNICACIONES Y FILOLOGIA,APARTADO,COMUNICACION SOCIAL - PERIODISMO TURBO,0.0367,2
CARMENVI,FACULTAD DE ARTES,LA CEJA,LICENCIATURA EN DANZA -CARMEN DE VIBORAL,0.0367,2
CARMENVI,FACULTAD DE CIENCIAS ECONOMICAS,RIONEGRO,CONTADURIA PUBLICA - CARMEN DE VIBORAL,0.0367,2
ANDES,INSTITUTO UNIVERSITARIO DE EDUCACION FISICA Y DEPORTES,BETANIA,LICENCIATURA EN EDUCACION FISICA - ANDES,0.0367,2
P-BERRIO,FACULTAD NACIONAL DE SALUD PUBLICA,PUERTO BERRIO,ADMINISTRACION AMBIENTAL Y SANITARIA-PUERTO BERRIO,0.0367,2
TURBO,FACULTAD DE CIENCIAS FARMACEUTICAS Y ALIMENTARIAS,APARTADO,TECNOLOGIA EN REGENCIA DE FARMACIA - TURBO,0.0366,2
P-BERRIO,FACULTAD DE CIENCIAS FARMACEUTICAS Y ALIMENTARIAS,PUERTO BERRIO,TECNOLOGIA EN REGENCIA DE FARMACIA - PUERTO BERRIO,0.0366,2
CAREPA,INSTITUTO UNIVERSITARIO DE EDUCACION FISICA Y DEPORTES,APARTADO,LICENCIATURA EN EDUCACION FISICA - CAREPA,0.0365,2
TURBO,FACULTAD NACIONAL DE SALUD PUBLICA,ACANDI,ADMINISTRACION AMBIENTAL Y SANITARIA- TURBO,0.0365,2
STAFEANT,INSTITUTO UNIVERSITARIO DE EDUCACION FISICA Y DEPORTES,SANTAFE DE ANTIOQUIA,LICENCIATURA EN EDUCACION FISICA - SANTA FE DE ANTIOQUIA,0.0365,2
CARMENVI,FACULTAD NACIONAL DE SALUD PUBLICA,RIONEGRO,ADMINISTRACION AMBIENTAL Y SANITARIA-CARMEN DE VIBORAL,0.0364,2
STAFEANT,INSTITUTO UNIVERSITARIO DE EDUCACION FISICA Y DEPORTES,SOPETRAN,LICENCIATURA EN EDUCACION FISICA - SANTA FE DE ANTIOQUIA,0.0364,2
CARMENVI,FACULTAD DE ARTES,EL CARMEN DE VIBORAL,LICENCIATURA EN MUSICA-CARMEN DE VIBORAL,0.0364,2
CARMENVI,FACULTAD DE MEDICINA,RIONEGRO,TECNOLOGIA EN ATENCION PREHOSPITALARIA- CARMEN DE VIBORAL,0.0364,2
P-BERRIO,ESCUELA INTERAMERICANA DE BIBLIOTECOLOGIA,PUERTO BERRIO,ARCHIVISTICA - PUERTO BERRIO,0.0364,2
CARMENVI,FACULTAD NACIONAL DE SALUD PUBLICA,EL SANTUARIO,ADMINISTRACION AMBIENTAL Y SANITARIA-CARMEN DE VIBORAL,0.0364,2
ANDES,FACULTAD DE CIENCIAS AGRARIAS,ANDES,INGENIERIA AGROPECUARIA - ANDES,0.0363,2
CARMENVI,FACULTAD DE EDUCACION,LA UNION,LICENCIATURA EN EDUCACION ESPECIAL - CARMEN DE VIBORAL,0.0363,2
P-BERRIO,ESCUELA INTERAMERICANA DE BIBLIOTECOLOGIA,PUERTO BERRIO,ARCHIVISTICA - PUERTO BERRIO,0.0363,2
ANDES,INSTITUTO UNIVERSITARIO DE EDUCACION FISICA Y DEPORTES,ANDES,LICENCIATURA EN EDUCACION FISICA - ANDES,0.0363,2
APARTADO,FACULTAD DE ARTES,APARTADO,LICENCIATURA EN ARTES PLASTICAS-APARTADO,0.0363,2
CAUCASIA,FACULTAD DE DERECHO Y CIENCIAS POLITICAS,BUENAVISTA,DERECHO - CAUCASIA,0.0363,2
CAUCASIA,FACULTAD DE DERECHO Y CIENCIAS POLITICAS,CAUCASIA,DERECHO - CAUCASIA,0.0362,2
CAUCASIA,FACULTAD DE DERECHO Y CIENCIAS POLITICAS,CAUCASIA,DERECHO - CAUCASIA,0.0362,2
CAUCASIA,FACULTAD DE DERECHO Y CIENCIAS POLITICAS,CAUCASIA,DERECHO - CAUCASIA,0.0362,2
CARMENVI,FACULTAD NACIONAL DE SALUD PUBLICA,MARINILLA,ADMINISTRACION AMBIENTAL Y SANITARIA-CARMEN DE VIBORAL,0.0362,2
P-BERRIO,ESCUELA INTERAMERICANA DE BIBLIOTECOLOGIA,PUERTO BERRIO,ARCHIVISTICA - PUERTO BERRIO,0.0362,2
CARMENVI,FACULTAD DE ARTES,RIONEGRO,LICENCIATURA EN MUSICA-CARMEN DE VIBORAL,0.0361,2
APARTADO,FACULTAD NACIONAL DE SALUD PUBLICA,TURBO,ADMINISTRACION EN SALUD - APARTADO,0.0361,2
CARMENVI,FACULTAD DE ARTES,EL CARMEN DE VIBORAL,LICENCIATURA EN ARTES PLASTICAS - CARMEN DE VIBORAL,0.036,2
CARMENVI,ESCUELA DE NUTRICION Y DIETETICA,LA CEJA,NUTRICION Y DIETETICA - CARMEN DE VIBORAL,0.036,2
ANDES,FACULTAD DE CIENCIAS AGRARIAS,ANDES,INGENIERIA AGROPECUARIA - ANDES,0.036,2
STAFEANT,INSTITUTO UNIVERSITARIO DE EDUCACION FISICA Y DEPORTES,MEDELLIN,LICENCIATURA EN EDUCACION FISICA - SANTA FE DE ANTIOQUIA,0.0359,2
CAUCASIA,FACULTAD DE DERECHO Y CIENCIAS POLITICAS,CAUCASIA,DERECHO - CAUCASIA,0.0359,2
CAUCASIA,FACULTAD DE DERECHO Y CIENCIAS POLITICAS,CAUCASIA,DERECHO - CAUCASIA,0.0359,2
CAUCASIA,INSTITUTO UNIVERSITARIO DE EDUCACION FISICA Y DEPORTES,ZARAGOZA,LICENCIATURA EN EDUCACION FISICA - CAUCASIA,0.0359,2
APARTADO,FACULTAD NACIONAL DE SALUD PUBLICA,CAREPA,ADMINISTRACION EN SALUD - APARTADO,0.0358,2
CARMENVI,FACULTAD DE ARTES,MARINILLA,LICENCIATURA EN MUSICA-CARMEN DE VIBORAL,0.0356,2
P-BERRIO,INSTITUTO UNIVERSITARIO DE EDUCACION FISICA Y DEPORTES,PUERTO BERRIO,LICENCIATURA EN EDUCACION FISICA - PUERTO BERRIO,0.0356,2
CAUCASIA,FACULTAD DE CIENCIAS SOCIALES Y HUMANAS,CAUCASIA,PSICOLOGIA - CAUCASIA,0.0355,2
CAREPA,INSTITUTO UNIVERSITARIO DE EDUCACION FISICA Y DEPORTES,TURBO,LICENCIATURA EN EDUCACION FISICA - CAREPA,0.0355,2
CARMENVI,FACULTAD DE CIENCIAS FARMACEUTICAS Y ALIMENTARIAS,RIONEGRO,INGENIERIA DE ALIMENTOS - CARMEN DE VIBORAL,0.0355,2
ANDES,FACULTAD DE CIENCIAS FARMACEUTICAS Y ALIMENTARIAS,ANDES,TECNOLOGIA EN REGENCIA DE FARMACIA - ANDES,0.0353,2
P-BERRIO,ESCUELA INTERAMERICANA DE BIBLIOTECOLOGIA,PUERTO BERRIO,ARCHIVISTICA - PUERTO BERRIO,0.0353,2
STAFEANT,FACULTAD NACIONAL DE SALUD PUBLICA,SANTAFE DE ANTIOQUIA,ADMINISTRACION EN SALUD - SANTA FE,0.0352,2
CAUCASIA,FACULTAD NACIONAL DE SALUD PUBLICA,MONTELIBANO,ADMINISTRACION EN SALUD-CAUCASIA,0.0352,2
CARMENVI,FACULTAD DE ARTES,LA CEJA,LICENCIATURA EN DANZA -CARMEN DE VIBORAL,0.0352,2
STAFEANT,INSTITUTO UNIVERSITARIO DE EDUCACION FISICA Y DEPORTES,BURITICA,LICENCIATURA EN EDUCACION FISICA - SANTA FE DE ANTIOQUIA,0.0352,2
TURBO,FACULTAD DE COMUNICACIONES Y FILOLOGIA,TURBO,COMUNICACION SOCIAL - PERIODISMO TURBO,0.0352,2
CARMENVI,FACULTAD DE ARTES,LA UNION,LICENCIATURA EN MUSICA-CARMEN DE VIBORAL,0.0351,2
ANDES,INSTITUTO UNIVERSITARIO DE EDUCACION FISICA Y DEPORTES,CIUDAD BOLIVAR,LICENCIATURA EN EDUCACION FISICA - ANDES,0.0351,2
P-BERRIO,FACULTAD DE CIENCIAS FARMACEUTICAS Y ALIMENTARIAS,PUERTO BERRIO,TECNOLOGIA EN REGENCIA DE FARMACIA - PUERTO BERRIO,0.0351,2
ANDES,INSTITUTO UNIVERSITARIO DE EDUCACION FISICA Y DEPORTES,BETANIA,LICENCIATURA EN EDUCACION FISICA - ANDES,0.035,2
SONSON,FACULTAD NACIONAL DE SALUD PUBLICA,SONSON,ADMINISTRACION EN SALUD - SONSON,0.0349,2
P-BERRIO,INSTITUTO UNIVERSITARIO DE EDUCACION FISICA Y DEPORTES,PUERTO BERRIO,LICENCIATURA EN EDUCACION FISICA - PUERTO BERRIO,0.0349,2
CAREPA,INSTITUTO UNIVERSITARIO DE EDUCACION FISICA Y DEPORTES,TURBO,LICENCIATURA EN EDUCACION FISICA - CAREPA,0.0347,2
CAUCASIA,FACULTAD DE DERECHO Y CIENCIAS POLITICAS,CAUCASIA,DERECHO - CAUCASIA,0.0347,2
STAFEANT,FACULTAD NACIONAL DE SALUD PUBLICA,OLAYA,ADMINISTRACION EN SALUD - SANTA FE,0.0347,2
STAFEANT,INSTITUTO UNIVERSITARIO DE EDUCACION FISICA Y DEPORTES,SANTAFE DE ANTIOQUIA,LICENCIATURA EN EDUCACION FISICA - SANTA FE DE ANTIOQUIA,0.0346,2
SONSON,INSTITUTO UNIVERSITARIO DE EDUCACION FISICA Y DEPORTES,SONSON,LICENCIATURA EN EDUCACION FISICA - SONSON,0.0346,2
CARMENVI,FACULTAD DE CIENCIAS AGRARIAS,MARINILLA,INGENIERIA AGROPECUARIA - CARMEN DE VIBORAL,0.0346,2
CARMENVI,FACULTAD DE ARTES,SAN RAFAEL,LICENCIATURA EN DANZA -CARMEN DE VIBORAL,0.0346,2
APARTADO,FACULTAD DE ARTES,CHIGORODO,LICENCIATURA EN DANZA -APARTADO,0.0345,2
TURBO,FACULTAD DE COMUNICACIONES Y FILOLOGIA,APARTADO,COMUNICACION SOCIAL - PERIODISMO TURBO,0.0345,2
APARTADO,FACULTAD DE ARTES,MEDELLIN,LICENCIATURA EN ARTES PLASTICAS-APARTADO,0.0345,2
CARMENVI,ESCUELA DE NUTRICION Y DIETETICA,ZARAGOZA,NUTRICION Y DIETETICA - CARMEN DE VIBORAL,0.0344,2
P-BERRIO,INSTITUTO UNIVERSITARIO DE EDUCACION FISICA Y DEPORTES,PUERTO BERRIO,LICENCIATURA EN EDUCACION FISICA - PUERTO BERRIO,0.0343,2
TURBO,FACULTAD DE COMUNICACIONES Y FILOLOGIA,TURBO,COMUNICACION SOCIAL - PERIODISMO TURBO,0.0343,2
STAFEANT,FACULTAD DE CIENCIAS SOCIALES Y HUMANAS,SOPETRAN,PSICOLOGIA - SANTA FE DE ANTIOQUIA,0.0343,2
APARTADO,FACULTAD NACIONAL DE SALUD PUBLICA,APARTADO,ADMINISTRACION EN SALUD - APARTADO,0.0343,2
YARUMAL,INSTITUTO UNIVERSITARIO DE EDUCACION FISICA Y DEPORTES,YARUMAL,LICENCIATURA EN EDUCACION FISICA - YARUMAL,0.0342,2
SONSON,INSTITUTO UNIVERSITARIO DE EDUCACION FISICA Y DEPORTES,SONSON,LICENCIATURA EN EDUCACION FISICA - SONSON,0.0341,2
CAUCASIA,FACULTAD NACIONAL DE SALUD PUBLICA,CAUCASIA,ADMINISTRACION EN SALUD-CAUCASIA,0.0341,2
ANDES,FACULTAD DE DERECHO Y CIENCIAS POLITICAS,JARDIN,DERECHO - ANDES,0.0341,2
CARMENVI,INSTITUTO UNIVERSITARIO DE EDUCACION FISICA Y DEPORTES,EL PENOL,LICENCIATURA EN EDUCACION FISICA - CARMEN DE VIBORAL,0.0341,2
ANDES,FACULTAD DE CIENCIAS SOCIALES Y HUMANAS,ANDES,PSICOLOGIA - ANDES,0.0339,2
STAFEANT,FACULTAD NACIONAL DE SALUD PUBLICA,OLAYA,ADMINISTRACION EN SALUD - SANTA FE,0.0338,2
P-BERRIO,FACULTAD DE CIENCIAS FARMACEUTICAS Y ALIMENTARIAS,PUERTO BERRIO,TECNOLOGIA EN REGENCIA DE FARMACIA - PUERTO BERRIO,0.0338,2
CARMENVI,FACULTAD DE EDUCACION,MEDELLIN,LICENCIATURA EN CIENCIAS SOCIALES-CARMEN DE VIBORAL,0.0337,2
STAFEANT,FACULTAD DE ARTES,SAN JERONIMO,GESTION CULTURAL - SANTA FE DE ANTIOQUIA,0.0337,2
CARMENVI,FACULTAD DE MEDICINA,RIONEGRO,TECNOLOGIA EN ATENCION PREHOSPITALARIA- CARMEN DE VIBORAL,0.0336,2
CARMENVI,FACULTAD DE EDUCACION,EL SANTUARIO,LICENCIATURA EN EDUCACION INFANTIL-CARMEN DE VIBORAL,0.0336,2
CARMENVI,FACULTAD DE EDUCACION,EL CARMEN DE VIBORAL,LICENCIATURA EN LITERATURA Y LENGUA CASTELLANA-CV,0.0336,2
STAFEANT,FACULTAD DE CIENCIAS FARMACEUTICAS Y ALIMENTARIAS,SANTAFE DE ANTIOQUIA,TECNOLOGIA EN REGENCIA DE FARMACIA - SANTA FE DE ANTIOQUIA,0.0335,2
ANDES,INSTITUTO UNIVERSITARIO DE EDUCACION FISICA Y DEPORTES,ANDES,LICENCIATURA EN EDUCACION FISICA - ANDES,0.0335,2
CARMENVI,FACULTAD DE CIENCIAS FARMACEUTICAS Y ALIMENTARIAS,LA CEJA,INGENIERIA DE ALIMENTOS - CARMEN DE VIBORAL,0.0333,2
APARTADO,FACULTAD NACIONAL DE SALUD PUBLICA,NECOCLI,ADMINISTRACION EN SALUD - APARTADO,0.0332,2
APARTADO,FACULTAD NACIONAL DE SALUD PUBLICA,MEDELLIN,ADMINISTRACION EN SALUD - APARTADO,0.0332,2
CARMENVI,FACULTAD DE CIENCIAS AGRARIAS,RIONEGRO,INGENIERIA AGROPECUARIA - CARMEN DE VIBORAL,0.0332,2
ANDES,FACULTAD NACIONAL DE SALUD PUBLICA,ANDES,ADMINISTRACION AMBIENTAL Y SANITARIA- ANDES,0.0331,2
CARMENVI,FACULTAD DE ARTES,MARINILLA,GESTION CULTURAL - CARMEN DE VIBORAL,0.0331,2
CAUCASIA,FACULTAD DE CIENCIAS SOCIALES Y HUMANAS,MONTELIBANO,PSICOLOGIA - CAUCASIA,0.0329,2
YARUMAL,FACULTAD NACIONAL DE SALUD PUBLICA,YARUMAL,ADMINISTRACION EN SALUD-YARUMAL,0.0329,2
ANDES,INSTITUTO UNIVERSITARIO DE EDUCACION FISICA Y DEPORTES,JARDIN,LICENCIATURA EN EDUCACION FISICA - ANDES,0.0329,2
YARUMAL,INSTITUTO UNIVERSITARIO DE EDUCACION FISICA Y DEPORTES,YARUMAL,LICENCIATURA EN EDUCACION FISICA - YARUMAL,0.0329,2
ANDES,INSTITUTO UNIVERSITARIO DE EDUCACION FISICA Y DEPORTES,CIUDAD BOLIVAR,LICENCIATURA EN EDUCACION FISICA - ANDES,0.0328,2
APARTADO,FACULTAD NACIONAL DE SALUD PUBLICA,CHIGORODO,GERENCIA EN SISTEMAS DE INFORMACION EN SALUD - APARTADO,0.0328,2
CARMENVI,FACULTAD DE MEDICINA,COPACABANA,TECNOLOGIA EN ATENCION PREHOSPITALARIA- CARMEN DE VIBORAL,0.0328,2
APARTADO,FACULTAD NACIONAL DE SALUD PUBLICA,CHIGORODO,ADMINISTRACION EN SALUD - APARTADO,0.0328,2
ANDES,FACULTAD DE DERECHO Y CIENCIAS POLITICAS,ANDES,DERECHO - ANDES,0.0327,2
STAFEANT,FACULTAD NACIONAL DE SALUD PUBLICA,LIBORINA,ADMINISTRACION EN SALUD - SANTA FE,0.0326,2
STAFEANT,FACULTAD NACIONAL DE SALUD PUBLICA,LIBORINA,ADMINISTRACION EN SALUD - SANTA FE,0.0326,2
APARTADO,FACULTAD NACIONAL DE SALUD PUBLICA,CHIGORODO,ADMINISTRACION EN SALUD - APARTADO,0.0325,2
YARUMAL,FACULTAD DE COMUNICACIONES Y FILOLOGIA,YARUMAL,COMUNICACION SOCIAL - PERIODISMO YARUMAL,0.0325,2
CAREPA,INSTITUTO UNIVERSITARIO DE EDUCACION FISICA Y DEPORTES,TURBO,LICENCIATURA EN EDUCACION FISICA - CAREPA,0.0325,2
CARMENVI,FACULTAD DE CIENCIAS FARMACEUTICAS Y ALIMENTARIAS,EL PENOL,CIENCIAS CULINARIAS - CARMEN DE VIBORAL,0.0325,2
TURBO,FACULTAD DE COMUNICACIONES Y FILOLOGIA,CAREPA,COMUNICACION SOCIAL - PERIODISMO TURBO,0.0325,2
APARTADO,FACULTAD NACIONAL DE SALUD PUBLICA,TURBO,GERENCIA EN SISTEMAS DE INFORMACION EN SALUD - APARTADO,0.0325,2
TURBO,FACULTAD DE COMUNICACIONES Y FILOLOGIA,TURBO,COMUNICACION SOCIAL - PERIODISMO TURBO,0.0324,2
ANDES,FACULTAD DE CIENCIAS FARMACEUTICAS Y ALIMENTARIAS,ANDES,TECNOLOGIA EN REGENCIA DE FARMACIA - ANDES,0.0324,2
APARTADO,FACULTAD DE ARTES,CHIGORODO,LICENCIATURA EN ARTES PLASTICAS-APARTADO,0.0323,2
SEGOVIA,FACULTAD NACIONAL DE SALUD PUBLICA,SEGOVIA,ADMINISTRACION AMBIENTAL Y SANITARIA- SEGOVIA,0.0322,2
ANDES,INSTITUTO UNIVERSITARIO DE EDUCACION FISICA Y DEPORTES,CIUDAD BOLIVAR,LICENCIATURA EN EDUCACION FISICA - ANDES,0.0322,2
APARTADO,FACULTAD NACIONAL DE SALUD PUBLICA,APARTADO,GERENCIA EN SISTEMAS DE INFORMACION EN SALUD - APARTADO,0.0321,2
APARTADO,FACULTAD DE CIENCIAS ECONOMICAS,APARTADO,CONTADURIA PUBLICA- URABA (APARTADO),0.0321,2
CARMENVI,FACULTAD DE CIENCIAS ECONOMICAS,EL SANTUARIO,GESTION EN ECOLOGIA Y TURISMO - CARMEN DE VIBORAL,0.0321,2
CARMENVI,FACULTAD DE ARTES,LA UNION,LICENCIATURA EN DANZA -CARMEN DE VIBORAL,0.032,2
CARMENVI,ESCUELA DE NUTRICION Y DIETETICA,SAN JOSE DEL GUAVIARE,NUTRICION Y DIETETICA - CARMEN DE VIBORAL,0.032,2
CARMENVI,FACULTAD DE EDUCACION,EL CARMEN DE VIBORAL,LICENCIATURA EN LITERATURA Y LENGUA CASTELLANA-CV,0.0319,2
P-BERRIO,INSTITUTO UNIVERSITARIO DE EDUCACION FISICA Y DEPORTES,PUERTO BERRIO,LICENCIATURA EN EDUCACION FISICA - PUERTO BERRIO,0.0319,2
P-BERRIO,ESCUELA INTERAMERICANA DE BIBLIOTECOLOGIA,PUERTO BERRIO,ARCHIVISTICA - PUERTO BERRIO,0.0319,2
CARMENVI,FACULTAD DE ARTES,RIONEGRO,LICENCIATURA EN DANZA -CARMEN DE VIBORAL,0.0319,2
STAFEANT,FACULTAD DE ARTES,SOPETRAN,GESTION CULTURAL - SANTA FE DE ANTIOQUIA,0.0319,2
APARTADO,FACULTAD NACIONAL DE SALUD PUBLICA,TURBO,ADMINISTRACION EN SALUD - APARTADO,0.0318,2
CAUCASIA,FACULTAD DE DERECHO Y CIENCIAS POLITICAS,CAUCASIA,DERECHO - CAUCASIA,0.0318,2
ANDES,INSTITUTO UNIVERSITARIO DE EDUCACION FISICA Y DEPORTES,CIUDAD BOLIVAR,LICENCIATURA EN EDUCACION FISICA - ANDES,0.0318,2
CARMENVI,ESCUELA DE NUTRICION Y DIETETICA,RIONEGRO,NUTRICION Y DIETETICA - CARMEN DE VIBORAL,0.0317,2
STAFEANT,FACULTAD NACIONAL DE SALUD PUBLICA,BURITICA,ADMINISTRACION EN SALUD - SANTA FE,0.0317,2
APARTADO,FACULTAD DE CIENCIAS ECONOMICAS,APARTADO,GESTION EN ECOLOGIA Y TURISMO - APARTADO,0.0316,2
ANDES,INSTITUTO UNIVERSITARIO DE EDUCACION FISICA Y DEPORTES,ANDES,LICENCIATURA EN EDUCACION FISICA - ANDES,0.0316,2
ANDES,INSTITUTO UNIVERSITARIO DE EDUCACION FISICA Y DEPORTES,JARDIN,LICENCIATURA EN EDUCACION FISICA - ANDES,0.0315,2
CARMENVI,FACULTAD DE CIENCIAS AGRARIAS,LA CEJA,INGENIERIA AGROPECUARIA - CARMEN DE VIBORAL,0.0315,2
CAREPA,INSTITUTO UNIVERSITARIO DE EDUCACION FISICA Y DEPORTES,APARTADO,LICENCIATURA EN EDUCACION FISICA - CAREPA,0.0315,2
YARUMAL,INSTITUTO UNIVERSITARIO DE EDUCACION FISICA Y DEPORTES,YARUMAL,LICENCIATURA EN EDUCACION FISICA - YARUMAL,0.0315,2
APARTADO,FACULTAD NACIONAL DE SALUD PUBLICA,APARTADO,GERENCIA EN SISTEMAS DE INFORMACION EN SALUD - APARTADO,0.0315,2
P-BERRIO,INSTITUTO UNIVERSITARIO DE EDUCACION FISICA Y DEPORTES,PUERTO BERRIO,LICENCIATURA EN EDUCACION FISICA - PUERTO BERRIO,0.0315,2
STAFEANT,INSTITUTO UNIVERSITARIO DE EDUCACION FISICA Y DEPORTES,SANTAFE DE ANTIOQUIA,LICENCIATURA EN EDUCACION FISICA - SANTA FE DE ANTIOQUIA,0.0314,2
CARMENVI,FACULTAD DE EDUCACION,RIONEGRO,LICENCIATURA EN EDUCACION INFANTIL-CARMEN DE VIBORAL,0.0314,2
CARMENVI,FACULTAD DE ARTES,RIONEGRO,GESTION CULTURAL - CARMEN DE VIBORAL,0.0313,2
APARTADO,FACULTAD NACIONAL DE SALUD PUBLICA,CAREPA,ADMINISTRACION EN SALUD - APARTADO,0.0313,2
SONSON,INSTITUTO UNIVERSITARIO DE EDUCACION FISICA Y DEPORTES,ARGELIA,LICENCIATURA EN EDUCACION FISICA - SONSON,0.0313,2
APARTADO,FACULTAD NACIONAL DE SALUD PUBLICA,DABEIBA,ADMINISTRACION EN SALUD - APARTADO,0.0313,2
APARTADO,FACULTAD NACIONAL DE SALUD PUBLICA,TURBO,ADMINISTRACION EN SALUD - APARTADO,0.0312,2
CAUCASIA,FACULTAD DE DERECHO Y CIENCIAS POLITICAS,CAUCASIA,DERECHO - CAUCASIA,0.0312,2
P-BERRIO,ESCUELA INTERAMERICANA DE BIBLIOTECOLOGIA,PUERTO BERRIO,ARCHIVISTICA - PUERTO BERRIO,0.0311,2
APARTADO,FACULTAD DE ARTES,APARTADO,LICENCIATURA EN ARTES PLASTICAS-APARTADO,0.0311,2
STAFEANT,INSTITUTO UNIVERSITARIO DE EDUCACION FISICA Y DEPORTES,CANASGORDAS,LICENCIATURA EN EDUCACION FISICA - SANTA FE DE ANTIOQUIA,0.031,2
CARMENVI,FACULTAD DE ARTES,LA UNION,LICENCIATURA EN MUSICA-CARMEN DE VIBORAL,0.031,2
STAFEANT,FACULTAD NACIONAL DE SALUD PUBLICA,SAN JERONIMO,ADMINISTRACION EN SALUD - SANTA FE,0.031,2
TURBO,FACULTAD DE COMUNICACIONES Y FILOLOGIA,NECOCLI,COMUNICACION SOCIAL - PERIODISMO TURBO,0.031,2
CARMENVI,FACULTAD DE MEDICINA,RETIRO,TECNOLOGIA EN ATENCION PREHOSPITALARIA- CARMEN DE VIBORAL,0.031,2
STAFEANT,INSTITUTO UNIVERSITARIO DE EDUCACION FISICA Y DEPORTES,SANTAFE DE ANTIOQUIA,LICENCIATURA EN EDUCACION FISICA - SANTA FE DE ANTIOQUIA,0.031,2
CARMENVI,FACULTAD DE MEDICINA,RIONEGRO,TECNOLOGIA EN ATENCION PREHOSPITALARIA- CARMEN DE VIBORAL,0.031,2
CARMENVI,INSTITUTO DE FILOSOFIA,LA UNION,LICENCIATURA EN FILOSOFIA - CARMEN DE VIBORAL,0.0309,2
APARTADO,FACULTAD DE CIENCIAS ECONOMICAS,APARTADO,GESTION EN ECOLOGIA Y TURISMO - APARTADO,0.0309,2
CARMENVI,FACULTAD DE CIENCIAS ECONOMICAS,PUERTO BOYACA,CONTADURIA PUBLICA - CARMEN DE VIBORAL,0.0309,2
ANDES,FACULTAD DE DERECHO Y CIENCIAS POLITICAS,ANDES,DERECHO - ANDES,0.0308,2
APARTADO,FACULTAD DE EDUCACION,TURBO,LICENCIATURA EN EDUCACION ESPECIAL - APARTADO,0.0308,2
SEGOVIA,FACULTAD NACIONAL DE SALUD PUBLICA,SEGOVIA,ADMINISTRACION AMBIENTAL Y SANITARIA- SEGOVIA,0.0308,2
CARMENVI,INSTITUTO DE FILOSOFIA,RIONEGRO,LICENCIATURA EN FILOSOFIA - CARMEN DE VIBORAL,0.0307,2
YARUMAL,INSTITUTO UNIVERSITARIO DE EDUCACION FISICA Y DEPORTES,ANGOSTURA,LICENCIATURA EN EDUCACION FISICA - YARUMAL,0.0307,2
STAFEANT,FACULTAD NACIONAL DE SALUD PUBLICA,SOPETRAN,ADMINISTRACION EN SALUD - SANTA FE,0.0306,2
P-BERRIO,ESCUELA INTERAMERICANA DE BIBLIOTECOLOGIA,PUERTO BERRIO,ARCHIVISTICA - PUERTO BERRIO,0.0306,2
CARMENVI,FACULTAD DE CIENCIAS FARMACEUTICAS Y ALIMENTARIAS,EL CARMEN DE VIBORAL,INGENIERIA DE ALIMENTOS - CARMEN DE VIBORAL,0.0306,2
STAFEANT,FACULTAD DE CIENCIAS SOCIALES Y HUMANAS,BURITICA,PSICOLOGIA - SANTA FE DE ANTIOQUIA,0.0305,2
CARMENVI,INSTITUTO UNIVERSITARIO DE EDUCACION FISICA Y DEPORTES,EL PENOL,LICENCIATURA EN EDUCACION FISICA - CARMEN DE VIBORAL,0.0305,2
ANDES,FACULTAD DE CIENCIAS AGRARIAS,ANDES,INGENIERIA AGROPECUARIA - ANDES,0.0305,2
CARMENVI,FACULTAD DE CIENCIAS ECONOMICAS,GUARNE,GESTION EN ECOLOGIA Y TURISMO - CARMEN DE VIBORAL,0.0305,2
CARMENVI,FACULTAD NACIONAL DE SALUD PUBLICA,COCORNA,ADMINISTRACION AMBIENTAL Y SANITARIA-CARMEN DE VIBORAL,0.0305,2
TURBO,FACULTAD DE COMUNICACIONES Y FILOLOGIA,APARTADO,COMUNICACION SOCIAL - PERIODISMO TURBO,0.0304,2
CAREPA,INSTITUTO UNIVERSITARIO DE EDUCACION FISICA Y DEPORTES,TURBO,LICENCIATURA EN EDUCACION FISICA - CAREPA,0.0302,2
APARTADO,FACULTAD DE ARTES,TURBO,LICENCIATURA EN ARTES PLASTICAS-APARTADO,0.0302,2
ANDES,FACULTAD DE CIENCIAS AGRARIAS,ANDES,INGENIERIA AGROPECUARIA - ANDES,0.0302,2
CARMENVI,ESCUELA DE MICROBIOLOGIA,MEDELLIN,MICROBIOLOGIA INDUSTRIAL Y AMBIENTAL-CARMEN DE VIBORAL,0.0302,2
YARUMAL,INSTITUTO UNIVERSITARIO DE EDUCACION FISICA Y DEPORTES,YARUMAL,LICENCIATURA EN EDUCACION FISICA - YARUMAL,0.0302,2
P-BERRIO,INSTITUTO UNIVERSITARIO DE EDUCACION FISICA Y DEPORTES,PUERTO BERRIO,LICENCIATURA EN EDUCACION FISICA - PUERTO BERRIO,0.0301,2
ANDES,FACULTAD DE CIENCIAS SOCIALES Y HUMANAS,HISPANIA,PSICOLOGIA - ANDES,0.0301,2
STAFEANT,FACULTAD NACIONAL DE SALUD PUBLICA,SANTAFE DE ANTIOQUIA,ADMINISTRACION EN SALUD - SANTA FE,0.0301,2
APARTADO,FACULTAD NACIONAL DE SALUD PUBLICA,RIOSUCIO,GERENCIA EN SISTEMAS DE INFORMACION EN SALUD - APARTADO,0.0301,2
CARMENVI,ESCUELA DE NUTRICION Y DIETETICA,LA CEJA,NUTRICION Y DIETETICA - CARMEN DE VIBORAL,0.03,2
CARMENVI,FACULTAD NACIONAL DE SALUD PUBLICA,MARINILLA,ADMINISTRACION AMBIENTAL Y SANITARIA-CARMEN DE VIBORAL,0.03,2
STAFEANT,FACULTAD DE CIENCIAS FARMACEUTICAS Y ALIMENTARIAS,SANTAFE DE ANTIOQUIA,TECNOLOGIA EN REGENCIA DE FARMACIA - SANTA FE DE ANTIOQUIA,0.03,2
P-BERRIO,ESCUELA INTERAMERICANA DE BIBLIOTECOLOGIA,CIMITARRA,ARCHIVISTICA - PUERTO BERRIO,0.03,2
ANDES,INSTITUTO UNIVERSITARIO DE EDUCACION FISICA Y DEPORTES,TAMESIS,LICENCIATURA EN EDUCACION FISICA - ANDES,0.0299,2
P-BERRIO,INSTITUTO UNIVERSITARIO DE EDUCACION FISICA Y DEPORTES,PUERTO BERRIO,LICENCIATURA EN EDUCACION FISICA - PUERTO BERRIO,0.0299,2
STAFEANT,INSTITUTO UNIVERSITARIO DE EDUCACION FISICA Y DEPORTES,MEDELLIN,LICENCIATURA EN EDUCACION FISICA - SANTA FE DE ANTIOQUIA,0.0297,2
ANDES,FACULTAD DE DERECHO Y CIENCIAS POLITICAS,ANDES,DERECHO - ANDES,0.0297,2
STAFEANT,FACULTAD DE CIENCIAS FARMACEUTICAS Y ALIMENTARIAS,SANTAFE DE ANTIOQUIA,TECNOLOGIA EN REGENCIA DE FARMACIA - SANTA FE DE ANTIOQUIA,0.0297,2
APARTADO,FACULTAD DE ARTES,APARTADO,LICENCIATURA EN ARTES PLASTICAS-APARTADO,0.0296,2
APARTADO,FACULTAD DE CIENCIAS ECONOMICAS,APARTADO,GESTION EN ECOLOGIA Y TURISMO - APARTADO,0.0296,2
STAFEANT,INSTITUTO UNIVERSITARIO DE EDUCACION FISICA Y DEPORTES,SANTAFE DE ANTIOQUIA,LICENCIATURA EN EDUCACION FISICA - SANTA FE DE ANTIOQUIA,0.0296,2
APARTADO,ESCUELA INTERAMERICANA DE BIBLIOTECOLOGIA,TURBO,ARCHIVISTICA - APARTADO,0.0295,2
CAREPA,INSTITUTO UNIVERSITARIO DE EDUCACION FISICA Y DEPORTES,CAREPA,LICENCIATURA EN EDUCACION FISICA - CAREPA,0.0295,2
CAUCASIA,FACULTAD DE DERECHO Y CIENCIAS POLITICAS,CAUCASIA,DERECHO - CAUCASIA,0.0294,2
CARMENVI,FACULTAD DE CIENCIAS ECONOMICAS,EL CARMEN DE VIBORAL,GESTION EN ECOLOGIA Y TURISMO - CARMEN DE VIBORAL,0.0294,2
YARUMAL,FACULTAD DE ARTES,MEDELLIN,GESTION CULTURAL - YARUMAL,0.0293,2
APARTADO,FACULTAD NACIONAL DE SALUD PUBLICA,APARTADO,ADMINISTRACION EN SALUD - APARTADO,0.0293,2
P-BERRIO,INSTITUTO UNIVERSITARIO DE EDUCACION FISICA Y DEPORTES,PUERTO BERRIO,LICENCIATURA EN EDUCACION FISICA - PUERTO BERRIO,0.0293,2
APARTADO,FACULTAD NACIONAL DE SALUD PUBLICA,APARTADO,ADMINISTRACION EN SALUD - APARTADO,0.0293,2
ANDES,INSTITUTO UNIVERSITARIO DE EDUCACION FISICA Y DEPORTES,JARDIN,LICENCIATURA EN EDUCACION FISICA - ANDES,0.0293,2
CARMENVI,INSTITUTO DE FILOSOFIA,LA CEJA,LICENCIATURA EN FILOSOFIA - CARMEN DE VIBORAL,0.0292,2
APARTADO,FACULTAD DE ARTES,APARTADO,LICENCIATURA EN ARTES PLASTICAS-APARTADO,0.0292,2
YARUMAL,FACULTAD DE ARTES,YARUMAL,GESTION CULTURAL - YARUMAL,0.0292,2
CARMENVI,FACULTAD DE ARTES,EL CARMEN DE VIBORAL,LICENCIATURA EN ARTES PLASTICAS - CARMEN DE VIBORAL,0.0292,2
APARTADO,FACULTAD DE ARTES,APARTADO,LICENCIATURA EN ARTES PLASTICAS-APARTADO,0.0291,2
P-BERRIO,ESCUELA INTERAMERICANA DE BIBLIOTECOLOGIA,PUERTO BERRIO,ARCHIVISTICA - PUERTO BERRIO,0.0291,2
CARMENVI,INSTITUTO UNIVERSITARIO DE EDUCACION FISICA Y DEPORTES,RIONEGRO,LICENCIATURA EN EDUCACION FISICA - CARMEN DE VIBORAL,0.0291,2
CARMENVI,FACULTAD DE EDUCACION,RETIRO,LICENCIATURA EN LITERATURA Y LENGUA CASTELLANA-CV,0.029,2
CARMENVI,ESCUELA DE NUTRICION Y DIETETICA,SILVIA,NUTRICION Y DIETETICA - CARMEN DE VIBORAL,0.029,2
YARUMAL,INSTITUTO UNIVERSITARIO DE EDUCACION FISICA Y DEPORTES,YARUMAL,LICENCIATURA EN EDUCACION FISICA - YARUMAL,0.0289,2
APARTADO,FACULTAD DE ARTES,TURBO,LICENCIATURA EN ARTES PLASTICAS-APARTADO,0.0289,2
P-BERRIO,INSTITUTO UNIVERSITARIO DE EDUCACION FISICA Y DEPORTES,PUERTO BERRIO,LICENCIATURA EN EDUCACION FISICA - PUERTO BERRIO,0.0287,2
YARUMAL,INSTITUTO UNIVERSITARIO DE EDUCACION FISICA Y DEPORTES,YARUMAL,LICENCIATURA EN EDUCACION FISICA - YARUMAL,0.0287,2
STAFEANT,INSTITUTO UNIVERSITARIO DE EDUCACION FISICA Y DEPORTES,DABEIBA,LICENCIATURA EN EDUCACION FISICA - SANTA FE DE ANTIOQUIA,0.0287,2
SONSON,INSTITUTO UNIVERSITARIO DE EDUCACION FISICA Y DEPORTES,SONSON,LICENCIATURA EN EDUCACION FISICA - SONSON,0.0286,2
CARMENVI,FACULTAD DE MEDICINA,EL CARMEN DE VIBORAL,TECNOLOGIA EN ATENCION PREHOSPITALARIA- CARMEN DE VIBORAL,0.0285,2
STAFEANT,FACULTAD NACIONAL DE SALUD PUBLICA,OLAYA,ADMINISTRACION EN SALUD - SANTA FE,0.0284,2
APARTADO,FACULTAD DE CIENCIAS SOCIALES Y HUMANAS,APARTADO,TRABAJO SOCIAL-URABA (APARTADO),0.0284,2
APARTADO,FACULTAD DE CIENCIAS ECONOMICAS,ACANDI,GESTION EN ECOLOGIA Y TURISMO - APARTADO,0.0284,2
P-BERRIO,INSTITUTO UNIVERSITARIO DE EDUCACION FISICA Y DEPORTES,PUERTO BERRIO,LICENCIATURA EN EDUCACION FISICA - PUERTO BERRIO,0.0284,2
APARTADO,FACULTAD DE ARTES,APARTADO,LICENCIATURA EN ARTES PLASTICAS-APARTADO,0.0283,2
STAFEANT,FACULTAD DE ARTES,SANTAFE DE ANTIOQUIA,GESTION CULTURAL - SANTA FE DE ANTIOQUIA,0.0282,2
CAREPA,INSTITUTO UNIVERSITARIO DE EDUCACION FISICA Y DEPORTES,CHIGORODO,LICENCIATURA EN EDUCACION FISICA - CAREPA,0.0282,2
CARMENVI,FACULTAD DE MEDICINA,RETIRO,TECNOLOGIA EN ATENCION PREHOSPITALARIA- CARMEN DE VIBORAL,0.0282,2
STAFEANT,FACULTAD DE CIENCIAS FARMACEUTICAS Y ALIMENTARIAS,SANTAFE DE ANTIOQUIA,TECNOLOGIA EN REGENCIA DE FARMACIA - SANTA FE DE ANTIOQUIA,0.0281,2
APARTADO,FACULTAD DE ARTES,TURBO,LICENCIATURA EN ARTES PLASTICAS-APARTADO,0.0281,2
CARMENVI,FACULTAD DE EDUCACION,EL CARMEN DE VIBORAL,LICENCIATURA EN LITERATURA Y LENGUA CASTELLANA-CV,0.0281,2
CAUCASIA,FACULTAD DE DERECHO Y CIENCIAS POLITICAS,CAUCASIA,DERECHO - CAUCASIA,0.0281,2
APARTADO,FACULTAD DE ARTES,APARTADO,LICENCIATURA EN ARTES PLASTICAS-APARTADO,0.0281,2
ANDES,INSTITUTO UNIVERSITARIO DE EDUCACION FISICA Y DEPORTES,ANDES,LICENCIATURA EN EDUCACION FISICA - ANDES,0.028,2
YARUMAL,INSTITUTO UNIVERSITARIO DE EDUCACION FISICA Y DEPORTES,YARUMAL,LICENCIATURA EN EDUCACION FISICA - YARUMAL,0.028,2
APARTADO,FACULTAD NACIONAL DE SALUD PUBLICA,APARTADO,ADMINISTRACION EN SALUD - APARTADO,0.028,2
CARMENVI,FACULTAD DE CIENCIAS SOCIALES Y HUMANAS,RIONEGRO,PSICOLOGIA - CARMEN DE VIBORAL,0.0279,2
CARMENVI,FACULTAD DE EDUCACION,RETIRO,LICENCIATURA EN EDUCACION INFANTIL-CARMEN DE VIBORAL,0.0279,2
CAREPA,ESCUELA DE IDIOMAS,CHIGORODO,LICENCIATURA EN LENGUAS EXTRANJERAS CON ENFASIS EN INGLES - CAREPA,0.0279,2
CARMENVI,FACULTAD DE ARTES,EL SANTUARIO,LICENCIATURA EN MUSICA-CARMEN DE VIBORAL,0.0278,2
APARTADO,FACULTAD DE CIENCIAS SOCIALES Y HUMANAS,TURBO,TRABAJO SOCIAL-URABA (APARTADO),0.0278,2
CARMENVI,FACULTAD DE ARTES,LA UNION,GESTION CULTURAL - CARMEN DE VIBORAL,0.0278,2
CARMENVI,FACULTAD DE MEDICINA,SAN VICENTE,TECNOLOGIA EN ATENCION PREHOSPITALARIA- CARMEN DE VIBORAL,0.0278,2
CARMENVI,FACULTAD NACIONAL DE SALUD PUBLICA,SAN JUAN DE URABA,ADMINISTRACION AMBIENTAL Y SANITARIA-CARMEN DE VIBORAL,0.0277,2
STAFEANT,FACULTAD NACIONAL DE SALUD PUBLICA,SANTAFE DE ANTIOQUIA,ADMINISTRACION EN SALUD - SANTA FE,0.0277,2
APARTADO,ESCUELA INTERAMERICANA DE BIBLIOTECOLOGIA,APARTADO,ARCHIVISTICA - APARTADO,0.0276,2
CARMENVI,FACULTAD DE ARTES,GUARNE,ARTE DRAMATICO- CARMEN DE VIBORAL,0.0275,2
APARTADO,FACULTAD NACIONAL DE SALUD PUBLICA,NECOCLI,ADMINISTRACION EN SALUD - APARTADO,0.0275,2
APARTADO,FACULTAD DE CIENCIAS SOCIALES Y HUMANAS,SAN PEDRO DE URABA,TRABAJO SOCIAL-URABA (APARTADO),0.0274,2
CARMENVI,FACULTAD DE CIENCIAS FARMACEUTICAS Y ALIMENTARIAS,TURBO,INGENIERIA DE ALIMENTOS - CARMEN DE VIBORAL,0.0274,2
CAUCASIA,FACULTAD DE DERECHO Y CIENCIAS POLITICAS,CAUCASIA,DERECHO - CAUCASIA,0.0274,2
CARMENVI,FACULTAD DE CIENCIAS SOCIALES Y HUMANAS,RIONEGRO,PSICOLOGIA - CARMEN DE VIBORAL,0.0274,2
STAFEANT,FACULTAD NACIONAL DE SALUD PUBLICA,BURITICA,ADMINISTRACION EN SALUD - SANTA FE,0.0273,2
CARMENVI,FACULTAD DE CIENCIAS SOCIALES Y HUMANAS,SAN ROQUE,PSICOLOGIA - CARMEN DE VIBORAL,0.0273,2
APARTADO,FACULTAD DE ARTES,APARTADO,LICENCIATURA EN ARTES PLASTICAS-APARTADO,0.0272,2
APARTADO,FACULTAD DE CIENCIAS ECONOMICAS,TURBO,GESTION EN ECOLOGIA Y TURISMO - APARTADO,0.0272,2
YARUMAL,INSTITUTO UNIVERSITARIO DE EDUCACION FISICA Y DEPORTES,CAMPAMENTO,LICENCIATURA EN EDUCACION FISICA - YARUMAL,0.0272,2
CARMENVI,INSTITUTO UNIVERSITARIO DE EDUCACION FISICA Y DEPORTES,RIONEGRO,LICENCIATURA EN EDUCACION FISICA - CARMEN DE VIBORAL,0.0272,2
YARUMAL,FACULTAD NACIONAL DE SALUD PUBLICA,CAMPAMENTO,ADMINISTRACION EN SALUD-YARUMAL,0.0272,2
APARTADO,ESCUELA INTERAMERICANA DE BIBLIOTECOLOGIA,APARTADO,ARCHIVISTICA - APARTADO,0.0271,2
ANDES,FACULTAD DE CIENCIAS SOCIALES Y HUMANAS,HISPANIA,PSICOLOGIA - ANDES,0.0271,2
APARTADO,FACULTAD DE CIENCIAS ECONOMICAS,TURBO,GESTION EN ECOLOGIA Y TURISMO - APARTADO,0.0271,2
APARTADO,ESCUELA INTERAMERICANA DE BIBLIOTECOLOGIA,APARTADO,ARCHIVISTICA - APARTADO,0.027,2
CAUCASIA,FACULTAD DE DERECHO Y CIENCIAS POLITICAS,PLANETA RICA,DERECHO - CAUCASIA,0.027,2
CARMENVI,FACULTAD DE EDUCACION,LA CEJA,LICENCIATURA EN CIENCIAS NATURALES-CARMEN DE VIBORAL,0.0269,2
CAUCASIA,FACULTAD NACIONAL DE SALUD PUBLICA,CAUCASIA,ADMINISTRACION EN SALUD-CAUCASIA,0.0269,2
TURBO,FACULTAD DE COMUNICACIONES Y FILOLOGIA,TURBO,COMUNICACION SOCIAL - PERIODISMO TURBO,0.0269,2
APARTADO,ESCUELA INTERAMERICANA DE BIBLIOTECOLOGIA,CHIGORODO,ARCHIVISTICA - APARTADO,0.0269,2
CARMENVI,FACULTAD DE MEDICINA,SAN VICENTE,TECNOLOGIA EN ATENCION PREHOSPITALARIA- CARMEN DE VIBORAL,0.0268,2
APARTADO,FACULTAD NACIONAL DE SALUD PUBLICA,CHIGORODO,ADMINISTRACION EN SALUD - APARTADO,0.0268,2
APARTADO,FACULTAD DE CIENCIAS SOCIALES Y HUMANAS,APARTADO,TRABAJO SOCIAL-URABA (APARTADO),0.0268,2
STAFEANT,INSTITUTO UNIVERSITARIO DE EDUCACION FISICA Y DEPORTES,SANTAFE DE ANTIOQUIA,LICENCIATURA EN EDUCACION FISICA - SANTA FE DE ANTIOQUIA,0.0267,2
STAFEANT,INSTITUTO UNIVERSITARIO DE EDUCACION FISICA Y DEPORTES,SOPETRAN,LICENCIATURA EN EDUCACION FISICA - SANTA FE DE ANTIOQUIA,0.0267,2
CARMENVI,INSTITUTO UNIVERSITARIO DE EDUCACION FISICA Y DEPORTES,RIONEGRO,LICENCIATURA EN EDUCACION FISICA - CARMEN DE VIBORAL,0.0266,2
CARMENVI,FACULTAD DE MEDICINA,MEDELLIN,TECNOLOGIA EN ATENCION PREHOSPITALARIA- CARMEN DE VIBORAL,0.0266,2
ANDES,INSTITUTO UNIVERSITARIO DE EDUCACION FISICA Y DEPORTES,ANDES,LICENCIATURA EN EDUCACION FISICA - ANDES,0.0265,2
CARMENVI,ESCUELA DE NUTRICION Y DIETETICA,RIONEGRO,NUTRICION Y DIETETICA - CARMEN DE VIBORAL,0.0264,2
TURBO,FACULTAD DE COMUNICACIONES Y FILOLOGIA,TURBO,COMUNICACION SOCIAL - PERIODISMO TURBO,0.0264,2
STAFEANT,FACULTAD NACIONAL DE SALUD PUBLICA,SANTAFE DE ANTIOQUIA,ADMINISTRACION EN SALUD - SANTA FE,0.0263,2
APARTADO,FACULTAD NACIONAL DE SALUD PUBLICA,APARTADO,GERENCIA EN SISTEMAS DE INFORMACION EN SALUD - APARTADO,0.0262,2
TURBO,FACULTAD DE EDUCACION,TURBO,LICENCIATURA EN CIENCIAS NATURALES-TURBO,0.0262,2
CARMENVI,FACULTAD DE CIENCIAS ECONOMICAS,CONCEPCION,GESTION EN ECOLOGIA Y TURISMO - CARMEN DE VIBORAL,0.0261,2
STAFEANT,FACULTAD NACIONAL DE SALUD PUBLICA,GIRALDO,ADMINISTRACION EN SALUD - SANTA FE,0.026,2
APARTADO,FACULTAD NACIONAL DE SALUD PUBLICA,TURBO,ADMINISTRACION EN SALUD - APARTADO,0.026,2
APARTADO,ESCUELA INTERAMERICANA DE BIBLIOTECOLOGIA,TURBO,ARCHIVISTICA - APARTADO,0.026,2
APARTADO,FACULTAD NACIONAL DE SALUD PUBLICA,APARTADO,ADMINISTRACION EN SALUD - APARTADO,0.0259,2
APARTADO,FACULTAD DE CIENCIAS SOCIALES Y HUMANAS,CAREPA,TRABAJO SOCIAL-URABA (APARTADO),0.0259,2
STAFEANT,FACULTAD NACIONAL DE SALUD PUBLICA,SOPETRAN,ADMINISTRACION EN SALUD - SANTA FE,0.0259,2
APARTADO,FACULTAD DE CIENCIAS ECONOMICAS,APARTADO,CONTADURIA PUBLICA- URABA (APARTADO),0.0258,2
APARTADO,FACULTAD DE CIENCIAS SOCIALES Y HUMANAS,APARTADO,TRABAJO SOCIAL-URABA (APARTADO),0.0258,2
STAFEANT,FACULTAD NACIONAL DE SALUD PUBLICA,SOPETRAN,ADMINISTRACION EN SALUD - SANTA FE,0.0257,2
TURBO,FACULTAD DE EDUCACION,TURBO,LICENCIATURA EN CIENCIAS NATURALES-TURBO,0.0256,2
CARMENVI,FACULTAD DE MEDICINA,RIONEGRO,TECNOLOGIA EN ATENCION PREHOSPITALARIA- CARMEN DE VIBORAL,0.0255,2
APARTADO,ESCUELA INTERAMERICANA DE BIBLIOTECOLOGIA,SAN PEDRO DE URABA,ARCHIVISTICA - APARTADO,0.0255,2
APARTADO,FACULTAD NACIONAL DE SALUD PUBLICA,APARTADO,GERENCIA EN SISTEMAS DE INFORMACION EN SALUD - APARTADO,0.0255,2
YARUMAL,INSTITUTO UNIVERSITARIO DE EDUCACION FISICA Y DEPORTES,YARUMAL,LICENCIATURA EN EDUCACION FISICA - YARUMAL,0.0254,2
CAREPA,INSTITUTO UNIVERSITARIO DE EDUCACION FISICA Y DEPORTES,APARTADO,LICENCIATURA EN EDUCACION FISICA - CAREPA,0.0253,2
APARTADO,FACULTAD DE ARTES,TURBO,LICENCIATURA EN MUSICA - APARTADO,0.0253,2
CARMENVI,ESCUELA DE NUTRICION Y DIETETICA,LA CEJA,NUTRICION Y DIETETICA - CARMEN DE VIBORAL,0.0253,2
CARMENVI,FACULTAD DE CIENCIAS FARMACEUTICAS Y ALIMENTARIAS,LA CEJA,INGENIERIA DE ALIMENTOS - CARMEN DE VIBORAL,0.0252,2
CARMENVI,ESCUELA DE NUTRICION Y DIETETICA,RIONEGRO,NUTRICION Y DIETETICA - CARMEN DE VIBORAL,0.0252,2
APARTADO,FACULTAD DE CIENCIAS ECONOMICAS,CAREPA,CONTADURIA PUBLICA- URABA (APARTADO),0.0251,2
APARTADO,FACULTAD DE CIENCIAS SOCIALES Y HUMANAS,TURBO,TRABAJO SOCIAL-URABA (APARTADO),0.0251,2
CAREPA,INSTITUTO UNIVERSITARIO DE EDUCACION FISICA Y DEPORTES,TURBO,LICENCIATURA EN EDUCACION FISICA - CAREPA,0.0251,2
TURBO,FACULTAD DE EDUCACION,TURBO,LICENCIATURA EN CIENCIAS NATURALES-TURBO,0.0251,2
APARTADO,FACULTAD DE CIENCIAS SOCIALES Y HUMANAS,APARTADO,TRABAJO SOCIAL-URABA (APARTADO),0.0251,2
APARTADO,FACULTAD DE CIENCIAS ECONOMICAS,CAREPA,CONTADURIA PUBLICA- URABA (APARTADO),0.0251,2
CARMENVI,ESCUELA DE NUTRICION Y DIETETICA,EL CARMEN DE VIBORAL,NUTRICION Y DIETETICA - CARMEN DE VIBORAL,0.025,2
CARMENVI,FACULTAD NACIONAL DE SALUD PUBLICA,EL CARMEN DE VIBORAL,ADMINISTRACION AMBIENTAL Y SANITARIA-CARMEN DE VIBORAL,0.025,2
APARTADO,FACULTAD DE CIENCIAS SOCIALES Y HUMANAS,APARTADO,TRABAJO SOCIAL-URABA (APARTADO),0.025,2
STAFEANT,FACULTAD NACIONAL DE SALUD PUBLICA,SANTAFE DE ANTIOQUIA,ADMINISTRACION EN SALUD - SANTA FE,0.025,2
CAREPA,INSTITUTO UNIVERSITARIO DE EDUCACION FISICA Y DEPORTES,APARTADO,LICENCIATURA EN EDUCACION FISICA - CAREPA,0.0249,2
CARMENVI,ESCUELA DE NUTRICION Y DIETETICA,SAN AGUSTIN,NUTRICION Y DIETETICA - CARMEN DE VIBORAL,0.0247,2
APARTADO,FACULTAD NACIONAL DE SALUD PUBLICA,TURBO,GERENCIA EN SISTEMAS DE INFORMACION EN SALUD - APARTADO,0.0245,2
APARTADO,FACULTAD NACIONAL DE SALUD PUBLICA,APARTADO,ADMINISTRACION EN SALUD - APARTADO,0.0245,2
CARMENVI,FACULTAD DE ARTES,EL SANTUARIO,GESTION CULTURAL - CARMEN DE VIBORAL,0.0244,2
APARTADO,FACULTAD DE CIENCIAS SOCIALES Y HUMANAS,SAN JUAN DE URABA,TRABAJO SOCIAL-URABA (APARTADO),0.0244,2
APARTADO,FACULTAD DE ARTES,APARTADO,LICENCIATURA EN ARTES PLASTICAS-APARTADO,0.0244,2
STAFEANT,FACULTAD NACIONAL DE SALUD PUBLICA,SANTAFE DE ANTIOQUIA,ADMINISTRACION EN SALUD - SANTA FE,0.0242,2
CARMENVI,FACULTAD DE EDUCACION,RIONEGRO,LICENCIATURA EN EDUCACION INFANTIL-CARMEN DE VIBORAL,0.0241,2
CARMENVI,ESCUELA DE NUTRICION Y DIETETICA,RIONEGRO,NUTRICION Y DIETETICA - CARMEN DE VIBORAL,0.024,2
APARTADO,FACULTAD DE CIENCIAS ECONOMICAS,APARTADO,CONTADURIA PUBLICA- URABA (APARTADO),0.0239,2
STAFEANT,INSTITUTO UNIVERSITARIO DE EDUCACION FISICA Y DEPORTES,SANTAFE DE ANTIOQUIA,LICENCIATURA EN EDUCACION FISICA - SANTA FE DE ANTIOQUIA,0.0239,2
P-BERRIO,FACULTAD NACIONAL DE SALUD PUBLICA,PUERTO BERRIO,ADMINISTRACION AMBIENTAL Y SANITARIA-PUERTO BERRIO,0.0239,2
STAFEANT,FACULTAD NACIONAL DE SALUD PUBLICA,SANTAFE DE ANTIOQUIA,ADMINISTRACION EN SALUD - SANTA FE,0.0238,2
APARTADO,FACULTAD DE CIENCIAS SOCIALES Y HUMANAS,APARTADO,TRABAJO SOCIAL-URABA (APARTADO),0.0238,2
YARUMAL,FACULTAD NACIONAL DE SALUD PUBLICA,YARUMAL,ADMINISTRACION EN SALUD-YARUMAL,0.0238,2
CAREPA,INSTITUTO UNIVERSITARIO DE EDUCACION FISICA Y DEPORTES,CAREPA,LICENCIATURA EN EDUCACION FISICA - CAREPA,0.0237,2
APARTADO,FACULTAD DE CIENCIAS ECONOMICAS,APARTADO,CONTADURIA PUBLICA- URABA (APARTADO),0.0237,2
APARTADO,ESCUELA INTERAMERICANA DE BIBLIOTECOLOGIA,TURBO,ARCHIVISTICA - APARTADO,0.0236,2
CARMENVI,FACULTAD DE CIENCIAS SOCIALES Y HUMANAS,MARINILLA,PSICOLOGIA - CARMEN DE VIBORAL,0.0236,2
CAUCASIA,FACULTAD NACIONAL DE SALUD PUBLICA,CAUCASIA,ADMINISTRACION EN SALUD-CAUCASIA,0.0236,2
APARTADO,ESCUELA INTERAMERICANA DE BIBLIOTECOLOGIA,APARTADO,ARCHIVISTICA - APARTADO,0.0236,2
APARTADO,FACULTAD DE CIENCIAS SOCIALES Y HUMANAS,SAN PEDRO DE URABA,TRABAJO SOCIAL-URABA (APARTADO),0.0236,2
CAUCASIA,FACULTAD DE CIENCIAS SOCIALES Y HUMANAS,MONTELIBANO,TRABAJO SOCIAL - CAUCASIA,0.0235,2
P-BERRIO,FACULTAD NACIONAL DE SALUD PUBLICA,PUERTO BERRIO,ADMINISTRACION AMBIENTAL Y SANITARIA-PUERTO BERRIO,0.0234,2
CAUCASIA,INSTITUTO UNIVERSITARIO DE EDUCACION FISICA Y DEPORTES,CAUCASIA,LICENCIATURA EN EDUCACION FISICA - CAUCASIA,0.0234,2
APARTADO,FACULTAD NACIONAL DE SALUD PUBLICA,APARTADO,GERENCIA EN SISTEMAS DE INFORMACION EN SALUD - APARTADO,0.0233,2
ANDES,FACULTAD DE DERECHO Y CIENCIAS POLITICAS,MEDELLIN,DERECHO - ANDES,0.0232,2
APARTADO,ESCUELA INTERAMERICANA DE BIBLIOTECOLOGIA,APARTADO,ARCHIVISTICA - APARTADO,0.0232,2
CARMENVI,ESCUELA DE NUTRICION Y DIETETICA,MEDELLIN,NUTRICION Y DIETETICA - CARMEN DE VIBORAL,0.0231,2
CARMENVI,ESCUELA DE NUTRICION Y DIETETICA,EL CARMEN DE VIBORAL,NUTRICION Y DIETETICA - CARMEN DE VIBORAL,0.0231,2
CAUCASIA,FACULTAD NACIONAL DE SALUD PUBLICA,CACERES,ADMINISTRACION EN SALUD-CAUCASIA,0.0231,2
YARUMAL,FACULTAD NACIONAL DE SALUD PUBLICA,YARUMAL,ADMINISTRACION EN SALUD-YARUMAL,0.023,2
APARTADO,FACULTAD DE CIENCIAS ECONOMICAS,APARTADO,CONTADURIA PUBLICA- URABA (APARTADO),0.023,2
APARTADO,FACULTAD DE CIENCIAS SOCIALES Y HUMANAS,APARTADO,TRABAJO SOCIAL-URABA (APARTADO),0.0229,2
YARUMAL,INSTITUTO UNIVERSITARIO DE EDUCACION FISICA Y DEPORTES,YARUMAL,LICENCIATURA EN EDUCACION FISICA - YARUMAL,0.0229,2
STAFEANT,FACULTAD DE CIENCIAS SOCIALES Y HUMANAS,GIRALDO,PSICOLOGIA - SANTA FE DE ANTIOQUIA,0.0229,2
STAFEANT,INSTITUTO UNIVERSITARIO DE EDUCACION FISICA Y DEPORTES,LIBORINA,LICENCIATURA EN EDUCACION FISICA - SANTA FE DE ANTIOQUIA,0.0229,2
APARTADO,ESCUELA INTERAMERICANA DE BIBLIOTECOLOGIA,APARTADO,ARCHIVISTICA - APARTADO,0.0229,2
YARUMAL,FACULTAD NACIONAL DE SALUD PUBLICA,YARUMAL,ADMINISTRACION EN SALUD-YARUMAL,0.0228,2
CARMENVI,ESCUELA DE NUTRICION Y DIETETICA,SAHAGUN,NUTRICION Y DIETETICA - CARMEN DE VIBORAL,0.0228,2
CARMENVI,FACULTAD DE MEDICINA,RETIRO,TECNOLOGIA EN ATENCION PREHOSPITALARIA- CARMEN DE VIBORAL,0.0228,2
TURBO,FACULTAD DE EDUCACION,TURBO,LICENCIATURA EN CIENCIAS NATURALES-TURBO,0.0226,2
APARTADO,ESCUELA INTERAMERICANA DE BIBLIOTECOLOGIA,CHIGORODO,ARCHIVISTICA - APARTADO,0.0226,2
APARTADO,FACULTAD DE ARTES,APARTADO,LICENCIATURA EN ARTES PLASTICAS-APARTADO,0.0225,2
ANDES,INSTITUTO UNIVERSITARIO DE EDUCACION FISICA Y DEPORTES,ANDES,LICENCIATURA EN EDUCACION FISICA - ANDES,0.0225,2
CARMENVI,ESCUELA DE NUTRICION Y DIETETICA,RETIRO,NUTRICION Y DIETETICA - CARMEN DE VIBORAL,0.0225,2
APARTADO,FACULTAD NACIONAL DE SALUD PUBLICA,CAREPA,GERENCIA EN SISTEMAS DE INFORMACION EN SALUD - APARTADO,0.0225,2
CAUCASIA,FACULTAD NACIONAL DE SALUD PUBLICA,CAUCASIA,ADMINISTRACION EN SALUD-CAUCASIA,0.0225,2
CARMENVI,FACULTAD DE CIENCIAS FARMACEUTICAS Y ALIMENTARIAS,NECOCLI,INGENIERIA DE ALIMENTOS - CARMEN DE VIBORAL,0.0225,2
TURBO,FACULTAD DE COMUNICACIONES Y FILOLOGIA,CAREPA,COMUNICACION SOCIAL - PERIODISMO TURBO,0.0223,2
YARUMAL,FACULTAD DE ARTES,YARUMAL,GESTION CULTURAL - YARUMAL,0.0223,2
STAFEANT,FACULTAD NACIONAL DE SALUD PUBLICA,SANTAFE DE ANTIOQUIA,ADMINISTRACION EN SALUD - SANTA FE,0.0222,2
CARMENVI,FACULTAD DE ARTES,ARAUCA,LICENCIATURA EN DANZA -CARMEN DE VIBORAL,0.0222,2
ANDES,FACULTAD NACIONAL DE SALUD PUBLICA,ANDES,ADMINISTRACION AMBIENTAL Y SANITARIA- ANDES,0.0221,2
YARUMAL,INSTITUTO UNIVERSITARIO DE EDUCACION FISICA Y DEPORTES,YARUMAL,LICENCIATURA EN EDUCACION FISICA - YARUMAL,0.0221,2
CAUCASIA,FACULTAD NACIONAL DE SALUD PUBLICA,NECHI,ADMINISTRACION EN SALUD-CAUCASIA,0.0221,2
APARTADO,FACULTAD DE CIENCIAS SOCIALES Y HUMANAS,TURBO,TRABAJO SOCIAL-URABA (APARTADO),0.022,2
APARTADO,FACULTAD DE CIENCIAS SOCIALES Y HUMANAS,APARTADO,TRABAJO SOCIAL-URABA (APARTADO),0.0219,2
CARMENVI,ESCUELA DE NUTRICION Y DIETETICA,GUARNE,NUTRICION Y DIETETICA - CARMEN DE VIBORAL,0.0218,1
YARUMAL,FACULTAD NACIONAL DE SALUD PUBLICA,YARUMAL,ADMINISTRACION EN SALUD-YARUMAL,0.0218,1
APARTADO,FACULTAD NACIONAL DE SALUD PUBLICA,TURBO,GERENCIA EN SISTEMAS DE INFORMACION EN SALUD - APARTADO,0.0217,1
APARTADO,ESCUELA INTERAMERICANA DE BIBLIOTECOLOGIA,MEDELLIN,ARCHIVISTICA - APARTADO,0.0217,1
APARTADO,FACULTAD DE CIENCIAS SOCIALES Y HUMANAS,SAN PEDRO DE URABA,TRABAJO SOCIAL-URABA (APARTADO),0.0217,1
APARTADO,FACULTAD NACIONAL DE SALUD PUBLICA,CAREPA,ADMINISTRACION EN SALUD - APARTADO,0.0216,1
APARTADO,FACULTAD DE CIENCIAS ECONOMICAS,CHIGORODO,GESTION EN ECOLOGIA Y TURISMO - APARTADO,0.0216,1
APARTADO,FACULTAD DE CIENCIAS SOCIALES Y HUMANAS,TURBO,TRABAJO SOCIAL-URABA (APARTADO),0.0216,1
APARTADO,FACULTAD NACIONAL DE SALUD PUBLICA,APARTADO,ADMINISTRACION EN SALUD - APARTADO,0.0216,1
APARTADO,FACULTAD NACIONAL DE SALUD PUBLICA,APARTADO,ADMINISTRACION EN SALUD - APARTADO,0.0216,1
YARUMAL,FACULTAD NACIONAL DE SALUD PUBLICA,YARUMAL,ADMINISTRACION EN SALUD-YARUMAL,0.0215,1
CARMENVI,INSTITUTO DE FILOSOFIA,LA UNION,LICENCIATURA EN FILOSOFIA - CARMEN DE VIBORAL,0.0215,1
ANDES,FACULTAD NACIONAL DE SALUD PUBLICA,BETANIA,ADMINISTRACION AMBIENTAL Y SANITARIA- ANDES,0.0215,1
ANDES,INSTITUTO UNIVERSITARIO DE EDUCACION FISICA Y DEPORTES,ANDES,LICENCIATURA EN EDUCACION FISICA - ANDES,0.0214,1
APARTADO,FACULTAD NACIONAL DE SALUD PUBLICA,CAREPA,GERENCIA EN SISTEMAS DE INFORMACION EN SALUD - APARTADO,0.0213,1
CARMENVI,FACULTAD DE MEDICINA,EL CARMEN DE VIBORAL,TECNOLOGIA EN ATENCION PREHOSPITALARIA- CARMEN DE VIBORAL,0.0213,1
CARMENVI,ESCUELA DE NUTRICION Y DIETETICA,EL SANTUARIO,NUTRICION Y DIETETICA - CARMEN DE VIBORAL,0.0213,1
CARMENVI,ESCUELA DE NUTRICION Y DIETETICA,GUARNE,NUTRICION Y DIETETICA - CARMEN DE VIBORAL,0.0213,1
APARTADO,FACULTAD NACIONAL DE SALUD PUBLICA,CAREPA,GERENCIA EN SISTEMAS DE INFORMACION EN SALUD - APARTADO,0.0213,1
CAUCASIA,FACULTAD DE CIENCIAS SOCIALES Y HUMANAS,MARINILLA,PSICOLOGIA - CAUCASIA,0.0213,1
CARMENVI,INSTITUTO DE FILOSOFIA,ABEJORRAL,LICENCIATURA EN FILOSOFIA - CARMEN DE VIBORAL,0.0212,1
APARTADO,ESCUELA INTERAMERICANA DE BIBLIOTECOLOGIA,APARTADO,ARCHIVISTICA - APARTADO,0.0212,1
CARMENVI,FACULTAD DE ARTES,RIONEGRO,ARTE DRAMATICO- CARMEN DE VIBORAL,0.0212,1
ANDES,INSTITUTO UNIVERSITARIO DE EDUCACION FISICA Y DEPORTES,HISPANIA,LICENCIATURA EN EDUCACION FISICA - ANDES,0.0211,1
CARMENVI,FACULTAD DE EDUCACION,EL CARMEN DE VIBORAL,LICENCIATURA EN CIENCIAS SOCIALES-CARMEN DE VIBORAL,0.0211,1
YARUMAL,INSTITUTO UNIVERSITARIO DE EDUCACION FISICA Y DEPORTES,VALDIVIA,LICENCIATURA EN EDUCACION FISICA - YARUMAL,0.021,1
APARTADO,ESCUELA INTERAMERICANA DE BIBLIOTECOLOGIA,TURBO,ARCHIVISTICA - APARTADO,0.021,1
APARTADO,FACULTAD DE CIENCIAS SOCIALES Y HUMANAS,CHIGORODO,TRABAJO SOCIAL-URABA (APARTADO),0.021,1
APARTADO,ESCUELA INTERAMERICANA DE BIBLIOTECOLOGIA,APARTADO,ARCHIVISTICA - APARTADO,0.0209,1
ANDES,FACULTAD NACIONAL DE SALUD PUBLICA,JARDIN,ADMINISTRACION AMBIENTAL Y SANITARIA- ANDES,0.0208,1
YARUMAL,INSTITUTO UNIVERSITARIO DE EDUCACION FISICA Y DEPORTES,YARUMAL,LICENCIATURA EN EDUCACION FISICA - YARUMAL,0.0208,1
APARTADO,FACULTAD NACIONAL DE SALUD PUBLICA,APARTADO,ADMINISTRACION EN SALUD - APARTADO,0.0208,1
APARTADO,FACULTAD NACIONAL DE SALUD PUBLICA,CAREPA,GERENCIA EN SISTEMAS DE INFORMACION EN SALUD - APARTADO,0.0207,1
APARTADO,FACULTAD DE CIENCIAS SOCIALES Y HUMANAS,CAREPA,TRABAJO SOCIAL-URABA (APARTADO),0.0205,1
YARUMAL,FACULTAD NACIONAL DE SALUD PUBLICA,YARUMAL,ADMINISTRACION EN SALUD-YARUMAL,0.0205,1
APARTADO,FACULTAD NACIONAL DE SALUD PUBLICA,CAREPA,GERENCIA EN SISTEMAS DE INFORMACION EN SALUD - APARTADO,0.0205,1
APARTADO,FACULTAD NACIONAL DE SALUD PUBLICA,APARTADO,ADMINISTRACION EN SALUD - APARTADO,0.0205,1
CARMENVI,FACULTAD DE MEDICINA,LA UNION,TECNOLOGIA EN ATENCION PREHOSPITALARIA- CARMEN DE VIBORAL,0.0203,1
CARMENVI,ESCUELA DE NUTRICION Y DIETETICA,CARTAGENA,NUTRICION Y DIETETICA - CARMEN DE VIBORAL,0.0203,1
APARTADO,FACULTAD NACIONAL DE SALUD PUBLICA,APARTADO,ADMINISTRACION EN SALUD - APARTADO,0.0203,1
APARTADO,FACULTAD DE CIENCIAS SOCIALES Y HUMANAS,APARTADO,TRABAJO SOCIAL-URABA (APARTADO),0.0202,1
APARTADO,FACULTAD DE ARTES,CAREPA,LICENCIATURA EN ARTES PLASTICAS-APARTADO,0.0202,1
APARTADO,FACULTAD DE CIENCIAS SOCIALES Y HUMANAS,APARTADO,TRABAJO SOCIAL-URABA (APARTADO),0.0202,1
YARUMAL,INSTITUTO UNIVERSITARIO DE EDUCACION FISICA Y DEPORTES,YARUMAL,LICENCIATURA EN EDUCACION FISICA - YARUMAL,0.0201,1
YARUMAL,FACULTAD DE EDUCACION,SAN JOSE DE LA MONTANA,LICENCIATURA EN CIENCIAS NATURALES- YARUMAL,0.0201,1
CARMENVI,FACULTAD DE CIENCIAS SOCIALES Y HUMANAS,RIONEGRO,PSICOLOGIA - CARMEN DE VIBORAL,0.0201,1
CARMENVI,INSTITUTO DE FILOSOFIA,MARINILLA,LICENCIATURA EN FILOSOFIA - CARMEN DE VIBORAL,0.02,1
APARTADO,ESCUELA INTERAMERICANA DE BIBLIOTECOLOGIA,APARTADO,ARCHIVISTICA - APARTADO,0.02,1
ANDES,ESCUELA DE MICROBIOLOGIA,ANDES,MICROBIOLOGIA INDUSTRIAL Y AMBIENTAL-ANDES,0.0199,1
CARMENVI,FACULTAD DE ARTES,RIONEGRO,LICENCIATURA EN DANZA -CARMEN DE VIBORAL,0.0199,1
STAFEANT,FACULTAD NACIONAL DE SALUD PUBLICA,GIRALDO,ADMINISTRACION EN SALUD - SANTA FE,0.0198,1
APARTADO,FACULTAD NACIONAL DE SALUD PUBLICA,CHIGORODO,ADMINISTRACION EN SALUD - APARTADO,0.0198,1
CARMENVI,FACULTAD DE MEDICINA,RIONEGRO,TECNOLOGIA EN ATENCION PREHOSPITALARIA- CARMEN DE VIBORAL,0.0198,1
CAUCASIA,FACULTAD NACIONAL DE SALUD PUBLICA,CAUCASIA,ADMINISTRACION EN SALUD-CAUCASIA,0.0198,1
YARUMAL,FACULTAD NACIONAL DE SALUD PUBLICA,YARUMAL,ADMINISTRACION EN SALUD-YARUMAL,0.0197,1
CARMENVI,INSTITUTO DE FILOSOFIA,COCORNA,LICENCIATURA EN FILOSOFIA - CARMEN DE VIBORAL,0.0197,1
CAUCASIA,FACULTAD DE DERECHO Y CIENCIAS POLITICAS,MONTELIBANO,DERECHO - CAUCASIA,0.0197,1
CAUCASIA,FACULTAD DE CIENCIAS SOCIALES Y HUMANAS,ZARAGOZA,PSICOLOGIA - CAUCASIA,0.0196,1
CAUCASIA,FACULTAD NACIONAL DE SALUD PUBLICA,CACERES,ADMINISTRACION EN SALUD-CAUCASIA,0.0196,1
P-BERRIO,FACULTAD NACIONAL DE SALUD PUBLICA,PUERTO BERRIO,ADMINISTRACION AMBIENTAL Y SANITARIA-PUERTO BERRIO,0.0196,1
CARMENVI,FACULTAD DE EDUCACION,RIONEGRO,LICENCIATURA EN CIENCIAS NATURALES-CARMEN DE VIBORAL,0.0196,1
CARMENVI,ESCUELA DE NUTRICION Y DIETETICA,EL CARMEN DE VIBORAL,NUTRICION Y DIETETICA - CARMEN DE VIBORAL,0.0195,1
CARMENVI,FACULTAD DE ARTES,RIONEGRO,ARTE DRAMATICO- CARMEN DE VIBORAL,0.0195,1
APARTADO,FACULTAD NACIONAL DE SALUD PUBLICA,APARTADO,ADMINISTRACION EN SALUD - APARTADO,0.0195,1
CAREPA,INSTITUTO UNIVERSITARIO DE EDUCACION FISICA Y DEPORTES,ARBOLETES,LICENCIATURA EN EDUCACION FISICA - CAREPA,0.0194,1
YARUMAL,INSTITUTO UNIVERSITARIO DE EDUCACION FISICA Y DEPORTES,SANTA ROSA DE OSOS,LICENCIATURA EN EDUCACION FISICA - YARUMAL,0.0194,1
STAFEANT,FACULTAD NACIONAL DE SALUD PUBLICA,SANTAFE DE ANTIOQUIA,ADMINISTRACION EN SALUD - SANTA FE,0.0194,1
APARTADO,FACULTAD DE CIENCIAS SOCIALES Y HUMANAS,APARTADO,TRABAJO SOCIAL-URABA (APARTADO),0.0194,1
STAFEANT,FACULTAD DE ARTES,GIRALDO,GESTION CULTURAL - SANTA FE DE ANTIOQUIA,0.0193,1
CAREPA,INSTITUTO UNIVERSITARIO DE EDUCACION FISICA Y DEPORTES,APARTADO,LICENCIATURA EN EDUCACION FISICA - CAREPA,0.0192,1
APARTADO,ESCUELA INTERAMERICANA DE BIBLIOTECOLOGIA,TURBO,ARCHIVISTICA - APARTADO,0.0192,1
P-BERRIO,FACULTAD NACIONAL DE SALUD PUBLICA,PUERTO BERRIO,ADMINISTRACION AMBIENTAL Y SANITARIA-PUERTO BERRIO,0.0192,1
CAUCASIA,FACULTAD NACIONAL DE SALUD PUBLICA,CAUCASIA,ADMINISTRACION EN SALUD-CAUCASIA,0.0192,1
STAFEANT,FACULTAD NACIONAL DE SALUD PUBLICA,SANTAFE DE ANTIOQUIA,ADMINISTRACION EN SALUD - SANTA FE,0.0192,1
P-BERRIO,INSTITUTO UNIVERSITARIO DE EDUCACION FISICA Y DEPORTES,PUERTO BERRIO,LICENCIATURA EN EDUCACION FISICA - PUERTO BERRIO,0.0192,1
APARTADO,FACULTAD DE CIENCIAS SOCIALES Y HUMANAS,APARTADO,TRABAJO SOCIAL-URABA (APARTADO),0.0191,1
ANDES,FACULTAD NACIONAL DE SALUD PUBLICA,SALGAR,ADMINISTRACION AMBIENTAL Y SANITARIA- ANDES,0.0191,1
ANDES,INSTITUTO UNIVERSITARIO DE EDUCACION FISICA Y DEPORTES,ANDES,LICENCIATURA EN EDUCACION FISICA - ANDES,0.0191,1
CARMENVI,FACULTAD DE EDUCACION,EL CARMEN DE VIBORAL,LICENCIATURA EN LITERATURA Y LENGUA CASTELLANA-CV,0.0191,1
APARTADO,FACULTAD DE CIENCIAS SOCIALES Y HUMANAS,APARTADO,TRABAJO SOCIAL-URABA (APARTADO),0.0191,1
CARMENVI,FACULTAD DE EDUCACION,LA UNION,LICENCIATURA EN EDUCACION INFANTIL-CARMEN DE VIBORAL,0.0191,1
CARMENVI,ESCUELA DE NUTRICION Y DIETETICA,MARINILLA,NUTRICION Y DIETETICA - CARMEN DE VIBORAL,0.019,1
ANDES,ESCUELA DE MICROBIOLOGIA,ANDES,MICROBIOLOGIA INDUSTRIAL Y AMBIENTAL-ANDES,0.019,1
APARTADO,FACULTAD NACIONAL DE SALUD PUBLICA,CHIGORODO,GERENCIA EN SISTEMAS DE INFORMACION EN SALUD - APARTADO,0.019,1
CAUCASIA,FACULTAD NACIONAL DE SALUD PUBLICA,EL BAGRE,ADMINISTRACION EN SALUD-CAUCASIA,0.019,1
CAUCASIA,FACULTAD NACIONAL DE SALUD PUBLICA,CAUCASIA,ADMINISTRACION EN SALUD-CAUCASIA,0.0189,1
YARUMAL,INSTITUTO UNIVERSITARIO DE EDUCACION FISICA Y DEPORTES,YARUMAL,LICENCIATURA EN EDUCACION FISICA - YARUMAL,0.0189,1
CAUCASIA,FACULTAD NACIONAL DE SALUD PUBLICA,EL BAGRE,ADMINISTRACION EN SALUD-CAUCASIA,0.0189,1
APARTADO,FACULTAD NACIONAL DE SALUD PUBLICA,APARTADO,GERENCIA EN SISTEMAS DE INFORMACION EN SALUD - APARTADO,0.0189,1
APARTADO,FACULTAD NACIONAL DE SALUD PUBLICA,CAREPA,ADMINISTRACION EN SALUD - APARTADO,0.0187,1
APARTADO,FACULTAD NACIONAL DE SALUD PUBLICA,CAREPA,GERENCIA EN SISTEMAS DE INFORMACION EN SALUD - APARTADO,0.0187,1
CARMENVI,INSTITUTO UNIVERSITARIO DE EDUCACION FISICA Y DEPORTES,EL CARMEN DE VIBORAL,LICENCIATURA EN EDUCACION FISICA - CARMEN DE VIBORAL,0.0187,1
CARMENVI,FACULTAD DE EDUCACION,EL PENOL,LICENCIATURA EN EDUCACION INFANTIL-CARMEN DE VIBORAL,0.0187,1
CAUCASIA,FACULTAD DE DERECHO Y CIENCIAS POLITICAS,CAUCASIA,DERECHO - CAUCASIA,0.0187,1
APARTADO,FACULTAD NACIONAL DE SALUD PUBLICA,CAREPA,GERENCIA EN SISTEMAS DE INFORMACION EN SALUD - APARTADO,0.0187,1
CARMENVI,FACULTAD DE EDUCACION,EL CARMEN DE VIBORAL,LICENCIATURA EN EDUCACION INFANTIL-CARMEN DE VIBORAL,0.0187,1
APARTADO,FACULTAD NACIONAL DE SALUD PUBLICA,CHIGORODO,ADMINISTRACION EN SALUD - APARTADO,0.0186,1
CARMENVI,FACULTAD DE CIENCIAS SOCIALES Y HUMANAS,LA CEJA,PSICOLOGIA - CARMEN DE VIBORAL,0.0186,1
CARMENVI,FACULTAD DE ARTES,RETIRO,GESTION CULTURAL - CARMEN DE VIBORAL,0.0185,1
CARMENVI,FACULTAD DE MEDICINA,LA CEJA,TECNOLOGIA EN ATENCION PREHOSPITALARIA- CARMEN DE VIBORAL,0.0185,1
P-BERRIO,FACULTAD NACIONAL DE SALUD PUBLICA,PUERTO BERRIO,ADMINISTRACION AMBIENTAL Y SANITARIA-PUERTO BERRIO,0.0184,1
APARTADO,FACULTAD NACIONAL DE SALUD PUBLICA,APARTADO,GERENCIA EN SISTEMAS DE INFORMACION EN SALUD - APARTADO,0.0184,1
CARMENVI,FACULTAD DE MEDICINA,EL CARMEN DE VIBORAL,TECNOLOGIA EN ATENCION PREHOSPITALARIA- CARMEN DE VIBORAL,0.0184,1
APARTADO,FACULTAD DE CIENCIAS SOCIALES Y HUMANAS,APARTADO,TRABAJO SOCIAL-URABA (APARTADO),0.0182,1
APARTADO,FACULTAD DE ARTES,TURBO,LICENCIATURA EN ARTES PLASTICAS-APARTADO,0.0182,1
APARTADO,FACULTAD DE CIENCIAS SOCIALES Y HUMANAS,APARTADO,TRABAJO SOCIAL-URABA (APARTADO),0.0182,1
CARMENVI,FACULTAD DE ARTES,EL CARMEN DE VIBORAL,LICENCIATURA EN ARTES PLASTICAS - CARMEN DE VIBORAL,0.0181,1
APARTADO,FACULTAD DE CIENCIAS ECONOMICAS,APARTADO,CONTADURIA PUBLICA- URABA (APARTADO),0.018,1
CAREPA,INSTITUTO UNIVERSITARIO DE EDUCACION FISICA Y DEPORTES,APARTADO,LICENCIATURA EN EDUCACION FISICA - CAREPA,0.018,1
ANDES,FACULTAD DE DERECHO Y CIENCIAS POLITICAS,ANDES,DERECHO - ANDES,0.018,1
TURBO,FACULTAD DE COMUNICACIONES Y FILOLOGIA,TURBO,COMUNICACION SOCIAL - PERIODISMO TURBO,0.0179,1
STAFEANT,FACULTAD NACIONAL DE SALUD PUBLICA,SABANETA,ADMINISTRACION EN SALUD - SANTA FE,0.0179,1
CAREPA,INSTITUTO UNIVERSITARIO DE EDUCACION FISICA Y DEPORTES,TURBO,LICENCIATURA EN EDUCACION FISICA - CAREPA,0.0179,1
APARTADO,FACULTAD DE CIENCIAS SOCIALES Y HUMANAS,APARTADO,TRABAJO SOCIAL-URABA (APARTADO),0.0179,1
CARMENVI,ESCUELA INTERAMERICANA DE BIBLIOTECOLOGIA,LA CEJA,ARCHIVISTICA -CARMEN DE VIBORAL,0.0178,1
CARMENVI,FACULTAD DE MEDICINA,RIONEGRO,TECNOLOGIA EN ATENCION PREHOSPITALARIA- CARMEN DE VIBORAL,0.0178,1
APARTADO,FACULTAD NACIONAL DE SALUD PUBLICA,TURBO,GERENCIA EN SISTEMAS DE INFORMACION EN SALUD - APARTADO,0.0178,1
CARMENVI,FACULTAD DE CIENCIAS FARMACEUTICAS Y ALIMENTARIAS,BELLO,CIENCIAS CULINARIAS - CARMEN DE VIBORAL,0.0177,1
CAUCASIA,FACULTAD NACIONAL DE SALUD PUBLICA,CAUCASIA,ADMINISTRACION EN SALUD-CAUCASIA,0.0177,1
ANDES,FACULTAD NACIONAL DE SALUD PUBLICA,ANDES,ADMINISTRACION AMBIENTAL Y SANITARIA- ANDES,0.0177,1
CAUCASIA,INSTITUTO UNIVERSITARIO DE EDUCACION FISICA Y DEPORTES,CAUCASIA,LICENCIATURA EN EDUCACION FISICA - CAUCASIA,0.0177,1
APARTADO,FACULTAD NACIONAL DE SALUD PUBLICA,APARTADO,GERENCIA EN SISTEMAS DE INFORMACION EN SALUD - APARTADO,0.0176,1
APARTADO,FACULTAD NACIONAL DE SALUD PUBLICA,APARTADO,ADMINISTRACION EN SALUD - APARTADO,0.0175,1
APARTADO,FACULTAD DE CIENCIAS ECONOMICAS,CAREPA,CONTADURIA PUBLICA- URABA (APARTADO),0.0175,1
CARMENVI,INSTITUTO DE FILOSOFIA,RIONEGRO,LICENCIATURA EN FILOSOFIA - CARMEN DE VIBORAL,0.0174,1
P-BERRIO,INSTITUTO UNIVERSITARIO DE EDUCACION FISICA Y DEPORTES,MACEO,LICENCIATURA EN EDUCACION FISICA - PUERTO BERRIO,0.0174,1
APARTADO,FACULTAD NACIONAL DE SALUD PUBLICA,APARTADO,ADMINISTRACION EN SALUD - APARTADO,0.0174,1
ANDES,INSTITUTO UNIVERSITARIO DE EDUCACION FISICA Y DEPORTES,ANDES,LICENCIATURA EN EDUCACION FISICA - ANDES,0.0174,1
CARMENVI,FACULTAD DE CIENCIAS SOCIALES Y HUMANAS,ITAGUI,PSICOLOGIA - CARMEN DE VIBORAL,0.0173,1
APARTADO,FACULTAD DE CIENCIAS ECONOMICAS,TURBO,CONTADURIA PUBLICA- URABA (APARTADO),0.0173,1
APARTADO,FACULTAD DE CIENCIAS SOCIALES Y HUMANAS,SAN PEDRO DE URABA,TRABAJO SOCIAL-URABA (APARTADO),0.0173,1
YARUMAL,FACULTAD NACIONAL DE SALUD PUBLICA,YARUMAL,ADMINISTRACION EN SALUD-YARUMAL,0.0173,1
YARUMAL,FACULTAD NACIONAL DE SALUD PUBLICA,YARUMAL,ADMINISTRACION EN SALUD-YARUMAL,0.0172,1
YARUMAL,INSTITUTO UNIVERSITARIO DE EDUCACION FISICA Y DEPORTES,YARUMAL,LICENCIATURA EN EDUCACION FISICA - YARUMAL,0.0172,1
ANDES,INSTITUTO UNIVERSITARIO DE EDUCACION FISICA Y DEPORTES,ANDES,LICENCIATURA EN EDUCACION FISICA - ANDES,0.0172,1
ANDES,INSTITUTO UNIVERSITARIO DE EDUCACION FISICA Y DEPORTES,HISPANIA,LICENCIATURA EN EDUCACION FISICA - ANDES,0.0172,1
ANDES,INSTITUTO UNIVERSITARIO DE EDUCACION FISICA Y DEPORTES,JARDIN,LICENCIATURA EN EDUCACION FISICA - ANDES,0.0172,1
CARMENVI,FACULTAD DE CIENCIAS FARMACEUTICAS Y ALIMENTARIAS,RIONEGRO,CIENCIAS CULINARIAS - CARMEN DE VIBORAL,0.0172,1
ANDES,INSTITUTO UNIVERSITARIO DE EDUCACION FISICA Y DEPORTES,ANDES,LICENCIATURA EN EDUCACION FISICA - ANDES,0.0172,1
CARMENVI,ESCUELA DE NUTRICION Y DIETETICA,RIONEGRO,NUTRICION Y DIETETICA - CARMEN DE VIBORAL,0.0172,1
ANDES,INSTITUTO UNIVERSITARIO DE EDUCACION FISICA Y DEPORTES,ANDES,LICENCIATURA EN EDUCACION FISICA - ANDES,0.0172,1
APARTADO,FACULTAD DE CIENCIAS SOCIALES Y HUMANAS,APARTADO,TRABAJO SOCIAL-URABA (APARTADO),0.0172,1
ANDES,INSTITUTO UNIVERSITARIO DE EDUCACION FISICA Y DEPORTES,CIUDAD BOLIVAR,LICENCIATURA EN EDUCACION FISICA - ANDES,0.0171,1
CARMENVI,INSTITUTO UNIVERSITARIO DE EDUCACION FISICA Y DEPORTES,EL CARMEN DE VIBORAL,LICENCIATURA EN EDUCACION FISICA - CARMEN DE VIBORAL,0.0171,1
CARMENVI,FACULTAD DE EDUCACION,MEDELLIN,LICENCIATURA EN EDUCACION ESPECIAL - CARMEN DE VIBORAL,0.017,1
CAUCASIA,FACULTAD NACIONAL DE SALUD PUBLICA,CAUCASIA,ADMINISTRACION EN SALUD-CAUCASIA,0.017,1
CARMENVI,FACULTAD DE MEDICINA,RETIRO,TECNOLOGIA EN ATENCION PREHOSPITALARIA- CARMEN DE VIBORAL,0.0168,1
CAREPA,INSTITUTO UNIVERSITARIO DE EDUCACION FISICA Y DEPORTES,CHIGORODO,LICENCIATURA EN EDUCACION FISICA - CAREPA,0.0168,1
APARTADO,FACULTAD DE CIENCIAS ECONOMICAS,APARTADO,CONTADURIA PUBLICA- URABA (APARTADO),0.0168,1
APARTADO,FACULTAD DE ARTES,CHIGORODO,LICENCIATURA EN ARTES PLASTICAS-APARTADO,0.0167,1
APARTADO,FACULTAD DE CIENCIAS ECONOMICAS,APARTADO,GESTION EN ECOLOGIA Y TURISMO - APARTADO,0.0167,1
CARMENVI,FACULTAD DE CIENCIAS FARMACEUTICAS Y ALIMENTARIAS,PASTO,CIENCIAS CULINARIAS - CARMEN DE VIBORAL,0.0167,1
CARMENVI,FACULTAD DE ARTES,LA UNION,GESTION CULTURAL - CARMEN DE VIBORAL,0.0166,1
P-BERRIO,FACULTAD DE CIENCIAS SOCIALES Y HUMANAS,PUERTO BERRIO,PSICOLOGIA - PUERTO BERRIO,0.0166,1
ANDES,INSTITUTO UNIVERSITARIO DE EDUCACION FISICA Y DEPORTES,CIUDAD BOLIVAR,LICENCIATURA EN EDUCACION FISICA - ANDES,0.0165,1
APARTADO,FACULTAD DE INGENIERIA,TURBO,INGENIERIA CIVIL-APARTADO,0.0165,1
APARTADO,FACULTAD NACIONAL DE SALUD PUBLICA,CHIGORODO,ADMINISTRACION EN SALUD - APARTADO,0.0165,1
APARTADO,FACULTAD DE INGENIERIA,TURBO,INGENIERIA CIVIL-APARTADO,0.0165,1
CARMENVI,INSTITUTO UNIVERSITARIO DE EDUCACION FISICA Y DEPORTES,LA CEJA,LICENCIATURA EN EDUCACION FISICA - CARMEN DE VIBORAL,0.0165,1
CARMENVI,INSTITUTO UNIVERSITARIO DE EDUCACION FISICA Y DEPORTES,LA UNION,LICENCIATURA EN EDUCACION FISICA - CARMEN DE VIBORAL,0.0165,1
YARUMAL,FACULTAD NACIONAL DE SALUD PUBLICA,YARUMAL,ADMINISTRACION EN SALUD-YARUMAL,0.0165,1
YARUMAL,INSTITUTO UNIVERSITARIO DE EDUCACION FISICA Y DEPORTES,YARUMAL,LICENCIATURA EN EDUCACION FISICA - YARUMAL,0.0165,1
APARTADO,FACULTAD NACIONAL DE SALUD PUBLICA,APARTADO,ADMINISTRACION EN SALUD - APARTADO,0.0164,1
CAREPA,FACULTAD DE DERECHO Y CIENCIAS POLITICAS,CAREPA,DERECHO - CAREPA,0.0164,1
CARMENVI,ESCUELA DE NUTRICION Y DIETETICA,EL CARMEN DE VIBORAL,NUTRICION Y DIETETICA - CARMEN DE VIBORAL,0.0163,1
APARTADO,FACULTAD NACIONAL DE SALUD PUBLICA,APARTADO,GERENCIA EN SISTEMAS DE INFORMACION EN SALUD - APARTADO,0.0163,1
APARTADO,FACULTAD NACIONAL DE SALUD PUBLICA,APARTADO,ADMINISTRACION EN SALUD - APARTADO,0.0163,1
CAUCASIA,FACULTAD NACIONAL DE SALUD PUBLICA,MONTELIBANO,ADMINISTRACION EN SALUD-CAUCASIA,0.0162,1
STAFEANT,INSTITUTO UNIVERSITARIO DE EDUCACION FISICA Y DEPORTES,SANTAFE DE ANTIOQUIA,LICENCIATURA EN EDUCACION FISICA - SANTA FE DE ANTIOQUIA,0.0161,1
STAFEANT,INSTITUTO UNIVERSITARIO DE EDUCACION FISICA Y DEPORTES,DABEIBA,LICENCIATURA EN EDUCACION FISICA - SANTA FE DE ANTIOQUIA,0.0161,1
CARMENVI,FACULTAD DE ARTES,EL CARMEN DE VIBORAL,GESTION CULTURAL - CARMEN DE VIBORAL,0.016,1
CAREPA,FACULTAD DE DERECHO Y CIENCIAS POLITICAS,TURBO,DERECHO - CAREPA,0.016,1
CARMENVI,ESCUELA DE NUTRICION Y DIETETICA,LA CEJA,NUTRICION Y DIETETICA - CARMEN DE VIBORAL,0.016,1
APARTADO,FACULTAD NACIONAL DE SALUD PUBLICA,CHIGORODO,ADMINISTRACION EN SALUD - APARTADO,0.0159,1
CARMENVI,FACULTAD DE CIENCIAS SOCIALES Y HUMANAS,RETIRO,PSICOLOGIA - CARMEN DE VIBORAL,0.0159,1
CARMENVI,INSTITUTO DE FILOSOFIA,EL CARMEN DE VIBORAL,LICENCIATURA EN FILOSOFIA - CARMEN DE VIBORAL,0.0158,1
YARUMAL,INSTITUTO UNIVERSITARIO DE EDUCACION FISICA Y DEPORTES,YARUMAL,LICENCIATURA EN EDUCACION FISICA - YARUMAL,0.0158,1
APARTADO,FACULTAD NACIONAL DE SALUD PUBLICA,CHIGORODO,GERENCIA EN SISTEMAS DE INFORMACION EN SALUD - APARTADO,0.0158,1
APARTADO,FACULTAD NACIONAL DE SALUD PUBLICA,APARTADO,GERENCIA EN SISTEMAS DE INFORMACION EN SALUD - APARTADO,0.0158,1
CAREPA,INSTITUTO UNIVERSITARIO DE EDUCACION FISICA Y DEPORTES,APARTADO,LICENCIATURA EN EDUCACION FISICA - CAREPA,0.0158,1
APARTADO,FACULTAD DE ARTES,CAREPA,LICENCIATURA EN ARTES PLASTICAS-APARTADO,0.0158,1
CARMENVI,FACULTAD DE EDUCACION,EL CARMEN DE VIBORAL,LICENCIATURA EN LITERATURA Y LENGUA CASTELLANA-CV,0.0157,1
CARMENVI,INSTITUTO UNIVERSITARIO DE EDUCACION FISICA Y DEPORTES,LA UNION,LICENCIATURA EN EDUCACION FISICA - CARMEN DE VIBORAL,0.0157,1
APARTADO,FACULTAD NACIONAL DE SALUD PUBLICA,CHIGORODO,GERENCIA EN SISTEMAS DE INFORMACION EN SALUD - APARTADO,0.0157,1
CARMENVI,FACULTAD DE CIENCIAS SOCIALES Y HUMANAS,GUARNE,PSICOLOGIA - CARMEN DE VIBORAL,0.0157,1
CAREPA,INSTITUTO UNIVERSITARIO DE EDUCACION FISICA Y DEPORTES,APARTADO,LICENCIATURA EN EDUCACION FISICA - CAREPA,0.0156,1
CAREPA,INSTITUTO UNIVERSITARIO DE EDUCACION FISICA Y DEPORTES,APARTADO,LICENCIATURA EN EDUCACION FISICA - CAREPA,0.0155,1
CAUCASIA,FACULTAD DE CIENCIAS SOCIALES Y HUMANAS,AYAPEL,PSICOLOGIA - CAUCASIA,0.0155,1
CARMENVI,FACULTAD DE MEDICINA,MEDELLIN,TECNOLOGIA EN ATENCION PREHOSPITALARIA- CARMEN DE VIBORAL,0.0154,1
APARTADO,FACULTAD DE ARTES,APARTADO,LICENCIATURA EN ARTES PLASTICAS-APARTADO,0.0154,1
APARTADO,FACULTAD NACIONAL DE SALUD PUBLICA,APARTADO,GERENCIA EN SISTEMAS DE INFORMACION EN SALUD - APARTADO,0.0154,1
APARTADO,FACULTAD NACIONAL DE SALUD PUBLICA,APARTADO,ADMINISTRACION EN SALUD - APARTADO,0.0153,1
CARMENVI,INSTITUTO DE FILOSOFIA,CONCEPCION,LICENCIATURA EN FILOSOFIA - CARMEN DE VIBORAL,0.0153,1
STAFEANT,FACULTAD NACIONAL DE SALUD PUBLICA,SANTAFE DE ANTIOQUIA,ADMINISTRACION EN SALUD - SANTA FE,0.0152,1
CAREPA,FACULTAD DE DERECHO Y CIENCIAS POLITICAS,APARTADO,DERECHO - CAREPA,0.0152,1
CARMENVI,FACULTAD DE MEDICINA,SAN VICENTE,TECNOLOGIA EN ATENCION PREHOSPITALARIA- CARMEN DE VIBORAL,0.0152,1
CAREPA,FACULTAD DE DERECHO Y CIENCIAS POLITICAS,APARTADO,DERECHO - CAREPA,0.0152,1
APARTADO,FACULTAD DE ARTES,APARTADO,LICENCIATURA EN ARTES PLASTICAS-APARTADO,0.0151,1
APARTADO,FACULTAD DE ARTES,APARTADO,LICENCIATURA EN ARTES PLASTICAS-APARTADO,0.0151,1
CARMENVI,FACULTAD DE MEDICINA,LA CEJA,TECNOLOGIA EN ATENCION PREHOSPITALARIA- CARMEN DE VIBORAL,0.0151,1
CAREPA,FACULTAD DE DERECHO Y CIENCIAS POLITICAS,APARTADO,DERECHO - CAREPA,0.015,1
YARUMAL,INSTITUTO UNIVERSITARIO DE EDUCACION FISICA Y DEPORTES,YARUMAL,LICENCIATURA EN EDUCACION FISICA - YARUMAL,0.0149,1
STAFEANT,INSTITUTO UNIVERSITARIO DE EDUCACION FISICA Y DEPORTES,CANASGORDAS,LICENCIATURA EN EDUCACION FISICA - SANTA FE DE ANTIOQUIA,0.0149,1
CARMENVI,FACULTAD DE EDUCACION,RIONEGRO,LICENCIATURA EN CIENCIAS NATURALES-CARMEN DE VIBORAL,0.0149,1
YARUMAL,FACULTAD NACIONAL DE SALUD PUBLICA,YARUMAL,ADMINISTRACION EN SALUD-YARUMAL,0.0147,1
P-BERRIO,INSTITUTO UNIVERSITARIO DE EDUCACION FISICA Y DEPORTES,PUERTO BERRIO,LICENCIATURA EN EDUCACION FISICA - PUERTO BERRIO,0.0146,1
P-BERRIO,FACULTAD NACIONAL DE SALUD PUBLICA,PUERTO BERRIO,ADMINISTRACION AMBIENTAL Y SANITARIA-PUERTO BERRIO,0.0146,1
APARTADO,FACULTAD DE CIENCIAS SOCIALES Y HUMANAS,APARTADO,TRABAJO SOCIAL-URABA (APARTADO),0.0145,1
APARTADO,FACULTAD DE CIENCIAS ECONOMICAS,CHIGORODO,CONTADURIA PUBLICA- URABA (APARTADO),0.0145,1
P-BERRIO,INSTITUTO UNIVERSITARIO DE EDUCACION FISICA Y DEPORTES,CARACOLI,LICENCIATURA EN EDUCACION FISICA - PUERTO BERRIO,0.0145,1
YARUMAL,FACULTAD NACIONAL DE SALUD PUBLICA,YARUMAL,ADMINISTRACION EN SALUD-YARUMAL,0.0145,1
P-BERRIO,INSTITUTO UNIVERSITARIO DE EDUCACION FISICA Y DEPORTES,PUERTO BERRIO,LICENCIATURA EN EDUCACION FISICA - PUERTO BERRIO,0.0144,1
CARMENVI,ESCUELA DE NUTRICION Y DIETETICA,EL CARMEN DE VIBORAL,NUTRICION Y DIETETICA - CARMEN DE VIBORAL,0.0144,1
APARTADO,FACULTAD DE ARTES,CHIGORODO,LICENCIATURA EN DANZA -APARTADO,0.0144,1
CARMENVI,FACULTAD NACIONAL DE SALUD PUBLICA,ENVIGADO,ADMINISTRACION AMBIENTAL Y SANITARIA-CARMEN DE VIBORAL,0.0144,1
APARTADO,FACULTAD NACIONAL DE SALUD PUBLICA,CHIGORODO,ADMINISTRACION EN SALUD - APARTADO,0.0143,1
APARTADO,FACULTAD DE CIENCIAS SOCIALES Y HUMANAS,TURBO,TRABAJO SOCIAL-URABA (APARTADO),0.0143,1
CAREPA,FACULTAD DE DERECHO Y CIENCIAS POLITICAS,BELLO,DERECHO - CAREPA,0.0142,1
YARUMAL,FACULTAD NACIONAL DE SALUD PUBLICA,YARUMAL,ADMINISTRACION EN SALUD-YARUMAL,0.0142,1
APARTADO,FACULTAD NACIONAL DE SALUD PUBLICA,CHIGORODO,ADMINISTRACION EN SALUD - APARTADO,0.0142,1
P-BERRIO,FACULTAD DE CIENCIAS SOCIALES Y HUMANAS,MACEO,PSICOLOGIA - PUERTO BERRIO,0.0142,1
P-BERRIO,ESCUELA INTERAMERICANA DE BIBLIOTECOLOGIA,PUERTO BERRIO,ARCHIVISTICA - PUERTO BERRIO,0.0141,1
APARTADO,FACULTAD NACIONAL DE SALUD PUBLICA,TURBO,GERENCIA EN SISTEMAS DE INFORMACION EN SALUD - APARTADO,0.0141,1
CAUCASIA,FACULTAD DE CIENCIAS SOCIALES Y HUMANAS,CAUCASIA,PSICOLOGIA - CAUCASIA,0.014,1
CARMENVI,FACULTAD DE EDUCACION,ABEJORRAL,LICENCIATURA EN CIENCIAS SOCIALES-CARMEN DE VIBORAL,0.014,1
CAREPA,INSTITUTO UNIVERSITARIO DE EDUCACION FISICA Y DEPORTES,CHIGORODO,LICENCIATURA EN EDUCACION FISICA - CAREPA,0.0139,1
P-BERRIO,INSTITUTO UNIVERSITARIO DE EDUCACION FISICA Y DEPORTES,PUERTO BERRIO,LICENCIATURA EN EDUCACION FISICA - PUERTO BERRIO,0.0137,1
CARMENVI,FACULTAD DE CIENCIAS FARMACEUTICAS Y ALIMENTARIAS,EL CARMEN DE VIBORAL,CIENCIAS CULINARIAS - CARMEN DE VIBORAL,0.0137,1
CARMENVI,FACULTAD DE CIENCIAS SOCIALES Y HUMANAS,RIONEGRO,PSICOLOGIA - CARMEN DE VIBORAL,0.0136,1
CAREPA,FACULTAD DE DERECHO Y CIENCIAS POLITICAS,ARBOLETES,DERECHO - CAREPA,0.0136,1
CARMENVI,ESCUELA DE NUTRICION Y DIETETICA,RIONEGRO,NUTRICION Y DIETETICA - CARMEN DE VIBORAL,0.0136,1
APARTADO,ESCUELA INTERAMERICANA DE BIBLIOTECOLOGIA,APARTADO,ARCHIVISTICA - APARTADO,0.0136,1
CARMENVI,FACULTAD NACIONAL DE SALUD PUBLICA,LA CEJA,ADMINISTRACION AMBIENTAL Y SANITARIA-CARMEN DE VIBORAL,0.0136,1
APARTADO,FACULTAD DE ARTES,APARTADO,LICENCIATURA EN ARTES PLASTICAS-APARTADO,0.0135,1
P-BERRIO,INSTITUTO UNIVERSITARIO DE EDUCACION FISICA Y DEPORTES,PUERTO BERRIO,LICENCIATURA EN EDUCACION FISICA - PUERTO BERRIO,0.0134,1
YARUMAL,INSTITUTO UNIVERSITARIO DE EDUCACION FISICA Y DEPORTES,YARUMAL,LICENCIATURA EN EDUCACION FISICA - YARUMAL,0.0134,1
P-BERRIO,FACULTAD NACIONAL DE SALUD PUBLICA,PUERTO BERRIO,ADMINISTRACION AMBIENTAL Y SANITARIA-PUERTO BERRIO,0.0134,1
APARTADO,FACULTAD DE ARTES,MEDELLIN,LICENCIATURA EN ARTES PLASTICAS-APARTADO,0.0133,1
CARMENVI,FACULTAD DE EDUCACION,EL PENOL,LICENCIATURA EN CIENCIAS SOCIALES-CARMEN DE VIBORAL,0.0132,1
YARUMAL,INSTITUTO UNIVERSITARIO DE EDUCACION FISICA Y DEPORTES,YARUMAL,LICENCIATURA EN EDUCACION FISICA - YARUMAL,0.0132,1
ANDES,INSTITUTO UNIVERSITARIO DE EDUCACION FISICA Y DEPORTES,JARDIN,LICENCIATURA EN EDUCACION FISICA - ANDES,0.0131,1
CAREPA,FACULTAD DE DERECHO Y CIENCIAS POLITICAS,APARTADO,DERECHO - CAREPA,0.0131,1
CAREPA,INSTITUTO UNIVERSITARIO DE EDUCACION FISICA Y DEPORTES,CHIGORODO,LICENCIATURA EN EDUCACION FISICA - CAREPA,0.0131,1
YARUMAL,FACULTAD NACIONAL DE SALUD PUBLICA,YARUMAL,ADMINISTRACION EN SALUD-YARUMAL,0.013,1
CARMENVI,FACULTAD DE CIENCIAS SOCIALES Y HUMANAS,CACERES,PSICOLOGIA - CARMEN DE VIBORAL,0.0129,1
STAFEANT,INSTITUTO UNIVERSITARIO DE EDUCACION FISICA Y DEPORTES,SANTAFE DE ANTIOQUIA,LICENCIATURA EN EDUCACION FISICA - SANTA FE DE ANTIOQUIA,0.0129,1
CARMENVI,FACULTAD DE CIENCIAS FARMACEUTICAS Y ALIMENTARIAS,MEDELLIN,CIENCIAS CULINARIAS - CARMEN DE VIBORAL,0.0129,1
APARTADO,FACULTAD NACIONAL DE SALUD PUBLICA,CHIGORODO,GERENCIA EN SISTEMAS DE INFORMACION EN SALUD - APARTADO,0.0129,1
CAREPA,FACULTAD DE DERECHO Y CIENCIAS POLITICAS,MEDELLIN,DERECHO - CAREPA,0.0128,1
APARTADO,FACULTAD NACIONAL DE SALUD PUBLICA,APARTADO,GERENCIA EN SISTEMAS DE INFORMACION EN SALUD - APARTADO,0.0127,1
APARTADO,FACULTAD DE ARTES,TURBO,LICENCIATURA EN ARTES PLASTICAS-APARTADO,0.0127,1
APARTADO,FACULTAD NACIONAL DE SALUD PUBLICA,APARTADO,GERENCIA EN SISTEMAS DE INFORMACION EN SALUD - APARTADO,0.0127,1
CARMENVI,ESCUELA DE NUTRICION Y DIETETICA,IPIALES,NUTRICION Y DIETETICA - CARMEN DE VIBORAL,0.0127,1
CAREPA,FACULTAD DE DERECHO Y CIENCIAS POLITICAS,APARTADO,DERECHO - CAREPA,0.0126,1
CARMENVI,FACULTAD DE CIENCIAS SOCIALES Y HUMANAS,CHIGORODO,PSICOLOGIA - CARMEN DE VIBORAL,0.0126,1
CAREPA,FACULTAD DE DERECHO Y CIENCIAS POLITICAS,APARTADO,DERECHO - CAREPA,0.0126,1
CAREPA,FACULTAD DE DERECHO Y CIENCIAS POLITICAS,APARTADO,DERECHO - CAREPA,0.0125,1
P-BERRIO,INSTITUTO UNIVERSITARIO DE EDUCACION FISICA Y DEPORTES,PUERTO BERRIO,LICENCIATURA EN EDUCACION FISICA - PUERTO BERRIO,0.0123,1
P-BERRIO,ESCUELA INTERAMERICANA DE BIBLIOTECOLOGIA,PUERTO BERRIO,ARCHIVISTICA - PUERTO BERRIO,0.0123,1
APARTADO,FACULTAD DE ARTES,APARTADO,LICENCIATURA EN DANZA -APARTADO,0.0122,1
CARMENVI,FACULTAD DE MEDICINA,GUARNE,TECNOLOGIA EN ATENCION PREHOSPITALARIA- CARMEN DE VIBORAL,0.0122,1
STAFEANT,INSTITUTO UNIVERSITARIO DE EDUCACION FISICA Y DEPORTES,SANTAFE DE ANTIOQUIA,LICENCIATURA EN EDUCACION FISICA - SANTA FE DE ANTIOQUIA,0.0121,1
CARMENVI,ESCUELA DE NUTRICION Y DIETETICA,LA CEJA,NUTRICION Y DIETETICA - CARMEN DE VIBORAL,0.0121,1
CARMENVI,ESCUELA DE NUTRICION Y DIETETICA,RIONEGRO,NUTRICION Y DIETETICA - CARMEN DE VIBORAL,0.0121,1
P-BERRIO,ESCUELA INTERAMERICANA DE BIBLIOTECOLOGIA,PUERTO BERRIO,ARCHIVISTICA - PUERTO BERRIO,0.0121,1
CARMENVI,ESCUELA DE NUTRICION Y DIETETICA,RIONEGRO,NUTRICION Y DIETETICA - CARMEN DE VIBORAL,0.012,1
CARMENVI,FACULTAD DE MEDICINA,EL SANTUARIO,TECNOLOGIA EN ATENCION PREHOSPITALARIA- CARMEN DE VIBORAL,0.012,1
APARTADO,FACULTAD DE CIENCIAS SOCIALES Y HUMANAS,CHIGORODO,PSICOLOGIA - URABA (APARTADO),0.012,1
CARMENVI,INSTITUTO DE FILOSOFIA,RIONEGRO,LICENCIATURA EN FILOSOFIA - CARMEN DE VIBORAL,0.012,1
TURBO,FACULTAD DE EDUCACION,APARTADO,LICENCIATURA EN CIENCIAS NATURALES-TURBO,0.0119,1
CARMENVI,FACULTAD DE EDUCACION,MARINILLA,LICENCIATURA EN LITERATURA Y LENGUA CASTELLANA-CV,0.0118,1
APARTADO,FACULTAD DE INGENIERIA,SAN PEDRO DE URABA,INGENIERIA CIVIL-APARTADO,0.0118,1
APARTADO,FACULTAD NACIONAL DE SALUD PUBLICA,APARTADO,GERENCIA EN SISTEMAS DE INFORMACION EN SALUD - APARTADO,0.0118,1
CARMENVI,FACULTAD DE MEDICINA,LA CEJA,TECNOLOGIA EN ATENCION PREHOSPITALARIA- CARMEN DE VIBORAL,0.0117,1
STAFEANT,FACULTAD DE CIENCIAS SOCIALES Y HUMANAS,DABEIBA,PSICOLOGIA - SANTA FE DE ANTIOQUIA,0.0116,1
CARMENVI,ESCUELA DE NUTRICION Y DIETETICA,RIONEGRO,NUTRICION Y DIETETICA - CARMEN DE VIBORAL,0.0116,1
CARMENVI,FACULTAD DE ARTES,RIONEGRO,LICENCIATURA EN DANZA -CARMEN DE VIBORAL,0.0116,1
CAREPA,INSTITUTO UNIVERSITARIO DE EDUCACION FISICA Y DEPORTES,APARTADO,LICENCIATURA EN EDUCACION FISICA - CAREPA,0.0115,1
YARUMAL,INSTITUTO UNIVERSITARIO DE EDUCACION FISICA Y DEPORTES,YARUMAL,LICENCIATURA EN EDUCACION FISICA - YARUMAL,0.0115,1
CARMENVI,FACULTAD DE EDUCACION,EL SANTUARIO,LICENCIATURA EN EDUCACION INFANTIL-CARMEN DE VIBORAL,0.0114,1
CARMENVI,ESCUELA DE NUTRICION Y DIETETICA,CHIGORODO,NUTRICION Y DIETETICA - CARMEN DE VIBORAL,0.0114,1
CARMENVI,FACULTAD NACIONAL DE SALUD PUBLICA,LA CEJA,ADMINISTRACION AMBIENTAL Y SANITARIA-CARMEN DE VIBORAL,0.0113,1
CARMENVI,ESCUELA DE NUTRICION Y DIETETICA,RIONEGRO,NUTRICION Y DIETETICA - CARMEN DE VIBORAL,0.0113,1
STAFEANT,INSTITUTO UNIVERSITARIO DE EDUCACION FISICA Y DEPORTES,DABEIBA,LICENCIATURA EN EDUCACION FISICA - SANTA FE DE ANTIOQUIA,0.0113,1
CARMENVI,ESCUELA DE NUTRICION Y DIETETICA,LA CEJA,NUTRICION Y DIETETICA - CARMEN DE VIBORAL,0.0112,1
CARMENVI,ESCUELA DE NUTRICION Y DIETETICA,MARINILLA,NUTRICION Y DIETETICA - CARMEN DE VIBORAL,0.0112,1
ANDES,FACULTAD NACIONAL DE SALUD PUBLICA,ANDES,ADMINISTRACION AMBIENTAL Y SANITARIA- ANDES,0.0111,1
APARTADO,ESCUELA INTERAMERICANA DE BIBLIOTECOLOGIA,APARTADO,ARCHIVISTICA - APARTADO,0.0111,1
CAREPA,INSTITUTO UNIVERSITARIO DE EDUCACION FISICA Y DEPORTES,CHIGORODO,LICENCIATURA EN EDUCACION FISICA - CAREPA,0.0111,1
APARTADO,FACULTAD DE CIENCIAS ECONOMICAS,APARTADO,CONTADURIA PUBLICA- URABA (APARTADO),0.0111,1
APARTADO,FACULTAD DE CIENCIAS SOCIALES Y HUMANAS,APARTADO,PSICOLOGIA - URABA (APARTADO),0.011,1
APARTADO,FACULTAD DE CIENCIAS ECONOMICAS,TURBO,CONTADURIA PUBLICA- URABA (APARTADO),0.011,1
YARUMAL,INSTITUTO UNIVERSITARIO DE EDUCACION FISICA Y DEPORTES,YARUMAL,LICENCIATURA EN EDUCACION FISICA - YARUMAL,0.011,1
STAFEANT,FACULTAD DE CIENCIAS SOCIALES Y HUMANAS,SANTAFE DE ANTIOQUIA,PSICOLOGIA - SANTA FE DE ANTIOQUIA,0.011,1
P-BERRIO,INSTITUTO UNIVERSITARIO DE EDUCACION FISICA Y DEPORTES,CIMITARRA,LICENCIATURA EN EDUCACION FISICA - PUERTO BERRIO,0.011,1
CARMENVI,ESCUELA DE NUTRICION Y DIETETICA,LA CEJA,NUTRICION Y DIETETICA - CARMEN DE VIBORAL,0.0109,1
ANDES,INSTITUTO UNIVERSITARIO DE EDUCACION FISICA Y DEPORTES,AMAGA,LICENCIATURA EN EDUCACION FISICA - ANDES,0.0109,1
CAUCASIA,FACULTAD NACIONAL DE SALUD PUBLICA,MONTELIBANO,ADMINISTRACION EN SALUD-CAUCASIA,0.0109,1
CARMENVI,ESCUELA DE NUTRICION Y DIETETICA,LA CEJA,NUTRICION Y DIETETICA - CARMEN DE VIBORAL,0.0108,1
CARMENVI,ESCUELA DE NUTRICION Y DIETETICA,ABEJORRAL,NUTRICION Y DIETETICA - CARMEN DE VIBORAL,0.0108,1
CAREPA,FACULTAD DE DERECHO Y CIENCIAS POLITICAS,APARTADO,DERECHO - CAREPA,0.0107,1
CARMENVI,FACULTAD DE CIENCIAS FARMACEUTICAS Y ALIMENTARIAS,MEDELLIN,CIENCIAS CULINARIAS - CARMEN DE VIBORAL,0.0107,1
APARTADO,ESCUELA INTERAMERICANA DE BIBLIOTECOLOGIA,TURBO,ARCHIVISTICA - APARTADO,0.0107,1
CARMENVI,ESCUELA DE NUTRICION Y DIETETICA,LA UNION,NUTRICION Y DIETETICA - CARMEN DE VIBORAL,0.0107,1
APARTADO,ESCUELA INTERAMERICANA DE BIBLIOTECOLOGIA,TURBO,ARCHIVISTICA - APARTADO,0.0107,1
CARMENVI,ESCUELA DE NUTRICION Y DIETETICA,LA CEJA,NUTRICION Y DIETETICA - CARMEN DE VIBORAL,0.0106,1
YARUMAL,INSTITUTO UNIVERSITARIO DE EDUCACION FISICA Y DEPORTES,YARUMAL,LICENCIATURA EN EDUCACION FISICA - YARUMAL,0.0106,1
CAUCASIA,FACULTAD DE CIENCIAS SOCIALES Y HUMANAS,CACERES,PSICOLOGIA - CAUCASIA,0.0104,1
CARMENVI,ESCUELA DE NUTRICION Y DIETETICA,SAN VICENTE,NUTRICION Y DIETETICA - CARMEN DE VIBORAL,0.0104,1
APARTADO,FACULTAD NACIONAL DE SALUD PUBLICA,DESCONOCIDO,ADMINISTRACION EN SALUD - APARTADO,0.0104,1
APARTADO,FACULTAD DE ARTES,CHIGORODO,LICENCIATURA EN DANZA -APARTADO,0.0104,1
APARTADO,ESCUELA INTERAMERICANA DE BIBLIOTECOLOGIA,APARTADO,ARCHIVISTICA - APARTADO,0.0103,1
APARTADO,ESCUELA INTERAMERICANA DE BIBLIOTECOLOGIA,CAREPA,ARCHIVISTICA - APARTADO,0.0103,1
CARMENVI,ESCUELA DE NUTRICION Y DIETETICA,RIONEGRO,NUTRICION Y DIETETICA - CARMEN DE VIBORAL,0.0103,1
CARMENVI,FACULTAD DE MEDICINA,EL CARMEN DE VIBORAL,TECNOLOGIA EN ATENCION PREHOSPITALARIA- CARMEN DE VIBORAL,0.0102,1
APARTADO,ESCUELA INTERAMERICANA DE BIBLIOTECOLOGIA,TURBO,ARCHIVISTICA - APARTADO,0.0101,1
CAREPA,FACULTAD DE DERECHO Y CIENCIAS POLITICAS,CHIGORODO,DERECHO - CAREPA,0.0101,1
APARTADO,FACULTAD DE ARTES,MEDELLIN,LICENCIATURA EN DANZA -APARTADO,0.0101,1
CAUCASIA,FACULTAD DE CIENCIAS SOCIALES Y HUMANAS,CAUCASIA,PSICOLOGIA - CAUCASIA,0.01,1
CARMENVI,ESCUELA DE NUTRICION Y DIETETICA,RIONEGRO,NUTRICION Y DIETETICA - CARMEN DE VIBORAL,0.0099,1
CAUCASIA,FACULTAD DE CIENCIAS SOCIALES Y HUMANAS,ZARAGOZA,PSICOLOGIA - CAUCASIA,0.0098,1
CARMENVI,ESCUELA DE NUTRICION Y DIETETICA,MARINILLA,NUTRICION Y DIETETICA - CARMEN DE VIBORAL,0.0098,1
CARMENVI,FACULTAD DE CIENCIAS SOCIALES Y HUMANAS,LA CEJA,PSICOLOGIA - CARMEN DE VIBORAL,0.0098,1
CAREPA,INSTITUTO UNIVERSITARIO DE EDUCACION FISICA Y DEPORTES,CHIGORODO,LICENCIATURA EN EDUCACION FISICA - CAREPA,0.0097,1
YARUMAL,FACULTAD NACIONAL DE SALUD PUBLICA,ENTRERRIOS,ADMINISTRACION EN SALUD-YARUMAL,0.0097,1
ANDES,FACULTAD DE CIENCIAS SOCIALES Y HUMANAS,ANDES,PSICOLOGIA - ANDES,0.0097,1
P-BERRIO,INSTITUTO UNIVERSITARIO DE EDUCACION FISICA Y DEPORTES,CARACOLI,LICENCIATURA EN EDUCACION FISICA - PUERTO BERRIO,0.0097,1
CARMENVI,ESCUELA DE NUTRICION Y DIETETICA,NARINO,NUTRICION Y DIETETICA - CARMEN DE VIBORAL,0.0097,1
STAFEANT,FACULTAD DE CIENCIAS SOCIALES Y HUMANAS,SANTAFE DE ANTIOQUIA,PSICOLOGIA - SANTA FE DE ANTIOQUIA,0.0096,1
CARMENVI,ESCUELA DE NUTRICION Y DIETETICA,RIONEGRO,NUTRICION Y DIETETICA - CARMEN DE VIBORAL,0.0096,1
CARMENVI,FACULTAD DE ARTES,SONSON,LICENCIATURA EN MUSICA-CARMEN DE VIBORAL,0.0095,1
APARTADO,FACULTAD DE ARTES,MEDELLIN,LICENCIATURA EN ARTES PLASTICAS-APARTADO,0.0094,1
CARMENVI,FACULTAD DE MEDICINA,EL CARMEN DE VIBORAL,TECNOLOGIA EN ATENCION PREHOSPITALARIA- CARMEN DE VIBORAL,0.0094,1
CARMENVI,ESCUELA DE NUTRICION Y DIETETICA,EL PENOL,NUTRICION Y DIETETICA - CARMEN DE VIBORAL,0.0094,1
CARMENVI,ESCUELA DE NUTRICION Y DIETETICA,RIONEGRO,NUTRICION Y DIETETICA - CARMEN DE VIBORAL,0.0094,1
CARMENVI,ESCUELA DE NUTRICION Y DIETETICA,MARINILLA,NUTRICION Y DIETETICA - CARMEN DE VIBORAL,0.0094,1
CARMENVI,FACULTAD DE MEDICINA,RIONEGRO,TECNOLOGIA EN ATENCION PREHOSPITALARIA- CARMEN DE VIBORAL,0.0094,1
CARMENVI,ESCUELA DE NUTRICION Y DIETETICA,MARINILLA,NUTRICION Y DIETETICA - CARMEN DE VIBORAL,0.0094,1
ANDES,FACULTAD NACIONAL DE SALUD PUBLICA,BETANIA,ADMINISTRACION AMBIENTAL Y SANITARIA- ANDES,0.0093,1
APARTADO,FACULTAD DE CIENCIAS ECONOMICAS,SAN PEDRO DE URABA,CONTADURIA PUBLICA- URABA (APARTADO),0.0092,1
STAFEANT,FACULTAD NACIONAL DE SALUD PUBLICA,SANTAFE DE ANTIOQUIA,ADMINISTRACION EN SALUD - SANTA FE,0.0092,1
CAREPA,FACULTAD DE DERECHO Y CIENCIAS POLITICAS,TURBO,DERECHO - CAREPA,0.0092,1
YARUMAL,FACULTAD NACIONAL DE SALUD PUBLICA,YARUMAL,ADMINISTRACION EN SALUD-YARUMAL,0.0092,1
CARMENVI,ESCUELA DE NUTRICION Y DIETETICA,LA CEJA,NUTRICION Y DIETETICA - CARMEN DE VIBORAL,0.0092,1
CARMENVI,FACULTAD DE CIENCIAS SOCIALES Y HUMANAS,EL CARMEN DE VIBORAL,PSICOLOGIA - CARMEN DE VIBORAL,0.0091,1
CARMENVI,ESCUELA DE NUTRICION Y DIETETICA,MARINILLA,NUTRICION Y DIETETICA - CARMEN DE VIBORAL,0.0091,1
CARMENVI,ESCUELA DE NUTRICION Y DIETETICA,LA CEJA,NUTRICION Y DIETETICA - CARMEN DE VIBORAL,0.0091,1
APARTADO,FACULTAD DE CIENCIAS SOCIALES Y HUMANAS,CHIGORODO,TRABAJO SOCIAL-URABA (APARTADO),0.0091,1
APARTADO,FACULTAD DE ARTES,APARTADO,LICENCIATURA EN DANZA -APARTADO,0.009,1
ANDES,FACULTAD DE CIENCIAS SOCIALES Y HUMANAS,ANDES,PSICOLOGIA - ANDES,0.009,1
APARTADO,ESCUELA INTERAMERICANA DE BIBLIOTECOLOGIA,TURBO,ARCHIVISTICA - APARTADO,0.009,1
YARUMAL,INSTITUTO UNIVERSITARIO DE EDUCACION FISICA Y DEPORTES,YARUMAL,LICENCIATURA EN EDUCACION FISICA - YARUMAL,0.0089,1
APARTADO,FACULTAD DE CIENCIAS ECONOMICAS,TURBO,CONTADURIA PUBLICA- URABA (APARTADO),0.0089,1
CARMENVI,ESCUELA DE NUTRICION Y DIETETICA,EL CARMEN DE VIBORAL,NUTRICION Y DIETETICA - CARMEN DE VIBORAL,0.0089,1
APARTADO,ESCUELA INTERAMERICANA DE BIBLIOTECOLOGIA,TURBO,ARCHIVISTICA - APARTADO,0.0089,1
YARUMAL,INSTITUTO UNIVERSITARIO DE EDUCACION FISICA Y DEPORTES,SANTA ROSA DE OSOS,LICENCIATURA EN EDUCACION FISICA - YARUMAL,0.0088,1
CARMENVI,ESCUELA DE NUTRICION Y DIETETICA,EL CARMEN DE VIBORAL,NUTRICION Y DIETETICA - CARMEN DE VIBORAL,0.0088,1
CARMENVI,FACULTAD DE MEDICINA,LA CEJA,TECNOLOGIA EN ATENCION PREHOSPITALARIA- CARMEN DE VIBORAL,0.0088,1
CARMENVI,ESCUELA DE NUTRICION Y DIETETICA,MARINILLA,NUTRICION Y DIETETICA - CARMEN DE VIBORAL,0.0088,1
CARMENVI,ESCUELA DE NUTRICION Y DIETETICA,EL CARMEN DE VIBORAL,NUTRICION Y DIETETICA - CARMEN DE VIBORAL,0.0088,1
CARMENVI,ESCUELA DE NUTRICION Y DIETETICA,LA CEJA,NUTRICION Y DIETETICA - CARMEN DE VIBORAL,0.0087,1
CAUCASIA,FACULTAD DE CIENCIAS SOCIALES Y HUMANAS,CAUCASIA,PSICOLOGIA - CAUCASIA,0.0086,1
APARTADO,FACULTAD DE CIENCIAS ECONOMICAS,TURBO,CONTADURIA PUBLICA- URABA (APARTADO),0.0086,1
APARTADO,ESCUELA INTERAMERICANA DE BIBLIOTECOLOGIA,CHIGORODO,ARCHIVISTICA - APARTADO,0.0086,1
CARMENVI,ESCUELA DE NUTRICION Y DIETETICA,EL CARMEN DE VIBORAL,NUTRICION Y DIETETICA - CARMEN DE VIBORAL,0.0085,1
CARMENVI,FACULTAD DE CIENCIAS SOCIALES Y HUMANAS,EL CARMEN DE VIBORAL,PSICOLOGIA - CARMEN DE VIBORAL,0.0084,1
CARMENVI,FACULTAD DE MEDICINA,MARINILLA,TECNOLOGIA EN ATENCION PREHOSPITALARIA- CARMEN DE VIBORAL,0.0084,1
YARUMAL,FACULTAD NACIONAL DE SALUD PUBLICA,CAMPAMENTO,ADMINISTRACION EN SALUD-YARUMAL,0.0084,1
APARTADO,ESCUELA INTERAMERICANA DE BIBLIOTECOLOGIA,APARTADO,ARCHIVISTICA - APARTADO,0.0083,1
APARTADO,ESCUELA INTERAMERICANA DE BIBLIOTECOLOGIA,APARTADO,ARCHIVISTICA - APARTADO,0.0083,1
CARMENVI,FACULTAD DE CIENCIAS SOCIALES Y HUMANAS,LA CEJA,PSICOLOGIA - CARMEN DE VIBORAL,0.0082,1
CARMENVI,FACULTAD DE CIENCIAS SOCIALES Y HUMANAS,LA CEJA,PSICOLOGIA - CARMEN DE VIBORAL,0.0082,1
CARMENVI,ESCUELA DE NUTRICION Y DIETETICA,LA UNION,NUTRICION Y DIETETICA - CARMEN DE VIBORAL,0.0082,1
APARTADO,FACULTAD DE ARTES,CHIGORODO,LICENCIATURA EN MUSICA - APARTADO,0.008,1
CARMENVI,FACULTAD DE ARTES,LA CEJA,LICENCIATURA EN DANZA -CARMEN DE VIBORAL,0.008,1
APARTADO,ESCUELA INTERAMERICANA DE BIBLIOTECOLOGIA,CHIGORODO,ARCHIVISTICA - APARTADO,0.008,1
CARMENVI,FACULTAD DE MEDICINA,MARINILLA,TECNOLOGIA EN ATENCION PREHOSPITALARIA- CARMEN DE VIBORAL,0.0078,1
CARMENVI,ESCUELA DE NUTRICION Y DIETETICA,LA CEJA,NUTRICION Y DIETETICA - CARMEN DE VIBORAL,0.0077,1
STAFEANT,FACULTAD DE CIENCIAS SOCIALES Y HUMANAS,SANTAFE DE ANTIOQUIA,PSICOLOGIA - SANTA FE DE ANTIOQUIA,0.0077,1
APARTADO,FACULTAD DE CIENCIAS ECONOMICAS,TURBO,CONTADURIA PUBLICA- URABA (APARTADO),0.0077,1
CARMENVI,ESCUELA DE NUTRICION Y DIETETICA,MARINILLA,NUTRICION Y DIETETICA - CARMEN DE VIBORAL,0.0077,1
CARMENVI,FACULTAD DE MEDICINA,LA CEJA,TECNOLOGIA EN ATENCION PREHOSPITALARIA- CARMEN DE VIBORAL,0.0076,1
ANDES,FACULTAD DE CIENCIAS SOCIALES Y HUMANAS,ANDES,PSICOLOGIA - ANDES,0.0076,1
P-BERRIO,INSTITUTO UNIVERSITARIO DE EDUCACION FISICA Y DEPORTES,PUERTO BERRIO,LICENCIATURA EN EDUCACION FISICA - PUERTO BERRIO,0.0076,1
CARMENVI,ESCUELA DE NUTRICION Y DIETETICA,LA CEJA,NUTRICION Y DIETETICA - CARMEN DE VIBORAL,0.0076,1
STAFEANT,INSTITUTO UNIVERSITARIO DE EDUCACION FISICA Y DEPORTES,SANTAFE DE ANTIOQUIA,LICENCIATURA EN EDUCACION FISICA - SANTA FE DE ANTIOQUIA,0.0076,1
CARMENVI,ESCUELA DE NUTRICION Y DIETETICA,MARINILLA,NUTRICION Y DIETETICA - CARMEN DE VIBORAL,0.0075,1
CARMENVI,ESCUELA DE NUTRICION Y DIETETICA,RIONEGRO,NUTRICION Y DIETETICA - CARMEN DE VIBORAL,0.0075,1
CARMENVI,ESCUELA DE NUTRICION Y DIETETICA,SAN VICENTE,NUTRICION Y DIETETICA - CARMEN DE VIBORAL,0.0074,1
APARTADO,FACULTAD DE CIENCIAS ECONOMICAS,CHIGORODO,CONTADURIA PUBLICA- URABA (APARTADO),0.0074,1
CARMENVI,ESCUELA DE NUTRICION Y DIETETICA,RIONEGRO,NUTRICION Y DIETETICA - CARMEN DE VIBORAL,0.0074,1
CARMENVI,ESCUELA DE NUTRICION Y DIETETICA,RIONEGRO,NUTRICION Y DIETETICA - CARMEN DE VIBORAL,0.0074,1
CARMENVI,ESCUELA INTERAMERICANA DE BIBLIOTECOLOGIA,MARINILLA,ARCHIVISTICA -CARMEN DE VIBORAL,0.0074,1
CAUCASIA,FACULTAD DE CIENCIAS SOCIALES Y HUMANAS,CAUCASIA,PSICOLOGIA - CAUCASIA,0.0073,1
CARMENVI,ESCUELA DE NUTRICION Y DIETETICA,GUARNE,NUTRICION Y DIETETICA - CARMEN DE VIBORAL,0.0073,1
YARUMAL,FACULTAD NACIONAL DE SALUD PUBLICA,ITAGUI,ADMINISTRACION EN SALUD-YARUMAL,0.0072,1
CARMENVI,ESCUELA DE NUTRICION Y DIETETICA,LA CEJA,NUTRICION Y DIETETICA - CARMEN DE VIBORAL,0.0072,1
ANDES,FACULTAD DE EDUCACION,ANDES,LICENCIATURA EN LITERATURA Y LENGUA CASTELLANA-ANDES,0.0072,1
CARMENVI,INSTITUTO DE FILOSOFIA,LA CEJA,LICENCIATURA EN FILOSOFIA - CARMEN DE VIBORAL,0.0071,1
CARMENVI,ESCUELA DE NUTRICION Y DIETETICA,LA CEJA,NUTRICION Y DIETETICA - CARMEN DE VIBORAL,0.007,1
CARMENVI,FACULTAD NACIONAL DE SALUD PUBLICA,LA CEJA,ADMINISTRACION AMBIENTAL Y SANITARIA-CARMEN DE VIBORAL,0.0069,1
CARMENVI,FACULTAD DE MEDICINA,RIONEGRO,TECNOLOGIA EN ATENCION PREHOSPITALARIA- CARMEN DE VIBORAL,0.0069,1
CARMENVI,ESCUELA DE NUTRICION Y DIETETICA,EL CARMEN DE VIBORAL,NUTRICION Y DIETETICA - CARMEN DE VIBORAL,0.0068,1
CARMENVI,FACULTAD DE CIENCIAS SOCIALES Y HUMANAS,EL CARMEN DE VIBORAL,PSICOLOGIA - CARMEN DE VIBORAL,0.0068,1
CARMENVI,FACULTAD NACIONAL DE SALUD PUBLICA,GUARNE,ADMINISTRACION AMBIENTAL Y SANITARIA-CARMEN DE VIBORAL,0.0068,1
CAUCASIA,FACULTAD DE CIENCIAS SOCIALES Y HUMANAS,CAUCASIA,PSICOLOGIA - CAUCASIA,0.0068,1
ANDES,FACULTAD DE CIENCIAS SOCIALES Y HUMANAS,LA PINTADA,PSICOLOGIA - ANDES,0.0068,1
CAREPA,FACULTAD DE DERECHO Y CIENCIAS POLITICAS,APARTADO,DERECHO - CAREPA,0.0067,1
CARMENVI,ESCUELA DE NUTRICION Y DIETETICA,SONSON,NUTRICION Y DIETETICA - CARMEN DE VIBORAL,0.0067,1
ANDES,FACULTAD DE CIENCIAS SOCIALES Y HUMANAS,PUEBLORRICO,PSICOLOGIA - ANDES,0.0066,1
CARMENVI,ESCUELA DE NUTRICION Y DIETETICA,EL CARMEN DE VIBORAL,NUTRICION Y DIETETICA - CARMEN DE VIBORAL,0.0066,1
CARMENVI,ESCUELA DE NUTRICION Y DIETETICA,CAUCASIA,NUTRICION Y DIETETICA - CARMEN DE VIBORAL,0.0066,1
CAREPA,FACULTAD DE DERECHO Y CIENCIAS POLITICAS,TURBO,DERECHO - CAREPA,0.0065,1
CARMENVI,FACULTAD NACIONAL DE SALUD PUBLICA,ARGELIA,ADMINISTRACION AMBIENTAL Y SANITARIA-CARMEN DE VIBORAL,0.0065,1
CARMENVI,FACULTAD DE CIENCIAS SOCIALES Y HUMANAS,RIONEGRO,PSICOLOGIA - CARMEN DE VIBORAL,0.0065,1
CARMENVI,ESCUELA DE NUTRICION Y DIETETICA,LA CEJA,NUTRICION Y DIETETICA - CARMEN DE VIBORAL,0.0065,1
CARMENVI,ESCUELA DE NUTRICION Y DIETETICA,SAN LUIS,NUTRICION Y DIETETICA - CARMEN DE VIBORAL,0.0065,1
APARTADO,ESCUELA INTERAMERICANA DE BIBLIOTECOLOGIA,APARTADO,ARCHIVISTICA - APARTADO,0.0064,1
CAREPA,FACULTAD DE DERECHO Y CIENCIAS POLITICAS,CAREPA,DERECHO - CAREPA,0.0064,1
CAUCASIA,FACULTAD DE CIENCIAS SOCIALES Y HUMANAS,MONTELIBANO,PSICOLOGIA - CAUCASIA,0.0064,1
CAREPA,FACULTAD DE DERECHO Y CIENCIAS POLITICAS,CAREPA,DERECHO - CAREPA,0.0064,1
STAFEANT,FACULTAD DE CIENCIAS SOCIALES Y HUMANAS,GIRALDO,PSICOLOGIA - SANTA FE DE ANTIOQUIA,0.0064,1
ANDES,FACULTAD DE CIENCIAS SOCIALES Y HUMANAS,PUEBLORRICO,PSICOLOGIA - ANDES,0.0063,1
APARTADO,ESCUELA INTERAMERICANA DE BIBLIOTECOLOGIA,APARTADO,ARCHIVISTICA - APARTADO,0.0063,1
CARMENVI,ESCUELA DE NUTRICION Y DIETETICA,MARINILLA,NUTRICION Y DIETETICA - CARMEN DE VIBORAL,0.0063,1
CARMENVI,ESCUELA DE NUTRICION Y DIETETICA,RIONEGRO,NUTRICION Y DIETETICA - CARMEN DE VIBORAL,0.0063,1
ANDES,FACULTAD DE CIENCIAS SOCIALES Y HUMANAS,HISPANIA,PSICOLOGIA - ANDES,0.0062,1
APARTADO,FACULTAD DE CIENCIAS SOCIALES Y HUMANAS,APARTADO,TRABAJO SOCIAL-URABA (APARTADO),0.0062,1
CARMENVI,ESCUELA DE NUTRICION Y DIETETICA,RIONEGRO,NUTRICION Y DIETETICA - CARMEN DE VIBORAL,0.0062,1
APARTADO,FACULTAD DE CIENCIAS ECONOMICAS,APARTADO,CONTADURIA PUBLICA- URABA (APARTADO),0.0062,1
CAREPA,FACULTAD DE DERECHO Y CIENCIAS POLITICAS,CAREPA,DERECHO - CAREPA,0.0061,1
CAREPA,FACULTAD DE DERECHO Y CIENCIAS POLITICAS,APARTADO,DERECHO - CAREPA,0.006,1
CAREPA,FACULTAD DE DERECHO Y CIENCIAS POLITICAS,APARTADO,DERECHO - CAREPA,0.006,1
ANDES,FACULTAD DE CIENCIAS SOCIALES Y HUMANAS,ANDES,PSICOLOGIA - ANDES,0.0059,1
ANDES,FACULTAD DE CIENCIAS SOCIALES Y HUMANAS,ITAGUI,PSICOLOGIA - ANDES,0.0059,1
CAREPA,FACULTAD DE DERECHO Y CIENCIAS POLITICAS,CAREPA,DERECHO - CAREPA,0.0059,1
CARMENVI,FACULTAD DE CIENCIAS SOCIALES Y HUMANAS,RIONEGRO,PSICOLOGIA - CARMEN DE VIBORAL,0.0059,1
CARMENVI,ESCUELA DE NUTRICION Y DIETETICA,LA CEJA,NUTRICION Y DIETETICA - CARMEN DE VIBORAL,0.0058,1
CARMENVI,FACULTAD DE MEDICINA,SUPIA,TECNOLOGIA EN ATENCION PREHOSPITALARIA- CARMEN DE VIBORAL,0.0058,1
CARMENVI,FACULTAD DE MEDICINA,GUARNE,TECNOLOGIA EN ATENCION PREHOSPITALARIA- CARMEN DE VIBORAL,0.0057,1
CARMENVI,ESCUELA DE NUTRICION Y DIETETICA,LA UNION,NUTRICION Y DIETETICA - CARMEN DE VIBORAL,0.0057,1
CARMENVI,INSTITUTO DE FILOSOFIA,LA CEJA,LICENCIATURA EN FILOSOFIA - CARMEN DE VIBORAL,0.0056,1
CAREPA,FACULTAD DE DERECHO Y CIENCIAS POLITICAS,CAREPA,DERECHO - CAREPA,0.0056,1
CAREPA,FACULTAD DE DERECHO Y CIENCIAS POLITICAS,MEDELLIN,DERECHO - CAREPA,0.0056,1
CARMENVI,ESCUELA DE NUTRICION Y DIETETICA,MARINILLA,NUTRICION Y DIETETICA - CARMEN DE VIBORAL,0.0055,1
YARUMAL,FACULTAD DE CIENCIAS SOCIALES Y HUMANAS,YARUMAL,PSICOLOGIA - YARUMAL,0.0055,1
CARMENVI,FACULTAD DE MEDICINA,MARINILLA,TECNOLOGIA EN ATENCION PREHOSPITALARIA- CARMEN DE VIBORAL,0.0054,1
CARMENVI,FACULTAD DE CIENCIAS SOCIALES Y HUMANAS,LA CEJA,PSICOLOGIA - CARMEN DE VIBORAL,0.0054,1
CARMENVI,ESCUELA DE NUTRICION Y DIETETICA,SAN VICENTE,NUTRICION Y DIETETICA - CARMEN DE VIBORAL,0.0054,1
CARMENVI,FACULTAD DE MEDICINA,RIONEGRO,TECNOLOGIA EN ATENCION PREHOSPITALARIA- CARMEN DE VIBORAL,0.0054,1
CARMENVI,FACULTAD NACIONAL DE SALUD PUBLICA,RIONEGRO,ADMINISTRACION AMBIENTAL Y SANITARIA-CARMEN DE VIBORAL,0.0053,1
CARMENVI,FACULTAD NACIONAL DE SALUD PUBLICA,RIONEGRO,ADMINISTRACION AMBIENTAL Y SANITARIA-CARMEN DE VIBORAL,0.0052,1
ANDES,FACULTAD DE CIENCIAS SOCIALES Y HUMANAS,CIUDAD BOLIVAR,PSICOLOGIA - ANDES,0.0051,1
CAREPA,FACULTAD DE DERECHO Y CIENCIAS POLITICAS,APARTADO,DERECHO - CAREPA,0.0051,1
CAREPA,FACULTAD DE DERECHO Y CIENCIAS POLITICAS,APARTADO,DERECHO - CAREPA,0.005,1
ANDES,FACULTAD DE CIENCIAS SOCIALES Y HUMANAS,JARDIN,PSICOLOGIA - ANDES,0.0049,1
ANDES,FACULTAD DE CIENCIAS SOCIALES Y HUMANAS,ANDES,PSICOLOGIA - ANDES,0.0048,1
STAFEANT,FACULTAD DE CIENCIAS SOCIALES Y HUMANAS,SOPETRAN,PSICOLOGIA - SANTA FE DE ANTIOQUIA,0.0048,1
CARMENVI,FACULTAD DE CIENCIAS SOCIALES Y HUMANAS,EL CARMEN DE VIBORAL,PSICOLOGIA - CARMEN DE VIBORAL,0.0047,1
CARMENVI,ESCUELA DE NUTRICION Y DIETETICA,LA DORADA,NUTRICION Y DIETETICA - CARMEN DE VIBORAL,0.0047,1
CARMENVI,ESCUELA DE NUTRICION Y DIETETICA,GUARNE,NUTRICION Y DIETETICA - CARMEN DE VIBORAL,0.0047,1
APARTADO,FACULTAD DE CIENCIAS ECONOMICAS,TURBO,CONTADURIA PUBLICA- URABA (APARTADO),0.0047,1
CARMENVI,FACULTAD DE ARTES,LA CEJA,LICENCIATURA EN DANZA -CARMEN DE VIBORAL,0.0047,1
CAREPA,FACULTAD DE DERECHO Y CIENCIAS POLITICAS,CAREPA,DERECHO - CAREPA,0.0047,1
CARMENVI,FACULTAD NACIONAL DE SALUD PUBLICA,LA CEJA,ADMINISTRACION AMBIENTAL Y SANITARIA-CARMEN DE VIBORAL,0.0046,1
CARMENVI,ESCUELA INTERAMERICANA DE BIBLIOTECOLOGIA,SOACHA,ARCHIVISTICA -CARMEN DE VIBORAL,0.0046,1
APARTADO,FACULTAD DE CIENCIAS SOCIALES Y HUMANAS,APARTADO,PSICOLOGIA - URABA (APARTADO),0.0046,1
ANDES,FACULTAD DE CIENCIAS SOCIALES Y HUMANAS,ANDES,PSICOLOGIA - ANDES,0.0046,1
CAREPA,FACULTAD DE DERECHO Y CIENCIAS POLITICAS,CHIGORODO,DERECHO - CAREPA,0.0046,1
STAFEANT,FACULTAD DE CIENCIAS SOCIALES Y HUMANAS,SANTAFE DE ANTIOQUIA,PSICOLOGIA - SANTA FE DE ANTIOQUIA,0.0046,1
CAREPA,FACULTAD DE DERECHO Y CIENCIAS POLITICAS,MEDELLIN,DERECHO - CAREPA,0.0045,1
CARMENVI,ESCUELA DE NUTRICION Y DIETETICA,MARINILLA,NUTRICION Y DIETETICA - CARMEN DE VIBORAL,0.0045,1
CARMENVI,FACULTAD DE CIENCIAS SOCIALES Y HUMANAS,LA CEJA,PSICOLOGIA - CARMEN DE VIBORAL,0.0045,1
YARUMAL,FACULTAD DE CIENCIAS SOCIALES Y HUMANAS,YARUMAL,PSICOLOGIA - YARUMAL,0.0045,1
ANDES,FACULTAD DE CIENCIAS SOCIALES Y HUMANAS,ANDES,PSICOLOGIA - ANDES,0.0045,1
CARMENVI,FACULTAD DE MEDICINA,MARINILLA,TECNOLOGIA EN ATENCION PREHOSPITALARIA- CARMEN DE VIBORAL,0.0044,1
CARMENVI,FACULTAD DE CIENCIAS SOCIALES Y HUMANAS,RIONEGRO,PSICOLOGIA - CARMEN DE VIBORAL,0.0044,1
CAUCASIA,FACULTAD DE CIENCIAS SOCIALES Y HUMANAS,CAUCASIA,PSICOLOGIA - CAUCASIA,0.0044,1
CARMENVI,FACULTAD DE CIENCIAS SOCIALES Y HUMANAS,RIONEGRO,PSICOLOGIA - CARMEN DE VIBORAL,0.0043,1
P-BERRIO,FACULTAD DE CIENCIAS SOCIALES Y HUMANAS,PUERTO BERRIO,PSICOLOGIA - PUERTO BERRIO,0.0043,1
CARMENVI,ESCUELA DE NUTRICION Y DIETETICA,MEDELLIN,NUTRICION Y DIETETICA - CARMEN DE VIBORAL,0.0043,1
CAUCASIA,FACULTAD DE DERECHO Y CIENCIAS POLITICAS,CAUCASIA,DERECHO - CAUCASIA,0.0042,1
ANDES,FACULTAD DE CIENCIAS SOCIALES Y HUMANAS,ANDES,PSICOLOGIA - ANDES,0.004,1
CAUCASIA,FACULTAD DE CIENCIAS SOCIALES Y HUMANAS,CAUCASIA,PSICOLOGIA - CAUCASIA,0.004,1
ANDES,FACULTAD DE CIENCIAS SOCIALES Y HUMANAS,ANDES,PSICOLOGIA - ANDES,0.0039,1
ANDES,FACULTAD DE CIENCIAS SOCIALES Y HUMANAS,CIUDAD BOLIVAR,PSICOLOGIA - ANDES,0.0038,1
CAUCASIA,FACULTAD DE CIENCIAS SOCIALES Y HUMANAS,CAUCASIA,PSICOLOGIA - CAUCASIA,0.0038,1
ANDES,FACULTAD DE CIENCIAS SOCIALES Y HUMANAS,JARDIN,PSICOLOGIA - ANDES,0.0037,1
CAUCASIA,FACULTAD DE CIENCIAS SOCIALES Y HUMANAS,CAUCASIA,PSICOLOGIA - CAUCASIA,0.0037,1
CARMENVI,FACULTAD DE CIENCIAS SOCIALES Y HUMANAS,EL CARMEN DE VIBORAL,PSICOLOGIA - CARMEN DE VIBORAL,0.0037,1
CARMENVI,FACULTAD NACIONAL DE SALUD PUBLICA,RIONEGRO,ADMINISTRACION AMBIENTAL Y SANITARIA-CARMEN DE VIBORAL,0.0037,1
CAUCASIA,FACULTAD DE CIENCIAS SOCIALES Y HUMANAS,CAUCASIA,PSICOLOGIA - CAUCASIA,0.0037,1
CAUCASIA,FACULTAD DE CIENCIAS SOCIALES Y HUMANAS,CAUCASIA,PSICOLOGIA - CAUCASIA,0.0035,1
SEGOVIA,FACULTAD NACIONAL DE SALUD PUBLICA,SEGOVIA,ADMINISTRACION AMBIENTAL Y SANITARIA- SEGOVIA,0.0034,1
YARUMAL,INSTITUTO UNIVERSITARIO DE EDUCACION FISICA Y DEPORTES,SANTA ROSA DE OSOS,LICENCIATURA EN EDUCACION FISICA - YARUMAL,0.0034,1
CAUCASIA,FACULTAD DE CIENCIAS SOCIALES Y HUMANAS,MONTELIBANO,PSICOLOGIA - CAUCASIA,0.0034,1
P-BERRIO,FACULTAD DE CIENCIAS SOCIALES Y HUMANAS,PUERTO BERRIO,PSICOLOGIA - PUERTO BERRIO,0.0034,1
CARMENVI,ESCUELA DE NUTRICION Y DIETETICA,GUACHUCAL,NUTRICION Y DIETETICA - CARMEN DE VIBORAL,0.0034,1
CAUCASIA,FACULTAD DE CIENCIAS SOCIALES Y HUMANAS,CAUCASIA,PSICOLOGIA - CAUCASIA,0.0034,1
CAUCASIA,FACULTAD DE CIENCIAS SOCIALES Y HUMANAS,CAUCASIA,PSICOLOGIA - CAUCASIA,0.0034,1
YARUMAL,FACULTAD DE CIENCIAS SOCIALES Y HUMANAS,ANGOSTURA,PSICOLOGIA - YARUMAL,0.0033,1
CAUCASIA,FACULTAD DE CIENCIAS SOCIALES Y HUMANAS,CAUCASIA,PSICOLOGIA - CAUCASIA,0.0033,1
CARMENVI,FACULTAD DE CIENCIAS SOCIALES Y HUMANAS,AMAGA,PSICOLOGIA - CARMEN DE VIBORAL,0.0033,1
CAUCASIA,FACULTAD DE CIENCIAS SOCIALES Y HUMANAS,CAUCASIA,PSICOLOGIA - CAUCASIA,0.0033,1
ANDES,FACULTAD DE CIENCIAS SOCIALES Y HUMANAS,ANDES,PSICOLOGIA - ANDES,0.0033,1
CAUCASIA,FACULTAD DE CIENCIAS SOCIALES Y HUMANAS,CAUCASIA,PSICOLOGIA - CAUCASIA,0.0032,1
CAUCASIA,FACULTAD DE CIENCIAS SOCIALES Y HUMANAS,CAUCASIA,PSICOLOGIA - CAUCASIA,0.0032,1
APARTADO,FACULTAD DE CIENCIAS SOCIALES Y HUMANAS,CAREPA,PSICOLOGIA - URABA (APARTADO),0.0032,1
CAUCASIA,FACULTAD DE CIENCIAS SOCIALES Y HUMANAS,CAUCASIA,PSICOLOGIA - CAUCASIA,0.0032,1
ANDES,FACULTAD DE CIENCIAS SOCIALES Y HUMANAS,ANDES,PSICOLOGIA - ANDES,0.0031,1
CAUCASIA,FACULTAD DE CIENCIAS SOCIALES Y HUMANAS,EL BAGRE,PSICOLOGIA - CAUCASIA,0.0031,1
CAREPA,FACULTAD DE DERECHO Y CIENCIAS POLITICAS,APARTADO,DERECHO - CAREPA,0.0031,1
ANDES,FACULTAD DE CIENCIAS SOCIALES Y HUMANAS,ANDES,PSICOLOGIA - ANDES,0.0031,1
CARMENVI,FACULTAD DE CIENCIAS SOCIALES Y HUMANAS,LA CEJA,PSICOLOGIA - CARMEN DE VIBORAL,0.003,1
CAUCASIA,FACULTAD DE CIENCIAS SOCIALES Y HUMANAS,CAUCASIA,PSICOLOGIA - CAUCASIA,0.003,1
APARTADO,FACULTAD DE CIENCIAS SOCIALES Y HUMANAS,CHIGORODO,PSICOLOGIA - URABA (APARTADO),0.0029,1
ANDES,FACULTAD DE CIENCIAS SOCIALES Y HUMANAS,ANDES,PSICOLOGIA - ANDES,0.0029,1
P-BERRIO,FACULTAD DE CIENCIAS SOCIALES Y HUMANAS,MACEO,PSICOLOGIA - PUERTO BERRIO,0.0028,1
CARMENVI,FACULTAD DE CIENCIAS SOCIALES Y HUMANAS,SAN RAFAEL,PSICOLOGIA - CARMEN DE VIBORAL,0.0027,1
CAUCASIA,FACULTAD DE CIENCIAS SOCIALES Y HUMANAS,PLANETA RICA,PSICOLOGIA - CAUCASIA,0.0027,1
CARMENVI,FACULTAD DE CIENCIAS SOCIALES Y HUMANAS,RIONEGRO,PSICOLOGIA - CARMEN DE VIBORAL,0.0027,1
CARMENVI,FACULTAD NACIONAL DE SALUD PUBLICA,LA CEJA,ADMINISTRACION AMBIENTAL Y SANITARIA-CARMEN DE VIBORAL,0.0027,1
CAUCASIA,FACULTAD DE CIENCIAS SOCIALES Y HUMANAS,NECHI,PSICOLOGIA - CAUCASIA,0.0026,1
ANDES,FACULTAD DE CIENCIAS SOCIALES Y HUMANAS,ANDES,PSICOLOGIA - ANDES,0.0026,1
ANDES,FACULTAD DE CIENCIAS SOCIALES Y HUMANAS,ANDES,PSICOLOGIA - ANDES,0.0026,1
CARMENVI,FACULTAD DE CIENCIAS SOCIALES Y HUMANAS,ALDANA,PSICOLOGIA - CARMEN DE VIBORAL,0.0026,1
STAFEANT,FACULTAD DE CIENCIAS SOCIALES Y HUMANAS,SANTAFE DE ANTIOQUIA,PSICOLOGIA - SANTA FE DE ANTIOQUIA,0.0025,1
ANDES,FACULTAD DE CIENCIAS SOCIALES Y HUMANAS,ANDES,PSICOLOGIA - ANDES,0.0025,1
CARMENVI,FACULTAD DE CIENCIAS SOCIALES Y HUMANAS,RIONEGRO,PSICOLOGIA - CARMEN DE VIBORAL,0.0025,1
CARMENVI,FACULTAD DE CIENCIAS SOCIALES Y HUMANAS,EL CARMEN DE VIBORAL,PSICOLOGIA - CARMEN DE VIBORAL,0.0024,1
ANDES,FACULTAD DE CIENCIAS SOCIALES Y HUMANAS,SALGAR,PSICOLOGIA - ANDES,0.0024,1
ANDES,FACULTAD DE CIENCIAS SOCIALES Y HUMANAS,HISPANIA,PSICOLOGIA - ANDES,0.0023,1
ANDES,FACULTAD DE CIENCIAS SOCIALES Y HUMANAS,HISPANIA,PSICOLOGIA - ANDES,0.0023,1
CAUCASIA,FACULTAD DE CIENCIAS SOCIALES Y HUMANAS,CAUCASIA,PSICOLOGIA - CAUCASIA,0.0023,1
ANDES,FACULTAD DE CIENCIAS SOCIALES Y HUMANAS,JARDIN,PSICOLOGIA - ANDES,0.0023,1
P-BERRIO,FACULTAD DE CIENCIAS SOCIALES Y HUMANAS,PUERTO NARE,PSICOLOGIA - PUERTO BERRIO,0.0023,1
STAFEANT,FACULTAD DE CIENCIAS SOCIALES Y HUMANAS,SANTAFE DE ANTIOQUIA,PSICOLOGIA - SANTA FE DE ANTIOQUIA,0.0023,1
STAFEANT,FACULTAD DE CIENCIAS SOCIALES Y HUMANAS,OLAYA,PSICOLOGIA - SANTA FE DE ANTIOQUIA,0.0022,1
ANDES,FACULTAD DE CIENCIAS SOCIALES Y HUMANAS,ANDES,PSICOLOGIA - ANDES,0.0022,1
ANDES,FACULTAD DE CIENCIAS SOCIALES Y HUMANAS,CIUDAD BOLIVAR,PSICOLOGIA - ANDES,0.0022,1
CARMENVI,FACULTAD DE CIENCIAS SOCIALES Y HUMANAS,EL CARMEN DE VIBORAL,PSICOLOGIA - CARMEN DE VIBORAL,0.0021,1
CARMENVI,FACULTAD DE CIENCIAS SOCIALES Y HUMANAS,EL PENOL,PSICOLOGIA - CARMEN DE VIBORAL,0.0021,1
CARMENVI,FACULTAD DE CIENCIAS SOCIALES Y HUMANAS,VILLAGARZON,PSICOLOGIA - CARMEN DE VIBORAL,0.0021,1
P-BERRIO,FACULTAD DE CIENCIAS SOCIALES Y HUMANAS,PUERTO BERRIO,PSICOLOGIA - PUERTO BERRIO,0.002,1
ANDES,FACULTAD DE CIENCIAS SOCIALES Y HUMANAS,CIUDAD BOLIVAR,PSICOLOGIA - ANDES,0.0019,1
ANDES,FACULTAD DE CIENCIAS SOCIALES Y HUMANAS,CIUDAD BOLIVAR,PSICOLOGIA - ANDES,0.0019,1
ANDES,FACULTAD DE CIENCIAS SOCIALES Y HUMANAS,ANDES,PSICOLOGIA - ANDES,0.0019,1
CARMENVI,FACULTAD DE CIENCIAS SOCIALES Y HUMANAS,EL CARMEN DE VIBORAL,PSICOLOGIA - CARMEN DE VIBORAL,0.0019,1
ANDES,FACULTAD DE CIENCIAS SOCIALES Y HUMANAS,ANDES,PSICOLOGIA - ANDES,0.0019,1
P-BERRIO,FACULTAD DE CIENCIAS SOCIALES Y HUMANAS,PUERTO BERRIO,PSICOLOGIA - PUERTO BERRIO,0.0019,1
APARTADO,FACULTAD DE CIENCIAS SOCIALES Y HUMANAS,CAREPA,PSICOLOGIA - URABA (APARTADO),0.0019,1
CAUCASIA,FACULTAD DE CIENCIAS SOCIALES Y HUMANAS,LA APARTADA,PSICOLOGIA - CAUCASIA,0.0019,1
CARMENVI,FACULTAD DE CIENCIAS SOCIALES Y HUMANAS,LA UNION,PSICOLOGIA - CARMEN DE VIBORAL,0.0018,1
STAFEANT,FACULTAD DE CIENCIAS SOCIALES Y HUMANAS,SANTAFE DE ANTIOQUIA,PSICOLOGIA - SANTA FE DE ANTIOQUIA,0.0018,1
YARUMAL,FACULTAD DE CIENCIAS SOCIALES Y HUMANAS,CAMPAMENTO,PSICOLOGIA - YARUMAL,0.0018,1
ANDES,FACULTAD DE CIENCIAS SOCIALES Y HUMANAS,ANDES,PSICOLOGIA - ANDES,0.0018,1
ANDES,FACULTAD DE CIENCIAS SOCIALES Y HUMANAS,JARDIN,PSICOLOGIA - ANDES,0.0018,1
ANDES,FACULTAD DE CIENCIAS SOCIALES Y HUMANAS,HISPANIA,PSICOLOGIA - ANDES,0.0017,1
STAFEANT,FACULTAD DE CIENCIAS SOCIALES Y HUMANAS,SAN JERONIMO,PSICOLOGIA - SANTA FE DE ANTIOQUIA,0.0016,1
ANDES,FACULTAD DE CIENCIAS SOCIALES Y HUMANAS,CONCORDIA,PSICOLOGIA - ANDES,0.0016,1
STAFEANT,FACULTAD DE CIENCIAS SOCIALES Y HUMANAS,SOPETRAN,PSICOLOGIA - SANTA FE DE ANTIOQUIA,0.0016,1
ANDES,FACULTAD DE CIENCIAS SOCIALES Y HUMANAS,ANDES,PSICOLOGIA - ANDES,0.0016,1
CARMENVI,FACULTAD DE CIENCIAS SOCIALES Y HUMANAS,LA CEJA,PSICOLOGIA - CARMEN DE VIBORAL,0.0016,1
YARUMAL,FACULTAD DE CIENCIAS SOCIALES Y HUMANAS,YARUMAL,PSICOLOGIA - YARUMAL,0.0016,1
CARMENVI,FACULTAD DE CIENCIAS SOCIALES Y HUMANAS,RIONEGRO,PSICOLOGIA - CARMEN DE VIBORAL,0.0016,1
ANDES,FACULTAD DE CIENCIAS SOCIALES Y HUMANAS,ANDES,PSICOLOGIA - ANDES,0.0016,1
YARUMAL,FACULTAD DE CIENCIAS SOCIALES Y HUMANAS,CAMPAMENTO,PSICOLOGIA - YARUMAL,0.0016,1
STAFEANT,FACULTAD DE CIENCIAS SOCIALES Y HUMANAS,SAN JERONIMO,PSICOLOGIA - SANTA FE DE ANTIOQUIA,0.0015,1
YARUMAL,FACULTAD DE CIENCIAS SOCIALES Y HUMANAS,YARUMAL,PSICOLOGIA - YARUMAL,0.0015,1
YARUMAL,FACULTAD DE CIENCIAS SOCIALES Y HUMANAS,YARUMAL,PSICOLOGIA - YARUMAL,0.0015,1
APARTADO,FACULTAD DE CIENCIAS SOCIALES Y HUMANAS,APARTADO,PSICOLOGIA - URABA (APARTADO),0.0015,1
CAUCASIA,FACULTAD DE CIENCIAS SOCIALES Y HUMANAS,CAUCASIA,PSICOLOGIA - CAUCASIA,0.0015,1
CARMENVI,FACULTAD DE CIENCIAS SOCIALES Y HUMANAS,RIONEGRO,PSICOLOGIA - CARMEN DE VIBORAL,0.0015,1
ANDES,FACULTAD DE CIENCIAS SOCIALES Y HUMANAS,ANDES,PSICOLOGIA - ANDES,0.0015,1
CARMENVI,FACULTAD DE CIENCIAS SOCIALES Y HUMANAS,GUARNE,PSICOLOGIA - CARMEN DE VIBORAL,0.0015,1
YARUMAL,FACULTAD DE CIENCIAS SOCIALES Y HUMANAS,SANTA ROSA DE OSOS,PSICOLOGIA - YARUMAL,0.0014,1
ANDES,FACULTAD DE CIENCIAS SOCIALES Y HUMANAS,ANDES,PSICOLOGIA - ANDES,0.0014,1
APARTADO,FACULTAD DE CIENCIAS SOCIALES Y HUMANAS,APARTADO,PSICOLOGIA - URABA (APARTADO),0.0014,1
CARMENVI,FACULTAD DE CIENCIAS SOCIALES Y HUMANAS,RIONEGRO,PSICOLOGIA - CARMEN DE VIBORAL,0.0013,1
P-BERRIO,FACULTAD DE CIENCIAS SOCIALES Y HUMANAS,PUERTO BERRIO,PSICOLOGIA - PUERTO BERRIO,0.0013,1
ANDES,FACULTAD DE CIENCIAS SOCIALES Y HUMANAS,RIOSUCIO,PSICOLOGIA - ANDES,0.0013,1
YARUMAL,FACULTAD DE CIENCIAS SOCIALES Y HUMANAS,SANTA ROSA DE OSOS,PSICOLOGIA - YARUMAL,0.0013,1
YARUMAL,FACULTAD DE CIENCIAS SOCIALES Y HUMANAS,YARUMAL,PSICOLOGIA - YARUMAL,0.0013,1
CARMENVI,FACULTAD DE CIENCIAS SOCIALES Y HUMANAS,SIMACOTA,PSICOLOGIA - CARMEN DE VIBORAL,0.0013,1
YARUMAL,FACULTAD DE CIENCIAS SOCIALES Y HUMANAS,YARUMAL,PSICOLOGIA - YARUMAL,0.0013,1
ANDES,FACULTAD DE CIENCIAS SOCIALES Y HUMANAS,ANDES,PSICOLOGIA - ANDES,0.0012,1
STAFEANT,FACULTAD DE CIENCIAS SOCIALES Y HUMANAS,MANIZALES,PSICOLOGIA - SANTA FE DE ANTIOQUIA,0.0012,1
STAFEANT,FACULTAD DE CIENCIAS SOCIALES Y HUMANAS,MEDELLIN,PSICOLOGIA - SANTA FE DE ANTIOQUIA,0.0012,1
CARMENVI,FACULTAD DE CIENCIAS SOCIALES Y HUMANAS,MARINILLA,PSICOLOGIA - CARMEN DE VIBORAL,0.0012,1
APARTADO,FACULTAD DE CIENCIAS SOCIALES Y HUMANAS,CHIGORODO,PSICOLOGIA - URABA (APARTADO),0.0012,1
CARMENVI,FACULTAD DE CIENCIAS SOCIALES Y HUMANAS,EL SANTUARIO,PSICOLOGIA - CARMEN DE VIBORAL,0.0012,1
CARMENVI,FACULTAD DE CIENCIAS SOCIALES Y HUMANAS,RIONEGRO,PSICOLOGIA - CARMEN DE VIBORAL,0.0012,1
STAFEANT,FACULTAD DE CIENCIAS SOCIALES Y HUMANAS,SANTAFE DE ANTIOQUIA,PSICOLOGIA - SANTA FE DE ANTIOQUIA,0.0012,1
APARTADO,FACULTAD DE CIENCIAS SOCIALES Y HUMANAS,APARTADO,PSICOLOGIA - URABA (APARTADO),0.0012,1
YARUMAL,FACULTAD DE CIENCIAS SOCIALES Y HUMANAS,YARUMAL,PSICOLOGIA - YARUMAL,0.0012,1
CARMENVI,FACULTAD DE CIENCIAS SOCIALES Y HUMANAS,MARINILLA,PSICOLOGIA - CARMEN DE VIBORAL,0.0011,1
YARUMAL,FACULTAD DE CIENCIAS SOCIALES Y HUMANAS,YARUMAL,PSICOLOGIA - YARUMAL,0.0011,1
STAFEANT,FACULTAD DE CIENCIAS SOCIALES Y HUMANAS,MEDELLIN,PSICOLOGIA - SANTA FE DE ANTIOQUIA,0.0011,1
CARMENVI,FACULTAD DE CIENCIAS SOCIALES Y HUMANAS,LA CEJA,PSICOLOGIA - CARMEN DE VIBORAL,0.0011,1
ANDES,FACULTAD DE CIENCIAS SOCIALES Y HUMANAS,ANDES,PSICOLOGIA - ANDES,0.0011,1
CARMENVI,FACULTAD DE CIENCIAS SOCIALES Y HUMANAS,GUATAPE,PSICOLOGIA - CARMEN DE VIBORAL,0.0011,1
ANDES,FACULTAD DE CIENCIAS SOCIALES Y HUMANAS,JARDIN,PSICOLOGIA - ANDES,0.0011,1
YARUMAL,FACULTAD DE CIENCIAS SOCIALES Y HUMANAS,YARUMAL,PSICOLOGIA - YARUMAL,0.0011,1
APARTADO,FACULTAD DE CIENCIAS SOCIALES Y HUMANAS,CHIGORODO,PSICOLOGIA - URABA (APARTADO),0.0011,1
APARTADO,FACULTAD DE CIENCIAS SOCIALES Y HUMANAS,APARTADO,PSICOLOGIA - URABA (APARTADO),0.001,1
YARUMAL,FACULTAD DE CIENCIAS SOCIALES Y HUMANAS,YARUMAL,PSICOLOGIA - YARUMAL,0.001,1
STAFEANT,FACULTAD DE CIENCIAS SOCIALES Y HUMANAS,BELLO,PSICOLOGIA - SANTA FE DE ANTIOQUIA,0.001,1
ANDES,FACULTAD DE CIENCIAS SOCIALES Y HUMANAS,CIUDAD BOLIVAR,PSICOLOGIA - ANDES,0.001,1
APARTADO,FACULTAD DE CIENCIAS SOCIALES Y HUMANAS,APARTADO,PSICOLOGIA - URABA (APARTADO),0.001,1
APARTADO,FACULTAD DE CIENCIAS SOCIALES Y HUMANAS,APARTADO,PSICOLOGIA - URABA (APARTADO),0.001,1
APARTADO,FACULTAD DE CIENCIAS SOCIALES Y HUMANAS,APARTADO,PSICOLOGIA - URABA (APARTADO),0.0009,1
YARUMAL,FACULTAD DE CIENCIAS SOCIALES Y HUMANAS,YARUMAL,PSICOLOGIA - YARUMAL,0.0009,1
YARUMAL,FACULTAD DE CIENCIAS SOCIALES Y HUMANAS,YARUMAL,PSICOLOGIA - YARUMAL,0.0009,1
APARTADO,FACULTAD DE CIENCIAS SOCIALES Y HUMANAS,TURBO,PSICOLOGIA - URABA (APARTADO),0.0009,1
YARUMAL,FACULTAD DE CIENCIAS SOCIALES Y HUMANAS,LA CEJA,PSICOLOGIA - YARUMAL,0.0008,1
APARTADO,FACULTAD DE CIENCIAS SOCIALES Y HUMANAS,NECOCLI,PSICOLOGIA - URABA (APARTADO),0.0008,1
ANDES,FACULTAD DE CIENCIAS SOCIALES Y HUMANAS,BETULIA,PSICOLOGIA - ANDES,0.0008,1
YARUMAL,FACULTAD DE CIENCIAS SOCIALES Y HUMANAS,YARUMAL,PSICOLOGIA - YARUMAL,0.0008,1
ANDES,FACULTAD DE CIENCIAS SOCIALES Y HUMANAS,JARDIN,PSICOLOGIA - ANDES,0.0007,1
STAFEANT,FACULTAD DE CIENCIAS SOCIALES Y HUMANAS,SOPETRAN,PSICOLOGIA - SANTA FE DE ANTIOQUIA,0.0007,1
STAFEANT,FACULTAD DE CIENCIAS SOCIALES Y HUMANAS,AMALFI,PSICOLOGIA - SANTA FE DE ANTIOQUIA,0.0007,1
P-BERRIO,FACULTAD DE CIENCIAS SOCIALES Y HUMANAS,MEDELLIN,PSICOLOGIA - PUERTO BERRIO,0.0007,1
APARTADO,FACULTAD DE CIENCIAS SOCIALES Y HUMANAS,TURBO,PSICOLOGIA - URABA (APARTADO),0.0007,1
APARTADO,FACULTAD DE CIENCIAS SOCIALES Y HUMANAS,CHIGORODO,PSICOLOGIA - URABA (APARTADO),0.0006,1
ANDES,FACULTAD DE CIENCIAS SOCIALES Y HUMANAS,ANDES,PSICOLOGIA - ANDES,0.0006,1
STAFEANT,FACULTAD DE CIENCIAS SOCIALES Y HUMANAS,SAN JERONIMO,PSICOLOGIA - SANTA FE DE ANTIOQUIA,0.0006,1
STAFEANT,FACULTAD DE CIENCIAS SOCIALES Y HUMANAS,SANTAFE DE ANTIOQUIA,PSICOLOGIA - SANTA FE DE ANTIOQUIA,0.0006,1
STAFEANT,FACULTAD DE CIENCIAS SOCIALES Y HUMANAS,SOPETRAN,PSICOLOGIA - SANTA FE DE ANTIOQUIA,0.0006,1
STAFEANT,FACULTAD DE CIENCIAS SOCIALES Y HUMANAS,BELLO,PSICOLOGIA - SANTA FE DE ANTIOQUIA,0.0006,1
STAFEANT,FACULTAD DE CIENCIAS SOCIALES Y HUMANAS,SANTAFE DE ANTIOQUIA,PSICOLOGIA - SANTA FE DE ANTIOQUIA,0.0005,1
ANDES,FACULTAD DE CIENCIAS SOCIALES Y HUMANAS,FREDONIA,PSICOLOGIA - ANDES,0.0005,1
ANDES,FACULTAD DE CIENCIAS SOCIALES Y HUMANAS,ANDES,PSICOLOGIA - ANDES,0.0005,1
STAFEANT,FACULTAD DE CIENCIAS SOCIALES Y HUMANAS,SANTAFE DE ANTIOQUIA,PSICOLOGIA - SANTA FE DE ANTIOQUIA,0.0005,1
ANDES,FACULTAD DE CIENCIAS SOCIALES Y HUMANAS,ANDES,PSICOLOGIA - ANDES,0.0005,1
ANDES,FACULTAD DE CIENCIAS SOCIALES Y HUMANAS,ANDES,PSICOLOGIA - ANDES,0.0005,1
ANDES,FACULTAD DE CIENCIAS SOCIALES Y HUMANAS,ANDES,PSICOLOGIA - ANDES,0.0005,1
STAFEANT,FACULTAD DE CIENCIAS SOCIALES Y HUMANAS,SOPETRAN,PSICOLOGIA - SANTA FE DE ANTIOQUIA,0.0005,1
STAFEANT,FACULTAD DE CIENCIAS SOCIALES Y HUMANAS,SANTAFE DE ANTIOQUIA,PSICOLOGIA - SANTA FE DE ANTIOQUIA,0.0005,1
STAFEANT,FACULTAD DE CIENCIAS SOCIALES Y HUMANAS,LIBORINA,PSICOLOGIA - SANTA FE DE ANTIOQUIA,0.0005,1
ANDES,FACULTAD DE CIENCIAS SOCIALES Y HUMANAS,JARDIN,PSICOLOGIA - ANDES,0.0005,1
CARMENVI,FACULTAD DE CIENCIAS SOCIALES Y HUMANAS,LA UNION,PSICOLOGIA - CARMEN DE VIBORAL,0.0004,1
STAFEANT,FACULTAD DE CIENCIAS SOCIALES Y HUMANAS,SANTAFE DE ANTIOQUIA,PSICOLOGIA - SANTA FE DE ANTIOQUIA,0.0004,1
STAFEANT,FACULTAD DE CIENCIAS SOCIALES Y HUMANAS,SOPETRAN,PSICOLOGIA - SANTA FE DE ANTIOQUIA,0.0004,1
STAFEANT,FACULTAD DE CIENCIAS SOCIALES Y HUMANAS,SARAVENA,PSICOLOGIA - SANTA FE DE ANTIOQUIA,0.0004,1
ANDES,FACULTAD DE CIENCIAS SOCIALES Y HUMANAS,CIUDAD BOLIVAR,PSICOLOGIA - ANDES,0.0004,1
ANDES,FACULTAD DE CIENCIAS SOCIALES Y HUMANAS,CIUDAD BOLIVAR,PSICOLOGIA - ANDES,0.0004,1
ANDES,FACULTAD DE CIENCIAS SOCIALES Y HUMANAS,BELLO,PSICOLOGIA - ANDES,0.0001,1
